m,n,k,kernel,cache,trial,us,max_abs_error,relative_l2_error,weight_gbps
1,17408,5120,cublas_bf16,warm,0,812.122,0,0,219.497
1,17408,5120,cublas_bf16,warm,1,817.877,0,0,217.952
1,17408,5120,cublas_bf16,warm,2,812.51,0,0,219.392
1,17408,5120,cublas_bf16,evicted128MiB,0,806.294,0,0,221.083
1,17408,5120,cublas_bf16,evicted128MiB,1,776.352,0,0,229.61
1,17408,5120,cublas_bf16,evicted128MiB,2,775.544,0,0,229.849
1,17408,5120,qscb_bf16_out,warm,0,782.139,0,0,227.911
1,17408,5120,qscb_bf16_out,warm,1,769.004,0,0,231.804
1,17408,5120,qscb_bf16_out,warm,2,778.628,0,0,228.938
1,17408,5120,qscb_bf16_out,evicted128MiB,0,777.135,0,0,229.378
1,17408,5120,qscb_bf16_out,evicted128MiB,1,776.503,0,0,229.565
1,17408,5120,qscb_bf16_out,evicted128MiB,2,777.213,0,0,229.355
1,17408,5120,qscb_f32_out,warm,0,765.642,0,0,232.821
1,17408,5120,qscb_f32_out,warm,1,765.591,0,0,232.837
1,17408,5120,qscb_f32_out,warm,2,772.318,0,0,230.809
1,17408,5120,qscb_f32_out,evicted128MiB,0,775.466,0,0,229.872
1,17408,5120,qscb_f32_out,evicted128MiB,1,777.444,0,0,229.287
1,17408,5120,qscb_f32_out,evicted128MiB,2,776.386,0,0,229.6
1,17408,5120,w4a4_16_32_128_s1,warm,0,289.799,0,0,173
1,17408,5120,w4a4_16_32_128_s1,warm,1,299.62,0,0,167.329
1,17408,5120,w4a4_16_32_128_s1,warm,2,290.138,0,0,172.797
1,17408,5120,w4a4_16_32_128_s1,evicted128MiB,0,349.381,0,0,143.497
1,17408,5120,w4a4_16_32_128_s1,evicted128MiB,1,361.963,0,0,138.509
1,17408,5120,w4a4_16_32_128_s1,evicted128MiB,2,345.705,0,0,145.023
1,17408,5120,w4a4_16_64_128_s1,warm,0,287.67,0,0,174.28
1,17408,5120,w4a4_16_64_128_s1,warm,1,297.48,0,0,168.532
1,17408,5120,w4a4_16_64_128_s1,warm,2,288.046,0,0,174.052
1,17408,5120,w4a4_16_64_128_s1,evicted128MiB,0,355.195,0,0,141.148
1,17408,5120,w4a4_16_64_128_s1,evicted128MiB,1,353.239,0,0,141.929
1,17408,5120,w4a4_16_64_128_s1,evicted128MiB,2,361.389,0,0,138.729
1,17408,5120,w4a4_16_64_256_s1,warm,0,351.343,0,0,142.695
1,17408,5120,w4a4_16_64_256_s1,warm,1,342.034,0,0,146.579
1,17408,5120,w4a4_16_64_256_s1,warm,2,351.015,0,0,142.829
1,17408,5120,w4a4_16_64_256_s1,evicted128MiB,0,393.801,0,0,127.311
1,17408,5120,w4a4_16_64_256_s1,evicted128MiB,1,412.74,0,0,121.469
1,17408,5120,w4a4_16_64_256_s1,evicted128MiB,2,394.14,0,0,127.201
1,17408,5120,w4a4_16_32_128_s4,warm,0,300.194,0,0,167.009
1,17408,5120,w4a4_16_32_128_s4,warm,1,307.811,0,0,162.876
1,17408,5120,w4a4_16_32_128_s4,warm,2,291.48,0,0,172.001
1,17408,5120,w4a4_16_32_128_s4,evicted128MiB,0,385.714,0,0,129.98
1,17408,5120,w4a4_16_32_128_s4,evicted128MiB,1,346.37,0,0,144.744
1,17408,5120,w4a4_16_32_128_s4,evicted128MiB,2,346.059,0,0,144.874
1,17408,5120,w4a4_16_64_256_s4,warm,0,353.349,0,0,141.885
1,17408,5120,w4a4_16_64_256_s4,warm,1,358.507,0,0,139.844
1,17408,5120,w4a4_16_64_256_s4,warm,2,343.417,0,0,145.989
1,17408,5120,w4a4_16_64_256_s4,evicted128MiB,0,403.621,0,0,124.213
1,17408,5120,w4a4_16_64_256_s4,evicted128MiB,1,396.922,0,0,126.31
1,17408,5120,w4a4_16_64_256_s4,evicted128MiB,2,408.934,0,0,122.599
1,17408,5120,w4a16_16_32_128_s1,warm,0,334.591,0,0,149.84
1,17408,5120,w4a16_16_32_128_s1,warm,1,333.76,0,0,150.213
1,17408,5120,w4a16_16_32_128_s1,warm,2,328.323,0,0,152.7
1,17408,5120,w4a16_16_32_128_s1,evicted128MiB,0,419.923,0,0,119.391
1,17408,5120,w4a16_16_32_128_s1,evicted128MiB,1,381.91,0,0,131.274
1,17408,5120,w4a16_16_32_128_s1,evicted128MiB,2,392.836,0,0,127.623
1,17408,5120,w4a16_16_64_128_s1,warm,0,320.889,0,0,156.238
1,17408,5120,w4a16_16_64_128_s1,warm,1,319.988,0,0,156.678
1,17408,5120,w4a16_16_64_128_s1,warm,2,311.447,0,0,160.974
1,17408,5120,w4a16_16_64_128_s1,evicted128MiB,0,377.883,0,0,132.674
1,17408,5120,w4a16_16_64_128_s1,evicted128MiB,1,384.186,0,0,130.497
1,17408,5120,w4a16_16_64_128_s1,evicted128MiB,2,364.017,0,0,137.727
1,17408,5120,w4a16_16_64_256_s1,warm,0,379.431,0,0,132.132
1,17408,5120,w4a16_16_64_256_s1,warm,1,356.841,0,0,140.497
1,17408,5120,w4a16_16_64_256_s1,warm,2,348.915,0,0,143.688
1,17408,5120,w4a16_16_64_256_s1,evicted128MiB,0,411.204,0,0,121.922
1,17408,5120,w4a16_16_64_256_s1,evicted128MiB,1,428.026,0,0,117.131
1,17408,5120,w4a16_16_64_256_s1,evicted128MiB,2,389.663,0,0,128.663
1,17408,5120,w4a16_16_32_128_s4,warm,0,334.825,0,0,149.735
1,17408,5120,w4a16_16_32_128_s4,warm,1,338.143,0,0,148.266
1,17408,5120,w4a16_16_32_128_s4,warm,2,344.348,0,0,145.594
1,17408,5120,w4a16_16_32_128_s4,evicted128MiB,0,410.026,0,0,122.273
1,17408,5120,w4a16_16_32_128_s4,evicted128MiB,1,394.176,0,0,127.189
1,17408,5120,w4a16_16_32_128_s4,evicted128MiB,2,406.397,0,0,123.365
1,17408,5120,w4a16_16_64_256_s4,warm,0,349.841,0,0,143.308
1,17408,5120,w4a16_16_64_256_s4,warm,1,345.251,0,0,145.213
1,17408,5120,w4a16_16_64_256_s4,warm,2,346.579,0,0,144.657
1,17408,5120,w4a16_16_64_256_s4,evicted128MiB,0,414.611,0,0,120.921
1,17408,5120,w4a16_16_64_256_s4,evicted128MiB,1,423.495,0,0,118.384
1,17408,5120,w4a16_16_64_256_s4,evicted128MiB,2,420.382,0,0,119.261
1,17408,5120,w4a4_16_32_128_s1_aligned,warm,0,254.892,0,0,196.691
1,17408,5120,w4a4_16_32_128_s1_aligned,warm,1,254.86,0,0,196.716
1,17408,5120,w4a4_16_32_128_s1_aligned,warm,2,254.923,0,0,196.667
1,17408,5120,w4a4_16_32_128_s1_aligned,evicted128MiB,0,322.243,0,0,155.581
1,17408,5120,w4a4_16_32_128_s1_aligned,evicted128MiB,1,325.485,0,0,154.032
1,17408,5120,w4a4_16_32_128_s1_aligned,evicted128MiB,2,320.757,0,0,156.302
1,17408,5120,w4a4_16_64_256_s1_aligned,warm,0,245.748,0,0,204.01
1,17408,5120,w4a4_16_64_256_s1_aligned,warm,1,250.44,0,0,200.188
1,17408,5120,w4a4_16_64_256_s1_aligned,warm,2,243.874,0,0,205.578
1,17408,5120,w4a4_16_64_256_s1_aligned,evicted128MiB,0,302.477,0,0,165.748
1,17408,5120,w4a4_16_64_256_s1_aligned,evicted128MiB,1,302.423,0,0,165.778
1,17408,5120,w4a4_16_64_256_s1_aligned,evicted128MiB,2,298.822,0,0,167.775
1,17408,5120,w4a16_16_64_256_s1_aligned,warm,0,248.711,0,0,201.58
1,17408,5120,w4a16_16_64_256_s1_aligned,warm,1,252.311,0,0,198.703
1,17408,5120,w4a16_16_64_256_s1_aligned,warm,2,259.756,0,0,193.008
1,17408,5120,w4a16_16_64_256_s1_aligned,evicted128MiB,0,317.784,0,0,157.765
1,17408,5120,w4a16_16_64_256_s1_aligned,evicted128MiB,1,308.757,0,0,162.377
1,17408,5120,w4a16_16_64_256_s1_aligned,evicted128MiB,2,304.64,0,0,164.571
1,17408,5120,gemv_w4a16_m1_k512_w4,warm,0,250.131,0,0,200.435
1,17408,5120,gemv_w4a16_m1_k512_w4,warm,1,248.297,0,0,201.915
1,17408,5120,gemv_w4a16_m1_k512_w4,warm,2,249.527,0,0,200.92
1,17408,5120,gemv_w4a16_m1_k512_w4,evicted128MiB,0,291.245,0,0,172.141
1,17408,5120,gemv_w4a16_m1_k512_w4,evicted128MiB,1,290.61,0,0,172.517
1,17408,5120,gemv_w4a16_m1_k512_w4,evicted128MiB,2,301.366,0,0,166.359
1,17408,5120,gemv_w4a16_m1_k1024_w4,warm,0,237.269,0,0,211.3
1,17408,5120,gemv_w4a16_m1_k1024_w4,warm,1,244.488,0,0,205.061
1,17408,5120,gemv_w4a16_m1_k1024_w4,warm,2,239.654,0,0,209.197
1,17408,5120,gemv_w4a16_m1_k1024_w4,evicted128MiB,0,287.201,0,0,174.564
1,17408,5120,gemv_w4a16_m1_k1024_w4,evicted128MiB,1,280.512,0,0,178.727
1,17408,5120,gemv_w4a16_m1_k1024_w4,evicted128MiB,2,277.711,0,0,180.53
1,17408,5120,gemv_w4a16_m4_k512_w4,warm,0,308.744,0,0,162.384
1,17408,5120,gemv_w4a16_m4_k512_w4,warm,1,314.458,0,0,159.433
1,17408,5120,gemv_w4a16_m4_k512_w4,warm,2,307.433,0,0,163.076
1,17408,5120,gemv_w4a16_m4_k512_w4,evicted128MiB,0,355.406,0,0,141.064
1,17408,5120,gemv_w4a16_m4_k512_w4,evicted128MiB,1,344.565,0,0,145.502
1,17408,5120,gemv_w4a16_m4_k512_w4,evicted128MiB,2,358.527,0,0,139.836
1,17408,5120,gemv_w4a16_m16_k512_w8,warm,0,1149.49,0,0,43.6151
1,17408,5120,gemv_w4a16_m16_k512_w8,warm,1,1130.82,0,0,44.335
1,17408,5120,gemv_w4a16_m16_k512_w8,warm,2,1136.54,0,0,44.1122
1,17408,5120,gemv_w4a16_m16_k512_w8,evicted128MiB,0,1183.64,0,0,42.3568
1,17408,5120,gemv_w4a16_m16_k512_w8,evicted128MiB,1,1166.46,0,0,42.9804
1,17408,5120,gemv_w4a16_m16_k512_w8,evicted128MiB,2,1157.37,0,0,43.3182
2,17408,5120,cublas_bf16,warm,0,803.95,0,0,221.728
2,17408,5120,cublas_bf16,warm,1,786.911,0,0,226.529
2,17408,5120,cublas_bf16,warm,2,785.58,0,0,226.913
2,17408,5120,cublas_bf16,evicted128MiB,0,835.833,0,0,213.27
2,17408,5120,cublas_bf16,evicted128MiB,1,835.598,0,0,213.33
2,17408,5120,cublas_bf16,evicted128MiB,2,841.171,0,0,211.916
2,17408,5120,qscb_bf16_out,warm,0,824.881,0,0,216.101
2,17408,5120,qscb_bf16_out,warm,1,814.323,0,0,218.903
2,17408,5120,qscb_bf16_out,warm,2,818.041,0,0,217.908
2,17408,5120,qscb_bf16_out,evicted128MiB,0,854.688,0,0,208.565
2,17408,5120,qscb_bf16_out,evicted128MiB,1,834.342,0,0,213.651
2,17408,5120,qscb_bf16_out,evicted128MiB,2,835.998,0,0,213.228
2,17408,5120,qscb_f32_out,warm,0,784.75,0,0,227.152
2,17408,5120,qscb_f32_out,warm,1,814.129,0,0,218.955
2,17408,5120,qscb_f32_out,warm,2,792.963,0,0,224.8
2,17408,5120,qscb_f32_out,evicted128MiB,0,834.657,0,0,213.57
2,17408,5120,qscb_f32_out,evicted128MiB,1,854.38,0,0,208.64
2,17408,5120,qscb_f32_out,evicted128MiB,2,881.332,0,0,202.26
2,17408,5120,w4a4_16_32_128_s1,warm,0,301.249,0,0,166.424
2,17408,5120,w4a4_16_32_128_s1,warm,1,299.068,0,0,167.638
2,17408,5120,w4a4_16_32_128_s1,warm,2,298.432,0,0,167.995
2,17408,5120,w4a4_16_32_128_s1,evicted128MiB,0,377.184,0,0,132.919
2,17408,5120,w4a4_16_32_128_s1,evicted128MiB,1,382.185,0,0,131.18
2,17408,5120,w4a4_16_32_128_s1,evicted128MiB,2,358.393,0,0,139.889
2,17408,5120,w4a4_16_64_128_s1,warm,0,292.39,0,0,171.466
2,17408,5120,w4a4_16_64_128_s1,warm,1,301.33,0,0,166.379
2,17408,5120,w4a4_16_64_128_s1,warm,2,301.115,0,0,166.498
2,17408,5120,w4a4_16_64_128_s1,evicted128MiB,0,376.281,0,0,133.238
2,17408,5120,w4a4_16_64_128_s1,evicted128MiB,1,356.653,0,0,140.571
2,17408,5120,w4a4_16_64_128_s1,evicted128MiB,2,365.109,0,0,137.315
2,17408,5120,w4a4_16_64_256_s1,warm,0,364.665,0,0,137.483
2,17408,5120,w4a4_16_64_256_s1,warm,1,344.891,0,0,145.365
2,17408,5120,w4a4_16_64_256_s1,warm,2,362.258,0,0,138.396
2,17408,5120,w4a4_16_64_256_s1,evicted128MiB,0,394.778,0,0,126.996
2,17408,5120,w4a4_16_64_256_s1,evicted128MiB,1,418.12,0,0,119.906
2,17408,5120,w4a4_16_64_256_s1,evicted128MiB,2,394.647,0,0,127.038
2,17408,5120,w4a4_16_32_128_s4,warm,0,293.569,0,0,170.778
2,17408,5120,w4a4_16_32_128_s4,warm,1,303.02,0,0,165.451
2,17408,5120,w4a4_16_32_128_s4,warm,2,293.927,0,0,170.57
2,17408,5120,w4a4_16_32_128_s4,evicted128MiB,0,388.756,0,0,128.963
2,17408,5120,w4a4_16_32_128_s4,evicted128MiB,1,346.814,0,0,144.559
2,17408,5120,w4a4_16_32_128_s4,evicted128MiB,2,346.129,0,0,144.845
2,17408,5120,w4a4_16_64_256_s4,warm,0,359.842,0,0,139.325
2,17408,5120,w4a4_16_64_256_s4,warm,1,358.243,0,0,139.947
2,17408,5120,w4a4_16_64_256_s4,warm,2,360.076,0,0,139.235
2,17408,5120,w4a4_16_64_256_s4,evicted128MiB,0,431.593,0,0,116.163
2,17408,5120,w4a4_16_64_256_s4,evicted128MiB,1,427.542,0,0,117.263
2,17408,5120,w4a4_16_64_256_s4,evicted128MiB,2,423.139,0,0,118.484
2,17408,5120,w4a16_16_32_128_s1,warm,0,354.394,0,0,141.467
2,17408,5120,w4a16_16_32_128_s1,warm,1,344.656,0,0,145.464
2,17408,5120,w4a16_16_32_128_s1,warm,2,334.692,0,0,149.794
2,17408,5120,w4a16_16_32_128_s1,evicted128MiB,0,402.123,0,0,124.676
2,17408,5120,w4a16_16_32_128_s1,evicted128MiB,1,406.026,0,0,123.478
2,17408,5120,w4a16_16_32_128_s1,evicted128MiB,2,403.539,0,0,124.238
2,17408,5120,w4a16_16_64_128_s1,warm,0,325.005,0,0,154.259
2,17408,5120,w4a16_16_64_128_s1,warm,1,337.764,0,0,148.432
2,17408,5120,w4a16_16_64_128_s1,warm,2,318.539,0,0,157.391
2,17408,5120,w4a16_16_64_128_s1,evicted128MiB,0,381.098,0,0,131.554
2,17408,5120,w4a16_16_64_128_s1,evicted128MiB,1,392.388,0,0,127.769
2,17408,5120,w4a16_16_64_128_s1,evicted128MiB,2,384.683,0,0,130.328
2,17408,5120,w4a16_16_64_256_s1,warm,0,349.643,0,0,143.389
2,17408,5120,w4a16_16_64_256_s1,warm,1,349.438,0,0,143.473
2,17408,5120,w4a16_16_64_256_s1,warm,2,349.367,0,0,143.502
2,17408,5120,w4a16_16_64_256_s1,evicted128MiB,0,416.047,0,0,120.503
2,17408,5120,w4a16_16_64_256_s1,evicted128MiB,1,400.075,0,0,125.314
2,17408,5120,w4a16_16_64_256_s1,evicted128MiB,2,390.3,0,0,128.453
2,17408,5120,w4a16_16_32_128_s4,warm,0,337.856,0,0,148.392
2,17408,5120,w4a16_16_32_128_s4,warm,1,336.986,0,0,148.775
2,17408,5120,w4a16_16_32_128_s4,warm,2,337.754,0,0,148.437
2,17408,5120,w4a16_16_32_128_s4,evicted128MiB,0,396.608,0,0,126.41
2,17408,5120,w4a16_16_32_128_s4,evicted128MiB,1,396.18,0,0,126.546
2,17408,5120,w4a16_16_32_128_s4,evicted128MiB,2,398.405,0,0,125.839
2,17408,5120,w4a16_16_64_256_s4,warm,0,365.351,0,0,137.224
2,17408,5120,w4a16_16_64_256_s4,warm,1,356.944,0,0,140.456
2,17408,5120,w4a16_16_64_256_s4,warm,2,356.864,0,0,140.488
2,17408,5120,w4a16_16_64_256_s4,evicted128MiB,0,409.549,0,0,122.415
2,17408,5120,w4a16_16_64_256_s4,evicted128MiB,1,398.388,0,0,125.845
2,17408,5120,w4a16_16_64_256_s4,evicted128MiB,2,418.062,0,0,119.923
2,17408,5120,w4a4_16_32_128_s1_aligned,warm,0,257.36,0,0,194.805
2,17408,5120,w4a4_16_32_128_s1_aligned,warm,1,256.336,0,0,195.584
2,17408,5120,w4a4_16_32_128_s1_aligned,warm,2,255.905,0,0,195.912
2,17408,5120,w4a4_16_32_128_s1_aligned,evicted128MiB,0,322.615,0,0,155.402
2,17408,5120,w4a4_16_32_128_s1_aligned,evicted128MiB,1,331.195,0,0,151.376
2,17408,5120,w4a4_16_32_128_s1_aligned,evicted128MiB,2,314.908,0,0,159.205
2,17408,5120,w4a4_16_64_256_s1_aligned,warm,0,245.543,0,0,204.181
2,17408,5120,w4a4_16_64_256_s1_aligned,warm,1,237.965,0,0,210.682
2,17408,5120,w4a4_16_64_256_s1_aligned,warm,2,237.586,0,0,211.018
2,17408,5120,w4a4_16_64_256_s1_aligned,evicted128MiB,0,293.274,0,0,170.95
2,17408,5120,w4a4_16_64_256_s1_aligned,evicted128MiB,1,294.015,0,0,170.519
2,17408,5120,w4a4_16_64_256_s1_aligned,evicted128MiB,2,299.306,0,0,167.504
2,17408,5120,w4a16_16_64_256_s1_aligned,warm,0,243.169,0,0,206.173
2,17408,5120,w4a16_16_64_256_s1_aligned,warm,1,244.334,0,0,205.19
2,17408,5120,w4a16_16_64_256_s1_aligned,warm,2,244.633,0,0,204.94
2,17408,5120,w4a16_16_64_256_s1_aligned,evicted128MiB,0,298.943,0,0,167.708
2,17408,5120,w4a16_16_64_256_s1_aligned,evicted128MiB,1,292.676,0,0,171.299
2,17408,5120,w4a16_16_64_256_s1_aligned,evicted128MiB,2,292.627,0,0,171.327
2,17408,5120,gemv_w4a16_m1_k512_w4,warm,0,330.278,0,0,151.796
2,17408,5120,gemv_w4a16_m1_k512_w4,warm,1,336.034,0,0,149.197
2,17408,5120,gemv_w4a16_m1_k512_w4,warm,2,335.746,0,0,149.324
2,17408,5120,gemv_w4a16_m1_k512_w4,evicted128MiB,0,388.269,0,0,129.125
2,17408,5120,gemv_w4a16_m1_k512_w4,evicted128MiB,1,369.358,0,0,135.736
2,17408,5120,gemv_w4a16_m1_k512_w4,evicted128MiB,2,354.116,0,0,141.578
2,17408,5120,gemv_w4a16_m1_k1024_w4,warm,0,235.336,0,0,213.036
2,17408,5120,gemv_w4a16_m1_k1024_w4,warm,1,245.133,0,0,204.522
2,17408,5120,gemv_w4a16_m1_k1024_w4,warm,2,234.585,0,0,213.718
2,17408,5120,gemv_w4a16_m1_k1024_w4,evicted128MiB,0,304.23,0,0,164.793
2,17408,5120,gemv_w4a16_m1_k1024_w4,evicted128MiB,1,294.945,0,0,169.981
2,17408,5120,gemv_w4a16_m1_k1024_w4,evicted128MiB,2,300.082,0,0,167.071
2,17408,5120,gemv_w4a16_m4_k512_w4,warm,0,302.019,0,0,166
2,17408,5120,gemv_w4a16_m4_k512_w4,warm,1,303.695,0,0,165.083
2,17408,5120,gemv_w4a16_m4_k512_w4,warm,2,296.313,0,0,169.196
2,17408,5120,gemv_w4a16_m4_k512_w4,evicted128MiB,0,362.815,0,0,138.183
2,17408,5120,gemv_w4a16_m4_k512_w4,evicted128MiB,1,358.231,0,0,139.952
2,17408,5120,gemv_w4a16_m4_k512_w4,evicted128MiB,2,331.696,0,0,151.148
2,17408,5120,gemv_w4a16_m16_k512_w8,warm,0,1157.78,0,0,43.3026
2,17408,5120,gemv_w4a16_m16_k512_w8,warm,1,1137.75,0,0,44.0652
2,17408,5120,gemv_w4a16_m16_k512_w8,warm,2,1131.39,0,0,44.3126
2,17408,5120,gemv_w4a16_m16_k512_w8,evicted128MiB,0,1210.25,0,0,41.4255
2,17408,5120,gemv_w4a16_m16_k512_w8,evicted128MiB,1,1180.82,0,0,42.4577
2,17408,5120,gemv_w4a16_m16_k512_w8,evicted128MiB,2,1185.8,0,0,42.2795
4,17408,5120,cublas_bf16,warm,0,806.603,0,0,220.998
4,17408,5120,cublas_bf16,warm,1,793.413,0,0,224.672
4,17408,5120,cublas_bf16,warm,2,787.073,0,0,226.482
4,17408,5120,cublas_bf16,evicted128MiB,0,836.572,0,0,213.081
4,17408,5120,cublas_bf16,evicted128MiB,1,842.003,0,0,211.707
4,17408,5120,cublas_bf16,evicted128MiB,2,836.938,0,0,212.988
4,17408,5120,qscb_bf16_out,warm,0,785.754,0,0,226.862
4,17408,5120,qscb_bf16_out,warm,1,786.122,0,0,226.756
4,17408,5120,qscb_bf16_out,warm,2,785.662,0,0,226.889
4,17408,5120,qscb_bf16_out,evicted128MiB,0,835.681,0,0,213.309
4,17408,5120,qscb_bf16_out,evicted128MiB,1,834.819,0,0,213.529
4,17408,5120,qscb_bf16_out,evicted128MiB,2,842.938,0,0,211.472
4,17408,5120,qscb_f32_out,warm,0,813.134,0,0,219.223
4,17408,5120,qscb_f32_out,warm,1,787.586,0,0,226.335
4,17408,5120,qscb_f32_out,warm,2,788.621,0,0,226.037
4,17408,5120,qscb_f32_out,evicted128MiB,0,835.89,0,0,213.255
4,17408,5120,qscb_f32_out,evicted128MiB,1,836.579,0,0,213.08
4,17408,5120,qscb_f32_out,evicted128MiB,2,835.272,0,0,213.413
4,17408,5120,w4a4_16_32_128_s1,warm,0,292.76,0,0,171.25
4,17408,5120,w4a4_16_32_128_s1,warm,1,311.1,0,0,161.154
4,17408,5120,w4a4_16_32_128_s1,warm,2,292.534,0,0,171.382
4,17408,5120,w4a4_16_32_128_s1,evicted128MiB,0,396.098,0,0,126.572
4,17408,5120,w4a4_16_32_128_s1,evicted128MiB,1,371.061,0,0,135.113
4,17408,5120,w4a4_16_32_128_s1,evicted128MiB,2,371.753,0,0,134.861
4,17408,5120,w4a4_16_64_128_s1,warm,0,296.364,0,0,169.167
4,17408,5120,w4a4_16_64_128_s1,warm,1,304.566,0,0,164.611
4,17408,5120,w4a4_16_64_128_s1,warm,2,304.208,0,0,164.805
4,17408,5120,w4a4_16_64_128_s1,evicted128MiB,0,384.22,0,0,130.485
4,17408,5120,w4a4_16_64_128_s1,evicted128MiB,1,367.026,0,0,136.598
4,17408,5120,w4a4_16_64_128_s1,evicted128MiB,2,366.195,0,0,136.908
4,17408,5120,w4a4_16_64_256_s1,warm,0,362.473,0,0,138.314
4,17408,5120,w4a4_16_64_256_s1,warm,1,350.32,0,0,143.112
4,17408,5120,w4a4_16_64_256_s1,warm,2,354.27,0,0,141.516
4,17408,5120,w4a4_16_64_256_s1,evicted128MiB,0,460.967,0,0,108.76
4,17408,5120,w4a4_16_64_256_s1,evicted128MiB,1,426.139,0,0,117.65
4,17408,5120,w4a4_16_64_256_s1,evicted128MiB,2,411.375,0,0,121.872
4,17408,5120,w4a4_16_32_128_s4,warm,0,312.195,0,0,160.589
4,17408,5120,w4a4_16_32_128_s4,warm,1,312.523,0,0,160.421
4,17408,5120,w4a4_16_32_128_s4,warm,2,312.348,0,0,160.51
4,17408,5120,w4a4_16_32_128_s4,evicted128MiB,0,369.616,0,0,135.641
4,17408,5120,w4a4_16_32_128_s4,evicted128MiB,1,354.047,0,0,141.606
4,17408,5120,w4a4_16_32_128_s4,evicted128MiB,2,355.746,0,0,140.929
4,17408,5120,w4a4_16_64_256_s4,warm,0,367.022,0,0,136.6
4,17408,5120,w4a4_16_64_256_s4,warm,1,360.855,0,0,138.934
4,17408,5120,w4a4_16_64_256_s4,warm,2,351.568,0,0,142.604
4,17408,5120,w4a4_16_64_256_s4,evicted128MiB,0,434.855,0,0,115.291
4,17408,5120,w4a4_16_64_256_s4,evicted128MiB,1,401.546,0,0,124.855
4,17408,5120,w4a4_16_64_256_s4,evicted128MiB,2,420.238,0,0,119.302
4,17408,5120,w4a16_16_32_128_s1,warm,0,337.303,0,0,148.635
4,17408,5120,w4a16_16_32_128_s1,warm,1,336.821,0,0,148.848
4,17408,5120,w4a16_16_32_128_s1,warm,2,337.908,0,0,148.369
4,17408,5120,w4a16_16_32_128_s1,evicted128MiB,0,395.554,0,0,126.746
4,17408,5120,w4a16_16_32_128_s1,evicted128MiB,1,391.235,0,0,128.146
4,17408,5120,w4a16_16_32_128_s1,evicted128MiB,2,382.044,0,0,131.229
4,17408,5120,w4a16_16_64_128_s1,warm,0,324.218,0,0,154.634
4,17408,5120,w4a16_16_64_128_s1,warm,1,321.554,0,0,155.915
4,17408,5120,w4a16_16_64_128_s1,warm,2,321.402,0,0,155.989
4,17408,5120,w4a16_16_64_128_s1,evicted128MiB,0,379.549,0,0,132.091
4,17408,5120,w4a16_16_64_128_s1,evicted128MiB,1,397.887,0,0,126.003
4,17408,5120,w4a16_16_64_128_s1,evicted128MiB,2,374.25,0,0,133.961
4,17408,5120,w4a16_16_64_256_s1,warm,0,357.15,0,0,140.375
4,17408,5120,w4a16_16_64_256_s1,warm,1,343.908,0,0,145.781
4,17408,5120,w4a16_16_64_256_s1,warm,2,352.54,0,0,142.211
4,17408,5120,w4a16_16_64_256_s1,evicted128MiB,0,398.942,0,0,125.67
4,17408,5120,w4a16_16_64_256_s1,evicted128MiB,1,392.768,0,0,127.645
4,17408,5120,w4a16_16_64_256_s1,evicted128MiB,2,394.429,0,0,127.108
4,17408,5120,w4a16_16_32_128_s4,warm,0,342.424,0,0,146.412
4,17408,5120,w4a16_16_32_128_s4,warm,1,351.926,0,0,142.459
4,17408,5120,w4a16_16_32_128_s4,warm,2,342.331,0,0,146.452
4,17408,5120,w4a16_16_32_128_s4,evicted128MiB,0,404.433,0,0,123.964
4,17408,5120,w4a16_16_32_128_s4,evicted128MiB,1,411.459,0,0,121.847
4,17408,5120,w4a16_16_32_128_s4,evicted128MiB,2,386.127,0,0,129.841
4,17408,5120,w4a16_16_64_256_s4,warm,0,362.238,0,0,138.404
4,17408,5120,w4a16_16_64_256_s4,warm,1,363.129,0,0,138.064
4,17408,5120,w4a16_16_64_256_s4,warm,2,363.241,0,0,138.021
4,17408,5120,w4a16_16_64_256_s4,evicted128MiB,0,408.24,0,0,122.808
4,17408,5120,w4a16_16_64_256_s4,evicted128MiB,1,423.905,0,0,118.27
4,17408,5120,w4a16_16_64_256_s4,evicted128MiB,2,401.596,0,0,124.84
4,17408,5120,w4a4_16_32_128_s1_aligned,warm,0,267.036,0,0,187.747
4,17408,5120,w4a4_16_32_128_s1_aligned,warm,1,258.682,0,0,193.81
4,17408,5120,w4a4_16_32_128_s1_aligned,warm,2,258.199,0,0,194.172
4,17408,5120,w4a4_16_32_128_s1_aligned,evicted128MiB,0,336.601,0,0,148.945
4,17408,5120,w4a4_16_32_128_s1_aligned,evicted128MiB,1,318.534,0,0,157.393
4,17408,5120,w4a4_16_32_128_s1_aligned,evicted128MiB,2,314.096,0,0,159.617
4,17408,5120,w4a4_16_64_256_s1_aligned,warm,0,240.044,0,0,208.858
4,17408,5120,w4a4_16_64_256_s1_aligned,warm,1,239.757,0,0,209.108
4,17408,5120,w4a4_16_64_256_s1_aligned,warm,2,239.624,0,0,209.224
4,17408,5120,w4a4_16_64_256_s1_aligned,evicted128MiB,0,302.853,0,0,165.542
4,17408,5120,w4a4_16_64_256_s1_aligned,evicted128MiB,1,293.289,0,0,170.941
4,17408,5120,w4a4_16_64_256_s1_aligned,evicted128MiB,2,294.561,0,0,170.203
4,17408,5120,w4a16_16_64_256_s1_aligned,warm,0,245.763,0,0,203.998
4,17408,5120,w4a16_16_64_256_s1_aligned,warm,1,246.444,0,0,203.434
4,17408,5120,w4a16_16_64_256_s1_aligned,warm,2,241.694,0,0,207.432
4,17408,5120,w4a16_16_64_256_s1_aligned,evicted128MiB,0,308.486,0,0,162.519
4,17408,5120,w4a16_16_64_256_s1_aligned,evicted128MiB,1,293.518,0,0,170.807
4,17408,5120,w4a16_16_64_256_s1_aligned,evicted128MiB,2,293.67,0,0,170.719
4,17408,5120,gemv_w4a16_m1_k512_w4,warm,0,591.01,0,0,84.8294
4,17408,5120,gemv_w4a16_m1_k512_w4,warm,1,590.946,0,0,84.8386
4,17408,5120,gemv_w4a16_m1_k512_w4,warm,2,583.657,0,0,85.8981
4,17408,5120,gemv_w4a16_m1_k512_w4,evicted128MiB,0,630.118,0,0,79.5645
4,17408,5120,gemv_w4a16_m1_k512_w4,evicted128MiB,1,644.356,0,0,77.8064
4,17408,5120,gemv_w4a16_m1_k512_w4,evicted128MiB,2,631.685,0,0,79.3671
4,17408,5120,gemv_w4a16_m1_k1024_w4,warm,0,378.181,0,0,132.569
4,17408,5120,gemv_w4a16_m1_k1024_w4,warm,1,378.427,0,0,132.483
4,17408,5120,gemv_w4a16_m1_k1024_w4,warm,2,381.008,0,0,131.585
4,17408,5120,gemv_w4a16_m1_k1024_w4,evicted128MiB,0,414.82,0,0,120.86
4,17408,5120,gemv_w4a16_m1_k1024_w4,evicted128MiB,1,408.662,0,0,122.681
4,17408,5120,gemv_w4a16_m1_k1024_w4,evicted128MiB,2,425.119,0,0,117.932
4,17408,5120,gemv_w4a16_m4_k512_w4,warm,0,305.099,0,0,164.324
4,17408,5120,gemv_w4a16_m4_k512_w4,warm,1,307.443,0,0,163.071
4,17408,5120,gemv_w4a16_m4_k512_w4,warm,2,306.819,0,0,163.403
4,17408,5120,gemv_w4a16_m4_k512_w4,evicted128MiB,0,359.738,0,0,139.366
4,17408,5120,gemv_w4a16_m4_k512_w4,evicted128MiB,1,355.302,0,0,141.105
4,17408,5120,gemv_w4a16_m4_k512_w4,evicted128MiB,2,357.82,0,0,140.113
4,17408,5120,gemv_w4a16_m16_k512_w8,warm,0,1154.47,0,0,43.4271
4,17408,5120,gemv_w4a16_m16_k512_w8,warm,1,1134.3,0,0,44.199
4,17408,5120,gemv_w4a16_m16_k512_w8,warm,2,1134.34,0,0,44.1974
4,17408,5120,gemv_w4a16_m16_k512_w8,evicted128MiB,0,1181.08,0,0,42.4485
4,17408,5120,gemv_w4a16_m16_k512_w8,evicted128MiB,1,1198.55,0,0,41.8299
4,17408,5120,gemv_w4a16_m16_k512_w8,evicted128MiB,2,1150.14,0,0,43.5904
5,17408,5120,cublas_bf16,warm,0,800.295,0,0,222.74
5,17408,5120,cublas_bf16,warm,1,791.612,0,0,225.183
5,17408,5120,cublas_bf16,warm,2,788.181,0,0,226.164
5,17408,5120,cublas_bf16,evicted128MiB,0,850.759,0,0,209.528
5,17408,5120,cublas_bf16,evicted128MiB,1,836.542,0,0,213.089
5,17408,5120,cublas_bf16,evicted128MiB,2,839.227,0,0,212.407
5,17408,5120,qscb_bf16_out,warm,0,786.655,0,0,226.602
5,17408,5120,qscb_bf16_out,warm,1,786.03,0,0,226.782
5,17408,5120,qscb_bf16_out,warm,2,786.256,0,0,226.718
5,17408,5120,qscb_bf16_out,evicted128MiB,0,835.603,0,0,213.328
5,17408,5120,qscb_bf16_out,evicted128MiB,1,835.485,0,0,213.359
5,17408,5120,qscb_bf16_out,evicted128MiB,2,850.285,0,0,209.645
5,17408,5120,qscb_f32_out,warm,0,794.469,0,0,224.374
5,17408,5120,qscb_f32_out,warm,1,789.614,0,0,225.753
5,17408,5120,qscb_f32_out,warm,2,789.276,0,0,225.85
5,17408,5120,qscb_f32_out,evicted128MiB,0,838.768,0,0,212.523
5,17408,5120,qscb_f32_out,evicted128MiB,1,838.094,0,0,212.694
5,17408,5120,qscb_f32_out,evicted128MiB,2,845.995,0,0,210.708
5,17408,5120,w4a4_16_32_128_s1,warm,0,302.231,0,0,165.883
5,17408,5120,w4a4_16_32_128_s1,warm,1,298.014,0,0,168.231
5,17408,5120,w4a4_16_32_128_s1,warm,2,292.021,0,0,171.683
5,17408,5120,w4a4_16_32_128_s1,evicted128MiB,0,408.876,0,0,122.617
5,17408,5120,w4a4_16_32_128_s1,evicted128MiB,1,384.443,0,0,130.41
5,17408,5120,w4a4_16_32_128_s1,evicted128MiB,2,391.232,0,0,128.147
5,17408,5120,w4a4_16_64_128_s1,warm,0,292.953,0,0,171.137
5,17408,5120,w4a4_16_64_128_s1,warm,1,301.873,0,0,166.08
5,17408,5120,w4a4_16_64_128_s1,warm,2,302.396,0,0,165.792
5,17408,5120,w4a4_16_64_128_s1,evicted128MiB,0,389.823,0,0,128.61
5,17408,5120,w4a4_16_64_128_s1,evicted128MiB,1,370.101,0,0,135.463
5,17408,5120,w4a4_16_64_128_s1,evicted128MiB,2,386.746,0,0,129.633
5,17408,5120,w4a4_16_64_256_s1,warm,0,355.44,0,0,141.051
5,17408,5120,w4a4_16_64_256_s1,warm,1,355.551,0,0,141.007
5,17408,5120,w4a4_16_64_256_s1,warm,2,354.823,0,0,141.296
5,17408,5120,w4a4_16_64_256_s1,evicted128MiB,0,413.229,0,0,121.325
5,17408,5120,w4a4_16_64_256_s1,evicted128MiB,1,397.268,0,0,126.199
5,17408,5120,w4a4_16_64_256_s1,evicted128MiB,2,397.769,0,0,126.041
5,17408,5120,w4a4_16_32_128_s4,warm,0,324.575,0,0,154.464
5,17408,5120,w4a4_16_32_128_s4,warm,1,306.092,0,0,163.791
5,17408,5120,w4a4_16_32_128_s4,warm,2,315.523,0,0,158.895
5,17408,5120,w4a4_16_32_128_s4,evicted128MiB,0,362.787,0,0,138.194
5,17408,5120,w4a4_16_32_128_s4,evicted128MiB,1,381.693,0,0,131.349
5,17408,5120,w4a4_16_32_128_s4,evicted128MiB,2,374.302,0,0,133.943
5,17408,5120,w4a4_16_64_256_s4,warm,0,356.207,0,0,140.747
5,17408,5120,w4a4_16_64_256_s4,warm,1,356.261,0,0,140.726
5,17408,5120,w4a4_16_64_256_s4,warm,2,357.225,0,0,140.346
5,17408,5120,w4a4_16_64_256_s4,evicted128MiB,0,420.682,0,0,119.176
5,17408,5120,w4a4_16_64_256_s4,evicted128MiB,1,419.334,0,0,119.559
5,17408,5120,w4a4_16_64_256_s4,evicted128MiB,2,404.039,0,0,124.085
5,17408,5120,w4a16_16_32_128_s1,warm,0,346.907,0,0,144.52
5,17408,5120,w4a16_16_32_128_s1,warm,1,339.167,0,0,147.818
5,17408,5120,w4a16_16_32_128_s1,warm,2,337.621,0,0,148.495
5,17408,5120,w4a16_16_32_128_s1,evicted128MiB,0,403.419,0,0,124.275
5,17408,5120,w4a16_16_32_128_s1,evicted128MiB,1,383.525,0,0,130.722
5,17408,5120,w4a16_16_32_128_s1,evicted128MiB,2,398.645,0,0,125.764
5,17408,5120,w4a16_16_64_128_s1,warm,0,323.499,0,0,154.977
5,17408,5120,w4a16_16_64_128_s1,warm,1,330.495,0,0,151.697
5,17408,5120,w4a16_16_64_128_s1,warm,2,314.887,0,0,159.216
5,17408,5120,w4a16_16_64_128_s1,evicted128MiB,0,373.522,0,0,134.222
5,17408,5120,w4a16_16_64_128_s1,evicted128MiB,1,368.173,0,0,136.173
5,17408,5120,w4a16_16_64_128_s1,evicted128MiB,2,391.631,0,0,128.016
5,17408,5120,w4a16_16_64_256_s1,warm,0,373.872,0,0,134.097
5,17408,5120,w4a16_16_64_256_s1,warm,1,364.972,0,0,137.367
5,17408,5120,w4a16_16_64_256_s1,warm,2,366.539,0,0,136.779
5,17408,5120,w4a16_16_64_256_s1,evicted128MiB,0,423.586,0,0,118.359
5,17408,5120,w4a16_16_64_256_s1,evicted128MiB,1,395.233,0,0,126.849
5,17408,5120,w4a16_16_64_256_s1,evicted128MiB,2,394.459,0,0,127.098
5,17408,5120,w4a16_16_32_128_s4,warm,0,341.456,0,0,146.827
5,17408,5120,w4a16_16_32_128_s4,warm,1,356.575,0,0,140.602
5,17408,5120,w4a16_16_32_128_s4,warm,2,346.079,0,0,144.866
5,17408,5120,w4a16_16_32_128_s4,evicted128MiB,0,414.776,0,0,120.872
5,17408,5120,w4a16_16_32_128_s4,evicted128MiB,1,399.084,0,0,125.625
5,17408,5120,w4a16_16_32_128_s4,evicted128MiB,2,400.727,0,0,125.11
5,17408,5120,w4a16_16_64_256_s4,warm,0,372.529,0,0,134.58
5,17408,5120,w4a16_16_64_256_s4,warm,1,366.264,0,0,136.882
5,17408,5120,w4a16_16_64_256_s4,warm,2,365.434,0,0,137.193
5,17408,5120,w4a16_16_64_256_s4,evicted128MiB,0,433.685,0,0,115.602
5,17408,5120,w4a16_16_64_256_s4,evicted128MiB,1,436.415,0,0,114.879
5,17408,5120,w4a16_16_64_256_s4,evicted128MiB,2,422.068,0,0,118.784
5,17408,5120,w4a4_16_32_128_s1_aligned,warm,0,259.572,0,0,193.145
5,17408,5120,w4a4_16_32_128_s1_aligned,warm,1,259.285,0,0,193.359
5,17408,5120,w4a4_16_32_128_s1_aligned,warm,2,259.213,0,0,193.412
5,17408,5120,w4a4_16_32_128_s1_aligned,evicted128MiB,0,325.872,0,0,153.849
5,17408,5120,w4a4_16_32_128_s1_aligned,evicted128MiB,1,319.328,0,0,157.002
5,17408,5120,w4a4_16_32_128_s1_aligned,evicted128MiB,2,313.746,0,0,159.795
5,17408,5120,w4a4_16_64_256_s1_aligned,warm,0,246.548,0,0,203.348
5,17408,5120,w4a4_16_64_256_s1_aligned,warm,1,240.699,0,0,208.289
5,17408,5120,w4a4_16_64_256_s1_aligned,warm,2,240.412,0,0,208.538
5,17408,5120,w4a4_16_64_256_s1_aligned,evicted128MiB,0,296.294,0,0,169.207
5,17408,5120,w4a4_16_64_256_s1_aligned,evicted128MiB,1,294.339,0,0,170.331
5,17408,5120,w4a4_16_64_256_s1_aligned,evicted128MiB,2,294.637,0,0,170.159
5,17408,5120,w4a16_16_64_256_s1_aligned,warm,0,239.972,0,0,208.92
5,17408,5120,w4a16_16_64_256_s1_aligned,warm,1,246.229,0,0,203.612
5,17408,5120,w4a16_16_64_256_s1_aligned,warm,2,241.108,0,0,207.936
5,17408,5120,w4a16_16_64_256_s1_aligned,evicted128MiB,0,304.745,0,0,164.515
5,17408,5120,w4a16_16_64_256_s1_aligned,evicted128MiB,1,301.396,0,0,166.343
5,17408,5120,w4a16_16_64_256_s1_aligned,evicted128MiB,2,293.268,0,0,170.953
5,17408,5120,gemv_w4a16_m1_k512_w4,warm,0,729.507,0,0,68.7246
5,17408,5120,gemv_w4a16_m1_k512_w4,warm,1,722.737,0,0,69.3683
5,17408,5120,gemv_w4a16_m1_k512_w4,warm,2,715.323,0,0,70.0873
5,17408,5120,gemv_w4a16_m1_k512_w4,evicted128MiB,0,785.233,0,0,63.8473
5,17408,5120,gemv_w4a16_m1_k512_w4,evicted128MiB,1,739.688,0,0,67.7786
5,17408,5120,gemv_w4a16_m1_k512_w4,evicted128MiB,2,752.673,0,0,66.6093
5,17408,5120,gemv_w4a16_m1_k1024_w4,warm,0,453.947,0,0,110.442
5,17408,5120,gemv_w4a16_m1_k1024_w4,warm,1,456.2,0,0,109.897
5,17408,5120,gemv_w4a16_m1_k1024_w4,warm,2,457.408,0,0,109.607
5,17408,5120,gemv_w4a16_m1_k1024_w4,evicted128MiB,0,507.2,0,0,98.8467
5,17408,5120,gemv_w4a16_m1_k1024_w4,evicted128MiB,1,473.123,0,0,105.966
5,17408,5120,gemv_w4a16_m1_k1024_w4,evicted128MiB,2,481.353,0,0,104.155
5,17408,5120,gemv_w4a16_m4_k512_w4,warm,0,545.401,0,0,91.9233
5,17408,5120,gemv_w4a16_m4_k512_w4,warm,1,540.997,0,0,92.6715
5,17408,5120,gemv_w4a16_m4_k512_w4,warm,2,536.471,0,0,93.4533
5,17408,5120,gemv_w4a16_m4_k512_w4,evicted128MiB,0,576.36,0,0,86.9856
5,17408,5120,gemv_w4a16_m4_k512_w4,evicted128MiB,1,589.546,0,0,85.0401
5,17408,5120,gemv_w4a16_m4_k512_w4,evicted128MiB,2,559.205,0,0,89.6541
5,17408,5120,gemv_w4a16_m16_k512_w8,warm,0,1143.01,0,0,43.8624
5,17408,5120,gemv_w4a16_m16_k512_w8,warm,1,1155.98,0,0,43.3701
5,17408,5120,gemv_w4a16_m16_k512_w8,warm,2,1136.15,0,0,44.1273
5,17408,5120,gemv_w4a16_m16_k512_w8,evicted128MiB,0,1190,0,0,42.1304
5,17408,5120,gemv_w4a16_m16_k512_w8,evicted128MiB,1,1158.93,0,0,43.2596
5,17408,5120,gemv_w4a16_m16_k512_w8,evicted128MiB,2,1160.67,0,0,43.195
16,17408,5120,cublas_bf16,warm,0,817.058,0,0,218.171
16,17408,5120,cublas_bf16,warm,1,804.779,0,0,221.499
16,17408,5120,cublas_bf16,warm,2,797.09,0,0,223.636
16,17408,5120,cublas_bf16,evicted128MiB,0,858.261,0,0,207.697
16,17408,5120,cublas_bf16,evicted128MiB,1,861.92,0,0,206.815
16,17408,5120,cublas_bf16,evicted128MiB,2,848.235,0,0,210.152
16,17408,5120,qscb_bf16_out,warm,0,792.502,0,0,224.931
16,17408,5120,qscb_bf16_out,warm,1,792.083,0,0,225.049
16,17408,5120,qscb_bf16_out,warm,2,799.075,0,0,223.08
16,17408,5120,qscb_bf16_out,evicted128MiB,0,852.333,0,0,209.141
16,17408,5120,qscb_bf16_out,evicted128MiB,1,840.796,0,0,212.011
16,17408,5120,qscb_bf16_out,evicted128MiB,2,841.195,0,0,211.91
16,17408,5120,qscb_f32_out,warm,0,796.895,0,0,223.691
16,17408,5120,qscb_f32_out,warm,1,796.569,0,0,223.782
16,17408,5120,qscb_f32_out,warm,2,799.229,0,0,223.037
16,17408,5120,qscb_f32_out,evicted128MiB,0,845.299,0,0,210.881
16,17408,5120,qscb_f32_out,evicted128MiB,1,844.27,0,0,211.139
16,17408,5120,qscb_f32_out,evicted128MiB,2,845.173,0,0,210.913
16,17408,5120,w4a4_16_32_128_s1,warm,0,298.544,0,0,167.932
16,17408,5120,w4a4_16_32_128_s1,warm,1,309.061,0,0,162.217
16,17408,5120,w4a4_16_32_128_s1,warm,2,307.587,0,0,162.995
16,17408,5120,w4a4_16_32_128_s1,evicted128MiB,0,403.857,0,0,124.141
16,17408,5120,w4a4_16_32_128_s1,evicted128MiB,1,402.987,0,0,124.409
16,17408,5120,w4a4_16_32_128_s1,evicted128MiB,2,397.633,0,0,126.084
16,17408,5120,w4a4_16_64_128_s1,warm,0,312.206,0,0,160.583
16,17408,5120,w4a4_16_64_128_s1,warm,1,306.358,0,0,163.648
16,17408,5120,w4a4_16_64_128_s1,warm,2,306.03,0,0,163.824
16,17408,5120,w4a4_16_64_128_s1,evicted128MiB,0,400.62,0,0,125.144
16,17408,5120,w4a4_16_64_128_s1,evicted128MiB,1,389.701,0,0,128.65
16,17408,5120,w4a4_16_64_128_s1,evicted128MiB,2,385.81,0,0,129.947
16,17408,5120,w4a4_16_64_256_s1,warm,0,351.895,0,0,142.471
16,17408,5120,w4a4_16_64_256_s1,warm,1,369.375,0,0,135.729
16,17408,5120,w4a4_16_64_256_s1,warm,2,369.087,0,0,135.835
16,17408,5120,w4a4_16_64_256_s1,evicted128MiB,0,407.421,0,0,123.055
16,17408,5120,w4a4_16_64_256_s1,evicted128MiB,1,398.553,0,0,125.793
16,17408,5120,w4a4_16_64_256_s1,evicted128MiB,2,400.566,0,0,125.16
16,17408,5120,w4a4_16_32_128_s4,warm,0,340.684,0,0,147.16
16,17408,5120,w4a4_16_32_128_s4,warm,1,335.891,0,0,149.26
16,17408,5120,w4a4_16_32_128_s4,warm,2,336.38,0,0,149.043
16,17408,5120,w4a4_16_32_128_s4,evicted128MiB,0,404.965,0,0,123.801
16,17408,5120,w4a4_16_32_128_s4,evicted128MiB,1,373.612,0,0,134.19
16,17408,5120,w4a4_16_32_128_s4,evicted128MiB,2,373.586,0,0,134.199
16,17408,5120,w4a4_16_64_256_s4,warm,0,404.611,0,0,123.909
16,17408,5120,w4a4_16_64_256_s4,warm,1,403.884,0,0,124.132
16,17408,5120,w4a4_16_64_256_s4,warm,2,395.374,0,0,126.804
16,17408,5120,w4a4_16_64_256_s4,evicted128MiB,0,441.428,0,0,113.575
16,17408,5120,w4a4_16_64_256_s4,evicted128MiB,1,438.671,0,0,114.289
16,17408,5120,w4a4_16_64_256_s4,evicted128MiB,2,422.794,0,0,118.58
16,17408,5120,w4a16_16_32_128_s1,warm,0,350.318,0,0,143.113
16,17408,5120,w4a16_16_32_128_s1,warm,1,340.642,0,0,147.178
16,17408,5120,w4a16_16_32_128_s1,warm,2,341.379,0,0,146.86
16,17408,5120,w4a16_16_32_128_s1,evicted128MiB,0,403.634,0,0,124.209
16,17408,5120,w4a16_16_32_128_s1,evicted128MiB,1,396.421,0,0,126.469
16,17408,5120,w4a16_16_32_128_s1,evicted128MiB,2,398.679,0,0,125.753
16,17408,5120,w4a16_16_64_128_s1,warm,0,328.445,0,0,152.643
16,17408,5120,w4a16_16_64_128_s1,warm,1,328.516,0,0,152.61
16,17408,5120,w4a16_16_64_128_s1,warm,2,320.699,0,0,156.331
16,17408,5120,w4a16_16_64_128_s1,evicted128MiB,0,380.113,0,0,131.895
16,17408,5120,w4a16_16_64_128_s1,evicted128MiB,1,384.314,0,0,130.453
16,17408,5120,w4a16_16_64_128_s1,evicted128MiB,2,386.519,0,0,129.709
16,17408,5120,w4a16_16_64_256_s1,warm,0,359.975,0,0,139.274
16,17408,5120,w4a16_16_64_256_s1,warm,1,359.657,0,0,139.397
16,17408,5120,w4a16_16_64_256_s1,warm,2,359.442,0,0,139.48
16,17408,5120,w4a16_16_64_256_s1,evicted128MiB,0,408.767,0,0,122.649
16,17408,5120,w4a16_16_64_256_s1,evicted128MiB,1,414.524,0,0,120.946
16,17408,5120,w4a16_16_64_256_s1,evicted128MiB,2,396.012,0,0,126.6
16,17408,5120,w4a16_16_32_128_s4,warm,0,370.602,0,0,135.28
16,17408,5120,w4a16_16_32_128_s4,warm,1,375.202,0,0,133.621
16,17408,5120,w4a16_16_32_128_s4,warm,2,374.085,0,0,134.02
16,17408,5120,w4a16_16_32_128_s4,evicted128MiB,0,430.343,0,0,116.5
16,17408,5120,w4a16_16_32_128_s4,evicted128MiB,1,412.123,0,0,121.651
16,17408,5120,w4a16_16_32_128_s4,evicted128MiB,2,402.064,0,0,124.694
16,17408,5120,w4a16_16_64_256_s4,warm,0,403.894,0,0,124.129
16,17408,5120,w4a16_16_64_256_s4,warm,1,401.498,0,0,124.87
16,17408,5120,w4a16_16_64_256_s4,warm,2,395.631,0,0,126.722
16,17408,5120,w4a16_16_64_256_s4,evicted128MiB,0,447.6,0,0,112.009
16,17408,5120,w4a16_16_64_256_s4,evicted128MiB,1,422.97,0,0,118.531
16,17408,5120,w4a16_16_64_256_s4,evicted128MiB,2,441.118,0,0,113.655
16,17408,5120,w4a4_16_32_128_s1_aligned,warm,0,277.236,0,0,180.839
16,17408,5120,w4a4_16_32_128_s1_aligned,warm,1,265.684,0,0,188.702
16,17408,5120,w4a4_16_32_128_s1_aligned,warm,2,265.808,0,0,188.614
16,17408,5120,w4a4_16_32_128_s1_aligned,evicted128MiB,0,324.82,0,0,154.347
16,17408,5120,w4a4_16_32_128_s1_aligned,evicted128MiB,1,326.849,0,0,153.389
16,17408,5120,w4a4_16_32_128_s1_aligned,evicted128MiB,2,325.044,0,0,154.241
16,17408,5120,w4a4_16_64_256_s1_aligned,warm,0,246.648,0,0,203.265
16,17408,5120,w4a4_16_64_256_s1_aligned,warm,1,246.505,0,0,203.383
16,17408,5120,w4a4_16_64_256_s1_aligned,warm,2,246.925,0,0,203.038
16,17408,5120,w4a4_16_64_256_s1_aligned,evicted128MiB,0,294.931,0,0,169.989
16,17408,5120,w4a4_16_64_256_s1_aligned,evicted128MiB,1,295.952,0,0,169.403
16,17408,5120,w4a4_16_64_256_s1_aligned,evicted128MiB,2,295.014,0,0,169.941
16,17408,5120,w4a16_16_64_256_s1_aligned,warm,0,253.684,0,0,197.628
16,17408,5120,w4a16_16_64_256_s1_aligned,warm,1,253.336,0,0,197.899
16,17408,5120,w4a16_16_64_256_s1_aligned,warm,2,255.363,0,0,196.329
16,17408,5120,w4a16_16_64_256_s1_aligned,evicted128MiB,0,307.82,0,0,162.871
16,17408,5120,w4a16_16_64_256_s1_aligned,evicted128MiB,1,304.944,0,0,164.407
16,17408,5120,w4a16_16_64_256_s1_aligned,evicted128MiB,2,295.021,0,0,169.937
16,17408,5120,gemv_w4a16_m1_k512_w4,warm,0,2252.83,0,0,22.2543
16,17408,5120,gemv_w4a16_m1_k512_w4,warm,1,2225.64,0,0,22.5261
16,17408,5120,gemv_w4a16_m1_k512_w4,warm,2,2232.8,0,0,22.4539
16,17408,5120,gemv_w4a16_m1_k512_w4,evicted128MiB,0,2257.49,0,0,22.2083
16,17408,5120,gemv_w4a16_m1_k512_w4,evicted128MiB,1,2272.02,0,0,22.0663
16,17408,5120,gemv_w4a16_m1_k512_w4,evicted128MiB,2,2282.03,0,0,21.9695
16,17408,5120,gemv_w4a16_m1_k1024_w4,warm,0,1465.87,0,0,34.2015
16,17408,5120,gemv_w4a16_m1_k1024_w4,warm,1,1456.58,0,0,34.4198
16,17408,5120,gemv_w4a16_m1_k1024_w4,warm,2,1458.71,0,0,34.3695
16,17408,5120,gemv_w4a16_m1_k1024_w4,evicted128MiB,0,1474.74,0,0,33.9959
16,17408,5120,gemv_w4a16_m1_k1024_w4,evicted128MiB,1,1485.79,0,0,33.7429
16,17408,5120,gemv_w4a16_m1_k1024_w4,evicted128MiB,2,1463.54,0,0,34.2559
16,17408,5120,gemv_w4a16_m4_k512_w4,warm,0,1187.99,0,0,42.2015
16,17408,5120,gemv_w4a16_m4_k512_w4,warm,1,1180.89,0,0,42.4551
16,17408,5120,gemv_w4a16_m4_k512_w4,warm,2,1180.18,0,0,42.4809
16,17408,5120,gemv_w4a16_m4_k512_w4,evicted128MiB,0,1170.39,0,0,42.8361
16,17408,5120,gemv_w4a16_m4_k512_w4,evicted128MiB,1,1176.55,0,0,42.6117
16,17408,5120,gemv_w4a16_m4_k512_w4,evicted128MiB,2,1177.15,0,0,42.5901
16,17408,5120,gemv_w4a16_m16_k512_w8,warm,0,1351.35,0,0,37.1
16,17408,5120,gemv_w4a16_m16_k512_w8,warm,1,1339.21,0,0,37.4364
16,17408,5120,gemv_w4a16_m16_k512_w8,warm,2,1327.67,0,0,37.7618
16,17408,5120,gemv_w4a16_m16_k512_w8,evicted128MiB,0,1390.61,0,0,36.0526
16,17408,5120,gemv_w4a16_m16_k512_w8,evicted128MiB,1,1375.15,0,0,36.4579
16,17408,5120,gemv_w4a16_m16_k512_w8,evicted128MiB,2,1376.65,0,0,36.4182
1,5120,17408,cublas_bf16,warm,0,752.589,0,0,236.86
1,5120,17408,cublas_bf16,warm,1,736.369,0,0,242.077
1,5120,17408,cublas_bf16,warm,2,739.746,0,0,240.972
1,5120,17408,cublas_bf16,evicted128MiB,0,782.064,0,0,227.933
1,5120,17408,cublas_bf16,evicted128MiB,1,758.643,0,0,234.969
1,5120,17408,cublas_bf16,evicted128MiB,2,764.642,0,0,233.126
1,5120,17408,qscb_bf16_out,warm,0,748.194,0,0,238.251
1,5120,17408,qscb_bf16_out,warm,1,747.702,0,0,238.408
1,5120,17408,qscb_bf16_out,warm,2,747.979,0,0,238.319
1,5120,17408,qscb_bf16_out,evicted128MiB,0,759.497,0,0,234.705
1,5120,17408,qscb_bf16_out,evicted128MiB,1,758.442,0,0,235.032
1,5120,17408,qscb_bf16_out,evicted128MiB,2,758.937,0,0,234.879
1,5120,17408,qscb_f32_out,warm,0,746.975,0,0,238.64
1,5120,17408,qscb_f32_out,warm,1,747.18,0,0,238.574
1,5120,17408,qscb_f32_out,warm,2,746.802,0,0,238.695
1,5120,17408,qscb_f32_out,evicted128MiB,0,759.728,0,0,234.634
1,5120,17408,qscb_f32_out,evicted128MiB,1,760.781,0,0,234.309
1,5120,17408,qscb_f32_out,evicted128MiB,2,763.31,0,0,233.533
1,5120,17408,w4a4_16_32_128_s1,warm,0,404.643,0,0,123.9
1,5120,17408,w4a4_16_32_128_s1,warm,1,404.754,0,0,123.865
1,5120,17408,w4a4_16_32_128_s1,warm,2,395.344,0,0,126.814
1,5120,17408,w4a4_16_32_128_s1,evicted128MiB,0,462.651,0,0,108.365
1,5120,17408,w4a4_16_32_128_s1,evicted128MiB,1,477.428,0,0,105.011
1,5120,17408,w4a4_16_32_128_s1,evicted128MiB,2,461.764,0,0,108.573
1,5120,17408,w4a4_16_64_128_s1,warm,0,325.026,0,0,154.25
1,5120,17408,w4a4_16_64_128_s1,warm,1,333.677,0,0,150.25
1,5120,17408,w4a4_16_64_128_s1,warm,2,334.498,0,0,149.882
1,5120,17408,w4a4_16_64_128_s1,evicted128MiB,0,389.535,0,0,128.705
1,5120,17408,w4a4_16_64_128_s1,evicted128MiB,1,400.833,0,0,125.077
1,5120,17408,w4a4_16_64_128_s1,evicted128MiB,2,377.516,0,0,132.803
1,5120,17408,w4a4_16_64_256_s1,warm,0,372.899,0,0,134.447
1,5120,17408,w4a4_16_64_256_s1,warm,1,363.417,0,0,137.955
1,5120,17408,w4a4_16_64_256_s1,warm,2,383.097,0,0,130.868
1,5120,17408,w4a4_16_64_256_s1,evicted128MiB,0,456.325,0,0,109.867
1,5120,17408,w4a4_16_64_256_s1,evicted128MiB,1,417.911,0,0,119.966
1,5120,17408,w4a4_16_64_256_s1,evicted128MiB,2,427.191,0,0,117.36
1,5120,17408,w4a4_16_32_128_s4,warm,0,338.061,0,0,148.302
1,5120,17408,w4a4_16_32_128_s4,warm,1,330.933,0,0,151.496
1,5120,17408,w4a4_16_32_128_s4,warm,2,329.521,0,0,152.145
1,5120,17408,w4a4_16_32_128_s4,evicted128MiB,0,395.278,0,0,126.835
1,5120,17408,w4a4_16_32_128_s4,evicted128MiB,1,393.92,0,0,127.272
1,5120,17408,w4a4_16_32_128_s4,evicted128MiB,2,386.172,0,0,129.826
1,5120,17408,w4a4_16_64_256_s4,warm,0,386.087,0,0,129.854
1,5120,17408,w4a4_16_64_256_s4,warm,1,376.399,0,0,133.196
1,5120,17408,w4a4_16_64_256_s4,warm,2,377.086,0,0,132.954
1,5120,17408,w4a4_16_64_256_s4,evicted128MiB,0,431.934,0,0,116.071
1,5120,17408,w4a4_16_64_256_s4,evicted128MiB,1,455.504,0,0,110.065
1,5120,17408,w4a4_16_64_256_s4,evicted128MiB,2,430.852,0,0,116.362
1,5120,17408,w4a16_16_32_128_s1,warm,0,471.109,0,0,106.419
1,5120,17408,w4a16_16_32_128_s1,warm,1,468.989,0,0,106.9
1,5120,17408,w4a16_16_32_128_s1,warm,2,460.039,0,0,108.98
1,5120,17408,w4a16_16_32_128_s1,evicted128MiB,0,553.322,0,0,90.6074
1,5120,17408,w4a16_16_32_128_s1,evicted128MiB,1,552.853,0,0,90.6841
1,5120,17408,w4a16_16_32_128_s1,evicted128MiB,2,539.594,0,0,92.9126
1,5120,17408,w4a16_16_64_128_s1,warm,0,352.327,0,0,142.297
1,5120,17408,w4a16_16_64_128_s1,warm,1,346.304,0,0,144.772
1,5120,17408,w4a16_16_64_128_s1,warm,2,338.338,0,0,148.181
1,5120,17408,w4a16_16_64_128_s1,evicted128MiB,0,429.606,0,0,116.7
1,5120,17408,w4a16_16_64_128_s1,evicted128MiB,1,405.125,0,0,123.752
1,5120,17408,w4a16_16_64_128_s1,evicted128MiB,2,424.078,0,0,118.221
1,5120,17408,w4a16_16_64_256_s1,warm,0,374.106,0,0,134.013
1,5120,17408,w4a16_16_64_256_s1,warm,1,373.604,0,0,134.193
1,5120,17408,w4a16_16_64_256_s1,warm,2,374.157,0,0,133.995
1,5120,17408,w4a16_16_64_256_s1,evicted128MiB,0,462.738,0,0,108.344
1,5120,17408,w4a16_16_64_256_s1,evicted128MiB,1,447.644,0,0,111.998
1,5120,17408,w4a16_16_64_256_s1,evicted128MiB,2,421.231,0,0,119.02
1,5120,17408,w4a16_16_32_128_s4,warm,0,383.26,0,0,130.812
1,5120,17408,w4a16_16_32_128_s4,warm,1,383.547,0,0,130.714
1,5120,17408,w4a16_16_32_128_s4,warm,2,383.353,0,0,130.78
1,5120,17408,w4a16_16_32_128_s4,evicted128MiB,0,429.725,0,0,116.668
1,5120,17408,w4a16_16_32_128_s4,evicted128MiB,1,439.89,0,0,113.972
1,5120,17408,w4a16_16_32_128_s4,evicted128MiB,2,440.962,0,0,113.695
1,5120,17408,w4a16_16_64_256_s4,warm,0,399.972,0,0,125.346
1,5120,17408,w4a16_16_64_256_s4,warm,1,390.777,0,0,128.296
1,5120,17408,w4a16_16_64_256_s4,warm,2,390.49,0,0,128.39
1,5120,17408,w4a16_16_64_256_s4,evicted128MiB,0,459.414,0,0,109.128
1,5120,17408,w4a16_16_64_256_s4,evicted128MiB,1,435.32,0,0,115.168
1,5120,17408,w4a16_16_64_256_s4,evicted128MiB,2,444.931,0,0,112.68
1,5120,17408,w4a4_16_32_128_s1_aligned,warm,0,287.886,0,0,174.149
1,5120,17408,w4a4_16_32_128_s1_aligned,warm,1,282.53,0,0,177.451
1,5120,17408,w4a4_16_32_128_s1_aligned,warm,2,292.565,0,0,171.364
1,5120,17408,w4a4_16_32_128_s1_aligned,evicted128MiB,0,344.354,0,0,145.592
1,5120,17408,w4a4_16_32_128_s1_aligned,evicted128MiB,1,352.947,0,0,142.047
1,5120,17408,w4a4_16_32_128_s1_aligned,evicted128MiB,2,355.035,0,0,141.212
1,5120,17408,w4a4_16_64_256_s1_aligned,warm,0,248.01,0,0,202.149
1,5120,17408,w4a4_16_64_256_s1_aligned,warm,1,254.563,0,0,196.946
1,5120,17408,w4a4_16_64_256_s1_aligned,warm,2,248.195,0,0,201.999
1,5120,17408,w4a4_16_64_256_s1_aligned,evicted128MiB,0,313.071,0,0,160.14
1,5120,17408,w4a4_16_64_256_s1_aligned,evicted128MiB,1,304.843,0,0,164.462
1,5120,17408,w4a4_16_64_256_s1_aligned,evicted128MiB,2,311.442,0,0,160.977
1,5120,17408,w4a16_16_64_256_s1_aligned,warm,0,250.325,0,0,200.28
1,5120,17408,w4a16_16_64_256_s1_aligned,warm,1,262.47,0,0,191.012
1,5120,17408,w4a16_16_64_256_s1_aligned,warm,2,262.86,0,0,190.729
1,5120,17408,w4a16_16_64_256_s1_aligned,evicted128MiB,0,320.175,0,0,156.586
1,5120,17408,w4a16_16_64_256_s1_aligned,evicted128MiB,1,313.112,0,0,160.118
1,5120,17408,w4a16_16_64_256_s1_aligned,evicted128MiB,2,318.676,0,0,157.323
1,5120,17408,gemv_w4a16_m1_k512_w4,warm,0,249.578,0,0,200.879
1,5120,17408,gemv_w4a16_m1_k512_w4,warm,1,247.458,0,0,202.6
1,5120,17408,gemv_w4a16_m1_k512_w4,warm,2,239.502,0,0,209.33
1,5120,17408,gemv_w4a16_m1_k512_w4,evicted128MiB,0,308.406,0,0,162.562
1,5120,17408,gemv_w4a16_m1_k512_w4,evicted128MiB,1,290.479,0,0,172.594
1,5120,17408,gemv_w4a16_m1_k512_w4,evicted128MiB,2,300.74,0,0,166.705
1,5120,17408,gemv_w4a16_m1_k1024_w4,warm,0,237.136,0,0,211.419
1,5120,17408,gemv_w4a16_m1_k1024_w4,warm,1,240.768,0,0,208.229
1,5120,17408,gemv_w4a16_m1_k1024_w4,warm,2,230.316,0,0,217.68
1,5120,17408,gemv_w4a16_m1_k1024_w4,evicted128MiB,0,293.648,0,0,170.732
1,5120,17408,gemv_w4a16_m1_k1024_w4,evicted128MiB,1,289.75,0,0,173.028
1,5120,17408,gemv_w4a16_m1_k1024_w4,evicted128MiB,2,282.814,0,0,177.272
1,5120,17408,gemv_w4a16_m4_k512_w4,warm,0,293.62,0,0,170.748
1,5120,17408,gemv_w4a16_m4_k512_w4,warm,1,302.119,0,0,165.945
1,5120,17408,gemv_w4a16_m4_k512_w4,warm,2,308.662,0,0,162.427
1,5120,17408,gemv_w4a16_m4_k512_w4,evicted128MiB,0,357.003,0,0,140.433
1,5120,17408,gemv_w4a16_m4_k512_w4,evicted128MiB,1,358.374,0,0,139.896
1,5120,17408,gemv_w4a16_m4_k512_w4,evicted128MiB,2,343.853,0,0,145.804
1,5120,17408,gemv_w4a16_m16_k512_w8,warm,0,1079.84,0,0,46.4284
1,5120,17408,gemv_w4a16_m16_k512_w8,warm,1,1062.25,0,0,47.1968
1,5120,17408,gemv_w4a16_m16_k512_w8,warm,2,1068.84,0,0,46.9061
1,5120,17408,gemv_w4a16_m16_k512_w8,evicted128MiB,0,1092.85,0,0,45.8755
1,5120,17408,gemv_w4a16_m16_k512_w8,evicted128MiB,1,1089.8,0,0,46.0039
1,5120,17408,gemv_w4a16_m16_k512_w8,evicted128MiB,2,1126.01,0,0,44.5247
2,5120,17408,cublas_bf16,warm,0,795.288,0,0,224.143
2,5120,17408,cublas_bf16,warm,1,778.473,0,0,228.984
2,5120,17408,cublas_bf16,warm,2,785.324,0,0,226.986
2,5120,17408,cublas_bf16,evicted128MiB,0,834.001,0,0,213.738
2,5120,17408,cublas_bf16,evicted128MiB,1,827.721,0,0,215.36
2,5120,17408,cublas_bf16,evicted128MiB,2,829.633,0,0,214.864
2,5120,17408,qscb_bf16_out,warm,0,782.702,0,0,227.747
2,5120,17408,qscb_bf16_out,warm,1,780.368,0,0,228.428
2,5120,17408,qscb_bf16_out,warm,2,793.004,0,0,224.788
2,5120,17408,qscb_bf16_out,evicted128MiB,0,829.443,0,0,214.913
2,5120,17408,qscb_bf16_out,evicted128MiB,1,829.935,0,0,214.785
2,5120,17408,qscb_bf16_out,evicted128MiB,2,834.717,0,0,213.555
2,5120,17408,qscb_f32_out,warm,0,779.22,0,0,228.764
2,5120,17408,qscb_f32_out,warm,1,778.893,0,0,228.861
2,5120,17408,qscb_f32_out,warm,2,780.501,0,0,228.389
2,5120,17408,qscb_f32_out,evicted128MiB,0,830.136,0,0,214.734
2,5120,17408,qscb_f32_out,evicted128MiB,1,828.027,0,0,215.28
2,5120,17408,qscb_f32_out,evicted128MiB,2,829.712,0,0,214.843
2,5120,17408,w4a4_16_32_128_s1,warm,0,398.723,0,0,125.739
2,5120,17408,w4a4_16_32_128_s1,warm,1,412.219,0,0,121.622
2,5120,17408,w4a4_16_32_128_s1,warm,2,397.678,0,0,126.069
2,5120,17408,w4a4_16_32_128_s1,evicted128MiB,0,496.657,0,0,100.945
2,5120,17408,w4a4_16_32_128_s1,evicted128MiB,1,492.198,0,0,101.859
2,5120,17408,w4a4_16_32_128_s1,evicted128MiB,2,491.09,0,0,102.089
2,5120,17408,w4a4_16_64_128_s1,warm,0,334.54,0,0,149.863
2,5120,17408,w4a4_16_64_128_s1,warm,1,329.326,0,0,152.235
2,5120,17408,w4a4_16_64_128_s1,warm,2,329.449,0,0,152.178
2,5120,17408,w4a4_16_64_128_s1,evicted128MiB,0,423.073,0,0,118.502
2,5120,17408,w4a4_16_64_128_s1,evicted128MiB,1,384.118,0,0,130.52
2,5120,17408,w4a4_16_64_128_s1,evicted128MiB,2,405.953,0,0,123.5
2,5120,17408,w4a4_16_64_256_s1,warm,0,373.881,0,0,134.094
2,5120,17408,w4a4_16_64_256_s1,warm,1,383.394,0,0,130.767
2,5120,17408,w4a4_16_64_256_s1,warm,2,364.265,0,0,137.633
2,5120,17408,w4a4_16_64_256_s1,evicted128MiB,0,441.601,0,0,113.53
2,5120,17408,w4a4_16_64_256_s1,evicted128MiB,1,443.1,0,0,113.146
2,5120,17408,w4a4_16_64_256_s1,evicted128MiB,2,465.369,0,0,107.732
2,5120,17408,w4a4_16_32_128_s4,warm,0,417.104,0,0,120.198
2,5120,17408,w4a4_16_32_128_s4,warm,1,374.372,0,0,133.918
2,5120,17408,w4a4_16_32_128_s4,warm,2,351.905,0,0,142.468
2,5120,17408,w4a4_16_32_128_s4,evicted128MiB,0,449.185,0,0,111.613
2,5120,17408,w4a4_16_32_128_s4,evicted128MiB,1,397.452,0,0,126.141
2,5120,17408,w4a4_16_32_128_s4,evicted128MiB,2,433.492,0,0,115.654
2,5120,17408,w4a4_16_64_256_s4,warm,0,449.329,0,0,111.578
2,5120,17408,w4a4_16_64_256_s4,warm,1,427.538,0,0,117.264
2,5120,17408,w4a4_16_64_256_s4,warm,2,425.234,0,0,117.9
2,5120,17408,w4a4_16_64_256_s4,evicted128MiB,0,482.606,0,0,103.884
2,5120,17408,w4a4_16_64_256_s4,evicted128MiB,1,447.862,0,0,111.943
2,5120,17408,w4a4_16_64_256_s4,evicted128MiB,2,470.924,0,0,106.461
2,5120,17408,w4a16_16_32_128_s1,warm,0,511.394,0,0,98.0361
2,5120,17408,w4a16_16_32_128_s1,warm,1,471.826,0,0,106.257
2,5120,17408,w4a16_16_32_128_s1,warm,2,485.456,0,0,103.274
2,5120,17408,w4a16_16_32_128_s1,evicted128MiB,0,531.695,0,0,94.2928
2,5120,17408,w4a16_16_32_128_s1,evicted128MiB,1,525.614,0,0,95.3838
2,5120,17408,w4a16_16_32_128_s1,evicted128MiB,2,527.151,0,0,95.1057
2,5120,17408,w4a16_16_64_128_s1,warm,0,358.472,0,0,139.858
2,5120,17408,w4a16_16_64_128_s1,warm,1,355.959,0,0,140.845
2,5120,17408,w4a16_16_64_128_s1,warm,2,347.717,0,0,144.183
2,5120,17408,w4a16_16_64_128_s1,evicted128MiB,0,404.957,0,0,123.803
2,5120,17408,w4a16_16_64_128_s1,evicted128MiB,1,411.715,0,0,121.771
2,5120,17408,w4a16_16_64_128_s1,evicted128MiB,2,400.604,0,0,125.149
2,5120,17408,w4a16_16_64_256_s1,warm,0,434.317,0,0,115.434
2,5120,17408,w4a16_16_64_256_s1,warm,1,375.191,0,0,133.625
2,5120,17408,w4a16_16_64_256_s1,warm,2,365.32,0,0,137.236
2,5120,17408,w4a16_16_64_256_s1,evicted128MiB,0,450.91,0,0,111.186
2,5120,17408,w4a16_16_64_256_s1,evicted128MiB,1,424.333,0,0,118.15
2,5120,17408,w4a16_16_64_256_s1,evicted128MiB,2,440.116,0,0,113.913
2,5120,17408,w4a16_16_32_128_s4,warm,0,376.002,0,0,133.337
2,5120,17408,w4a16_16_32_128_s4,warm,1,376.944,0,0,133.004
2,5120,17408,w4a16_16_32_128_s4,warm,2,367.86,0,0,136.289
2,5120,17408,w4a16_16_32_128_s4,evicted128MiB,0,453.525,0,0,110.545
2,5120,17408,w4a16_16_32_128_s4,evicted128MiB,1,431.75,0,0,116.12
2,5120,17408,w4a16_16_32_128_s4,evicted128MiB,2,426.846,0,0,117.455
2,5120,17408,w4a16_16_64_256_s4,warm,0,396.347,0,0,126.493
2,5120,17408,w4a16_16_64_256_s4,warm,1,401.631,0,0,124.829
2,5120,17408,w4a16_16_64_256_s4,warm,2,392.784,0,0,127.64
2,5120,17408,w4a16_16_64_256_s4,evicted128MiB,0,438.386,0,0,114.363
2,5120,17408,w4a16_16_64_256_s4,evicted128MiB,1,437.398,0,0,114.621
2,5120,17408,w4a16_16_64_256_s4,evicted128MiB,2,447.179,0,0,112.114
2,5120,17408,w4a4_16_32_128_s1_aligned,warm,0,291.1,0,0,172.226
2,5120,17408,w4a4_16_32_128_s1_aligned,warm,1,282.53,0,0,177.451
2,5120,17408,w4a4_16_32_128_s1_aligned,warm,2,282.274,0,0,177.612
2,5120,17408,w4a4_16_32_128_s1_aligned,evicted128MiB,0,345.891,0,0,144.945
2,5120,17408,w4a4_16_32_128_s1_aligned,evicted128MiB,1,337.146,0,0,148.704
2,5120,17408,w4a4_16_32_128_s1_aligned,evicted128MiB,2,337.93,0,0,148.359
2,5120,17408,w4a4_16_64_256_s1_aligned,warm,0,248.41,0,0,201.824
2,5120,17408,w4a4_16_64_256_s1_aligned,warm,1,248.471,0,0,201.774
2,5120,17408,w4a4_16_64_256_s1_aligned,warm,2,248.502,0,0,201.749
2,5120,17408,w4a4_16_64_256_s1_aligned,evicted128MiB,0,303.607,0,0,165.131
2,5120,17408,w4a4_16_64_256_s1_aligned,evicted128MiB,1,303.023,0,0,165.45
2,5120,17408,w4a4_16_64_256_s1_aligned,evicted128MiB,2,312.101,0,0,160.637
2,5120,17408,w4a16_16_64_256_s1_aligned,warm,0,250.396,0,0,200.223
2,5120,17408,w4a16_16_64_256_s1_aligned,warm,1,258.138,0,0,194.218
2,5120,17408,w4a16_16_64_256_s1_aligned,warm,2,253.623,0,0,197.675
2,5120,17408,w4a16_16_64_256_s1_aligned,evicted128MiB,0,307.607,0,0,162.984
2,5120,17408,w4a16_16_64_256_s1_aligned,evicted128MiB,1,304.889,0,0,164.437
2,5120,17408,w4a16_16_64_256_s1_aligned,evicted128MiB,2,308.654,0,0,162.431
2,5120,17408,gemv_w4a16_m1_k512_w4,warm,0,324.288,0,0,154.6
2,5120,17408,gemv_w4a16_m1_k512_w4,warm,1,331.446,0,0,151.262
2,5120,17408,gemv_w4a16_m1_k512_w4,warm,2,323.49,0,0,154.982
2,5120,17408,gemv_w4a16_m1_k512_w4,evicted128MiB,0,366.695,0,0,136.721
2,5120,17408,gemv_w4a16_m1_k512_w4,evicted128MiB,1,360.379,0,0,139.118
2,5120,17408,gemv_w4a16_m1_k512_w4,evicted128MiB,2,352.748,0,0,142.127
2,5120,17408,gemv_w4a16_m1_k1024_w4,warm,0,235.794,0,0,212.622
2,5120,17408,gemv_w4a16_m1_k1024_w4,warm,1,251.187,0,0,199.593
2,5120,17408,gemv_w4a16_m1_k1024_w4,warm,2,235.589,0,0,212.807
2,5120,17408,gemv_w4a16_m1_k1024_w4,evicted128MiB,0,304.05,0,0,164.891
2,5120,17408,gemv_w4a16_m1_k1024_w4,evicted128MiB,1,296.414,0,0,169.139
2,5120,17408,gemv_w4a16_m1_k1024_w4,evicted128MiB,2,285.971,0,0,175.315
2,5120,17408,gemv_w4a16_m4_k512_w4,warm,0,294.008,0,0,170.523
2,5120,17408,gemv_w4a16_m4_k512_w4,warm,1,296.313,0,0,169.196
2,5120,17408,gemv_w4a16_m4_k512_w4,warm,2,303.962,0,0,164.939
2,5120,17408,gemv_w4a16_m4_k512_w4,evicted128MiB,0,358.913,0,0,139.686
2,5120,17408,gemv_w4a16_m4_k512_w4,evicted128MiB,1,344.866,0,0,145.375
2,5120,17408,gemv_w4a16_m4_k512_w4,evicted128MiB,2,331.626,0,0,151.18
2,5120,17408,gemv_w4a16_m16_k512_w8,warm,0,1096.82,0,0,45.7093
2,5120,17408,gemv_w4a16_m16_k512_w8,warm,1,1076.76,0,0,46.5608
2,5120,17408,gemv_w4a16_m16_k512_w8,warm,2,1069.43,0,0,46.88
2,5120,17408,gemv_w4a16_m16_k512_w8,evicted128MiB,0,1128.5,0,0,44.4264
2,5120,17408,gemv_w4a16_m16_k512_w8,evicted128MiB,1,1113.46,0,0,45.0264
2,5120,17408,gemv_w4a16_m16_k512_w8,evicted128MiB,2,1109.5,0,0,45.1869
4,5120,17408,cublas_bf16,warm,0,789.165,0,0,225.882
4,5120,17408,cublas_bf16,warm,1,794.262,0,0,224.432
4,5120,17408,cublas_bf16,warm,2,781.013,0,0,228.239
4,5120,17408,cublas_bf16,evicted128MiB,0,829.779,0,0,214.826
4,5120,17408,cublas_bf16,evicted128MiB,1,841.498,0,0,211.834
4,5120,17408,cublas_bf16,evicted128MiB,2,829.427,0,0,214.917
4,5120,17408,qscb_bf16_out,warm,0,781.288,0,0,228.159
4,5120,17408,qscb_bf16_out,warm,1,779.884,0,0,228.57
4,5120,17408,qscb_bf16_out,warm,2,779.885,0,0,228.569
4,5120,17408,qscb_bf16_out,evicted128MiB,0,829.345,0,0,214.938
4,5120,17408,qscb_bf16_out,evicted128MiB,1,830.35,0,0,214.678
4,5120,17408,qscb_bf16_out,evicted128MiB,2,830.581,0,0,214.618
4,5120,17408,qscb_f32_out,warm,0,782.661,0,0,227.759
4,5120,17408,qscb_f32_out,warm,1,783.143,0,0,227.619
4,5120,17408,qscb_f32_out,warm,2,782.088,0,0,227.926
4,5120,17408,qscb_f32_out,evicted128MiB,0,830.714,0,0,214.584
4,5120,17408,qscb_f32_out,evicted128MiB,1,829.909,0,0,214.792
4,5120,17408,qscb_f32_out,evicted128MiB,2,837.036,0,0,212.963
4,5120,17408,w4a4_16_32_128_s1,warm,0,416.572,0,0,120.351
4,5120,17408,w4a4_16_32_128_s1,warm,1,410.775,0,0,122.05
4,5120,17408,w4a4_16_32_128_s1,warm,2,402.962,0,0,124.416
4,5120,17408,w4a4_16_32_128_s1,evicted128MiB,0,510.997,0,0,98.1121
4,5120,17408,w4a4_16_32_128_s1,evicted128MiB,1,486.056,0,0,103.147
4,5120,17408,w4a4_16_32_128_s1,evicted128MiB,2,487.794,0,0,102.779
4,5120,17408,w4a4_16_64_128_s1,warm,0,345.617,0,0,145.059
4,5120,17408,w4a4_16_64_128_s1,warm,1,345.812,0,0,144.978
4,5120,17408,w4a4_16_64_128_s1,warm,2,337.908,0,0,148.369
4,5120,17408,w4a4_16_64_128_s1,evicted128MiB,0,403.747,0,0,124.174
4,5120,17408,w4a4_16_64_128_s1,evicted128MiB,1,392.98,0,0,127.576
4,5120,17408,w4a4_16_64_128_s1,evicted128MiB,2,411.102,0,0,121.953
4,5120,17408,w4a4_16_64_256_s1,warm,0,374.422,0,0,133.9
4,5120,17408,w4a4_16_64_256_s1,warm,1,383.066,0,0,130.878
4,5120,17408,w4a4_16_64_256_s1,warm,2,374.29,0,0,133.947
4,5120,17408,w4a4_16_64_256_s1,evicted128MiB,0,441.368,0,0,113.59
4,5120,17408,w4a4_16_64_256_s1,evicted128MiB,1,440.407,0,0,113.838
4,5120,17408,w4a4_16_64_256_s1,evicted128MiB,2,429.567,0,0,116.711
4,5120,17408,w4a4_16_32_128_s4,warm,0,343.222,0,0,146.072
4,5120,17408,w4a4_16_32_128_s4,warm,1,343.109,0,0,146.12
4,5120,17408,w4a4_16_32_128_s4,warm,2,342.894,0,0,146.211
4,5120,17408,w4a4_16_32_128_s4,evicted128MiB,0,429.744,0,0,116.663
4,5120,17408,w4a4_16_32_128_s4,evicted128MiB,1,393.227,0,0,127.497
4,5120,17408,w4a4_16_32_128_s4,evicted128MiB,2,411.512,0,0,121.831
4,5120,17408,w4a4_16_64_256_s4,warm,0,389.292,0,0,128.785
4,5120,17408,w4a4_16_64_256_s4,warm,1,380.629,0,0,131.716
4,5120,17408,w4a4_16_64_256_s4,warm,2,390.306,0,0,128.451
4,5120,17408,w4a4_16_64_256_s4,evicted128MiB,0,455.329,0,0,110.107
4,5120,17408,w4a4_16_64_256_s4,evicted128MiB,1,435.681,0,0,115.073
4,5120,17408,w4a4_16_64_256_s4,evicted128MiB,2,452.505,0,0,110.795
4,5120,17408,w4a16_16_32_128_s1,warm,0,481.544,0,0,104.113
4,5120,17408,w4a16_16_32_128_s1,warm,1,481.861,0,0,104.045
4,5120,17408,w4a16_16_32_128_s1,warm,2,473.177,0,0,105.954
4,5120,17408,w4a16_16_32_128_s1,evicted128MiB,0,541.343,0,0,92.6123
4,5120,17408,w4a16_16_32_128_s1,evicted128MiB,1,525.337,0,0,95.4341
4,5120,17408,w4a16_16_32_128_s1,evicted128MiB,2,556.762,0,0,90.0476
4,5120,17408,w4a16_16_64_128_s1,warm,0,357.896,0,0,140.083
4,5120,17408,w4a16_16_64_128_s1,warm,1,358.367,0,0,139.899
4,5120,17408,w4a16_16_64_128_s1,warm,2,348.455,0,0,143.878
4,5120,17408,w4a16_16_64_128_s1,evicted128MiB,0,403.684,0,0,124.194
4,5120,17408,w4a16_16_64_128_s1,evicted128MiB,1,407.301,0,0,123.091
4,5120,17408,w4a16_16_64_128_s1,evicted128MiB,2,408.056,0,0,122.863
4,5120,17408,w4a16_16_64_256_s1,warm,0,385.431,0,0,130.075
4,5120,17408,w4a16_16_64_256_s1,warm,1,376.359,0,0,133.211
4,5120,17408,w4a16_16_64_256_s1,warm,2,367.204,0,0,136.532
4,5120,17408,w4a16_16_64_256_s1,evicted128MiB,0,455.274,0,0,110.121
4,5120,17408,w4a16_16_64_256_s1,evicted128MiB,1,443.239,0,0,113.111
4,5120,17408,w4a16_16_64_256_s1,evicted128MiB,2,433.427,0,0,115.671
4,5120,17408,w4a16_16_32_128_s4,warm,0,389.906,0,0,128.582
4,5120,17408,w4a16_16_32_128_s4,warm,1,389.282,0,0,128.789
4,5120,17408,w4a16_16_32_128_s4,warm,2,380.496,0,0,131.762
4,5120,17408,w4a16_16_32_128_s4,evicted128MiB,0,427.844,0,0,117.181
4,5120,17408,w4a16_16_32_128_s4,evicted128MiB,1,446.155,0,0,112.371
4,5120,17408,w4a16_16_32_128_s4,evicted128MiB,2,445.07,0,0,112.645
4,5120,17408,w4a16_16_64_256_s4,warm,0,407.212,0,0,123.118
4,5120,17408,w4a16_16_64_256_s4,warm,1,395.313,0,0,126.824
4,5120,17408,w4a16_16_64_256_s4,warm,2,404.201,0,0,124.035
4,5120,17408,w4a16_16_64_256_s4,evicted128MiB,0,464.316,0,0,107.976
4,5120,17408,w4a16_16_64_256_s4,evicted128MiB,1,437.716,0,0,114.538
4,5120,17408,w4a16_16_64_256_s4,evicted128MiB,2,437.497,0,0,114.595
4,5120,17408,w4a4_16_32_128_s1_aligned,warm,0,293.067,0,0,171.07
4,5120,17408,w4a4_16_32_128_s1_aligned,warm,1,283.452,0,0,176.873
4,5120,17408,w4a4_16_32_128_s1_aligned,warm,2,283.369,0,0,176.925
4,5120,17408,w4a4_16_32_128_s1_aligned,evicted128MiB,0,352.495,0,0,142.229
4,5120,17408,w4a4_16_32_128_s1_aligned,evicted128MiB,1,353.515,0,0,141.819
4,5120,17408,w4a4_16_32_128_s1_aligned,evicted128MiB,2,363.542,0,0,137.907
4,5120,17408,w4a4_16_64_256_s1_aligned,warm,0,251.205,0,0,199.578
4,5120,17408,w4a4_16_64_256_s1_aligned,warm,1,251.052,0,0,199.7
4,5120,17408,w4a4_16_64_256_s1_aligned,warm,2,251.369,0,0,199.448
4,5120,17408,w4a4_16_64_256_s1_aligned,evicted128MiB,0,313.149,0,0,160.1
4,5120,17408,w4a4_16_64_256_s1_aligned,evicted128MiB,1,314.94,0,0,159.189
4,5120,17408,w4a4_16_64_256_s1_aligned,evicted128MiB,2,305.684,0,0,164.009
4,5120,17408,w4a16_16_64_256_s1_aligned,warm,0,251.82,0,0,199.091
4,5120,17408,w4a16_16_64_256_s1_aligned,warm,1,259.49,0,0,193.206
4,5120,17408,w4a16_16_64_256_s1_aligned,warm,2,259.09,0,0,193.505
4,5120,17408,w4a16_16_64_256_s1_aligned,evicted128MiB,0,307.542,0,0,163.018
4,5120,17408,w4a16_16_64_256_s1_aligned,evicted128MiB,1,311.03,0,0,161.19
4,5120,17408,w4a16_16_64_256_s1_aligned,evicted128MiB,2,305.002,0,0,164.376
4,5120,17408,gemv_w4a16_m1_k512_w4,warm,0,577.79,0,0,86.7704
4,5120,17408,gemv_w4a16_m1_k512_w4,warm,1,567.868,0,0,88.2864
4,5120,17408,gemv_w4a16_m1_k512_w4,warm,2,563.806,0,0,88.9224
4,5120,17408,gemv_w4a16_m1_k512_w4,evicted128MiB,0,592.747,0,0,84.5809
4,5120,17408,gemv_w4a16_m1_k512_w4,evicted128MiB,1,613.257,0,0,81.7521
4,5120,17408,gemv_w4a16_m1_k512_w4,evicted128MiB,2,580.967,0,0,86.2958
4,5120,17408,gemv_w4a16_m1_k1024_w4,warm,0,348.147,0,0,144.005
4,5120,17408,gemv_w4a16_m1_k1024_w4,warm,1,355.746,0,0,140.929
4,5120,17408,gemv_w4a16_m1_k1024_w4,warm,2,365.033,0,0,137.344
4,5120,17408,gemv_w4a16_m1_k1024_w4,evicted128MiB,0,382.067,0,0,131.22
4,5120,17408,gemv_w4a16_m1_k1024_w4,evicted128MiB,1,379.227,0,0,132.203
4,5120,17408,gemv_w4a16_m1_k1024_w4,evicted128MiB,2,377.248,0,0,132.897
4,5120,17408,gemv_w4a16_m4_k512_w4,warm,0,309.02,0,0,162.239
4,5120,17408,gemv_w4a16_m4_k512_w4,warm,1,314.519,0,0,159.402
4,5120,17408,gemv_w4a16_m4_k512_w4,warm,2,298.068,0,0,168.2
4,5120,17408,gemv_w4a16_m4_k512_w4,evicted128MiB,0,355.372,0,0,141.078
4,5120,17408,gemv_w4a16_m4_k512_w4,evicted128MiB,1,353.749,0,0,141.725
4,5120,17408,gemv_w4a16_m4_k512_w4,evicted128MiB,2,360.015,0,0,139.258
4,5120,17408,gemv_w4a16_m16_k512_w8,warm,0,1098.05,0,0,45.6581
4,5120,17408,gemv_w4a16_m16_k512_w8,warm,1,1071.32,0,0,46.7976
4,5120,17408,gemv_w4a16_m16_k512_w8,warm,2,1069.41,0,0,46.8809
4,5120,17408,gemv_w4a16_m16_k512_w8,evicted128MiB,0,1127.22,0,0,44.4767
4,5120,17408,gemv_w4a16_m16_k512_w8,evicted128MiB,1,1148.95,0,0,43.6357
4,5120,17408,gemv_w4a16_m16_k512_w8,evicted128MiB,2,1137.21,0,0,44.0859
5,5120,17408,cublas_bf16,warm,0,796.62,0,0,223.768
5,5120,17408,cublas_bf16,warm,1,782.313,0,0,227.86
5,5120,17408,cublas_bf16,warm,2,788.805,0,0,225.985
5,5120,17408,cublas_bf16,evicted128MiB,0,837.16,0,0,212.932
5,5120,17408,cublas_bf16,evicted128MiB,1,831.056,0,0,214.496
5,5120,17408,cublas_bf16,evicted128MiB,2,832.42,0,0,214.144
5,5120,17408,qscb_bf16_out,warm,0,783.194,0,0,227.604
5,5120,17408,qscb_bf16_out,warm,1,781.177,0,0,228.192
5,5120,17408,qscb_bf16_out,warm,2,781.289,0,0,228.159
5,5120,17408,qscb_bf16_out,evicted128MiB,0,830.924,0,0,214.53
5,5120,17408,qscb_bf16_out,evicted128MiB,1,830.799,0,0,214.562
5,5120,17408,qscb_bf16_out,evicted128MiB,2,837.673,0,0,212.801
5,5120,17408,qscb_f32_out,warm,0,780.828,0,0,228.293
5,5120,17408,qscb_f32_out,warm,1,782.047,0,0,227.938
5,5120,17408,qscb_f32_out,warm,2,782.252,0,0,227.878
5,5120,17408,qscb_f32_out,evicted128MiB,0,831.38,0,0,214.412
5,5120,17408,qscb_f32_out,evicted128MiB,1,832.441,0,0,214.139
5,5120,17408,qscb_f32_out,evicted128MiB,2,831.064,0,0,214.494
5,5120,17408,w4a4_16_32_128_s1,warm,0,418.607,0,0,119.766
5,5120,17408,w4a4_16_32_128_s1,warm,1,413.59,0,0,121.219
5,5120,17408,w4a4_16_32_128_s1,warm,2,404.048,0,0,124.082
5,5120,17408,w4a4_16_32_128_s1,evicted128MiB,0,531.345,0,0,94.355
5,5120,17408,w4a4_16_32_128_s1,evicted128MiB,1,510.456,0,0,98.2163
5,5120,17408,w4a4_16_32_128_s1,evicted128MiB,2,496.273,0,0,101.023
5,5120,17408,w4a4_16_64_128_s1,warm,0,347.859,0,0,144.125
5,5120,17408,w4a4_16_64_128_s1,warm,1,338.358,0,0,148.172
5,5120,17408,w4a4_16_64_128_s1,warm,2,348.721,0,0,143.768
5,5120,17408,w4a4_16_64_128_s1,evicted128MiB,0,408.807,0,0,122.637
5,5120,17408,w4a4_16_64_128_s1,evicted128MiB,1,411.905,0,0,121.715
5,5120,17408,w4a4_16_64_128_s1,evicted128MiB,2,392.868,0,0,127.613
5,5120,17408,w4a4_16_64_256_s1,warm,0,374.925,0,0,133.72
5,5120,17408,w4a4_16_64_256_s1,warm,1,384.112,0,0,130.522
5,5120,17408,w4a4_16_64_256_s1,warm,2,364.235,0,0,137.645
5,5120,17408,w4a4_16_64_256_s1,evicted128MiB,0,471.226,0,0,106.393
5,5120,17408,w4a4_16_64_256_s1,evicted128MiB,1,418.76,0,0,119.722
5,5120,17408,w4a4_16_64_256_s1,evicted128MiB,2,418.624,0,0,119.762
5,5120,17408,w4a4_16_32_128_s4,warm,0,349.1,0,0,143.612
5,5120,17408,w4a4_16_32_128_s4,warm,1,348.762,0,0,143.751
5,5120,17408,w4a4_16_32_128_s4,warm,2,339.249,0,0,147.782
5,5120,17408,w4a4_16_32_128_s4,evicted128MiB,0,409.691,0,0,122.373
5,5120,17408,w4a4_16_32_128_s4,evicted128MiB,1,420.593,0,0,119.201
5,5120,17408,w4a4_16_32_128_s4,evicted128MiB,2,396.341,0,0,126.495
5,5120,17408,w4a4_16_64_256_s4,warm,0,389.579,0,0,128.69
5,5120,17408,w4a4_16_64_256_s4,warm,1,400.73,0,0,125.109
5,5120,17408,w4a4_16_64_256_s4,warm,2,382.492,0,0,131.075
5,5120,17408,w4a4_16_64_256_s4,evicted128MiB,0,465.587,0,0,107.681
5,5120,17408,w4a4_16_64_256_s4,evicted128MiB,1,434.345,0,0,115.427
5,5120,17408,w4a4_16_64_256_s4,evicted128MiB,2,433.819,0,0,115.567
5,5120,17408,w4a16_16_32_128_s1,warm,0,482.834,0,0,103.835
5,5120,17408,w4a16_16_32_128_s1,warm,1,490.719,0,0,102.166
5,5120,17408,w4a16_16_32_128_s1,warm,2,464.227,0,0,107.997
5,5120,17408,w4a16_16_32_128_s1,evicted128MiB,0,544.232,0,0,92.1206
5,5120,17408,w4a16_16_32_128_s1,evicted128MiB,1,532.887,0,0,94.0819
5,5120,17408,w4a16_16_32_128_s1,evicted128MiB,2,525.329,0,0,95.4355
5,5120,17408,w4a16_16_64_128_s1,warm,0,348.383,0,0,143.908
5,5120,17408,w4a16_16_64_128_s1,warm,1,341.504,0,0,146.807
5,5120,17408,w4a16_16_64_128_s1,warm,2,343.908,0,0,145.781
5,5120,17408,w4a16_16_64_128_s1,evicted128MiB,0,438.855,0,0,114.24
5,5120,17408,w4a16_16_64_128_s1,evicted128MiB,1,409.915,0,0,122.306
5,5120,17408,w4a16_16_64_128_s1,evicted128MiB,2,408.233,0,0,122.81
5,5120,17408,w4a16_16_64_256_s1,warm,0,385.985,0,0,129.888
5,5120,17408,w4a16_16_64_256_s1,warm,1,378.057,0,0,132.612
5,5120,17408,w4a16_16_64_256_s1,warm,2,377.453,0,0,132.824
5,5120,17408,w4a16_16_64_256_s1,evicted128MiB,0,450.162,0,0,111.371
5,5120,17408,w4a16_16_64_256_s1,evicted128MiB,1,422.455,0,0,118.675
5,5120,17408,w4a16_16_64_256_s1,evicted128MiB,2,444.161,0,0,112.876
5,5120,17408,w4a16_16_32_128_s4,warm,0,380.455,0,0,131.777
5,5120,17408,w4a16_16_32_128_s4,warm,1,380.199,0,0,131.865
5,5120,17408,w4a16_16_32_128_s4,warm,2,380.066,0,0,131.912
5,5120,17408,w4a16_16_32_128_s4,evicted128MiB,0,451.266,0,0,111.099
5,5120,17408,w4a16_16_32_128_s4,evicted128MiB,1,427.231,0,0,117.349
5,5120,17408,w4a16_16_32_128_s4,evicted128MiB,2,443.705,0,0,112.992
5,5120,17408,w4a16_16_64_256_s4,warm,0,405.922,0,0,123.509
5,5120,17408,w4a16_16_64_256_s4,warm,1,405.563,0,0,123.618
5,5120,17408,w4a16_16_64_256_s4,warm,2,387.868,0,0,129.258
5,5120,17408,w4a16_16_64_256_s4,evicted128MiB,0,458.779,0,0,109.279
5,5120,17408,w4a16_16_64_256_s4,evicted128MiB,1,441.2,0,0,113.633
5,5120,17408,w4a16_16_64_256_s4,evicted128MiB,2,460.766,0,0,108.808
5,5120,17408,w4a4_16_32_128_s1_aligned,warm,0,283.647,0,0,176.752
5,5120,17408,w4a4_16_32_128_s1_aligned,warm,1,284.188,0,0,176.415
5,5120,17408,w4a4_16_32_128_s1_aligned,warm,2,284.833,0,0,176.015
5,5120,17408,w4a4_16_32_128_s1_aligned,evicted128MiB,0,347.658,0,0,144.208
5,5120,17408,w4a4_16_32_128_s1_aligned,evicted128MiB,1,345.073,0,0,145.288
5,5120,17408,w4a4_16_32_128_s1_aligned,evicted128MiB,2,337.74,0,0,148.443
5,5120,17408,w4a4_16_64_256_s1_aligned,warm,0,252.782,0,0,198.333
5,5120,17408,w4a4_16_64_256_s1_aligned,warm,1,252.7,0,0,198.398
5,5120,17408,w4a4_16_64_256_s1_aligned,warm,2,253.09,0,0,198.092
5,5120,17408,w4a4_16_64_256_s1_aligned,evicted128MiB,0,314.831,0,0,159.244
5,5120,17408,w4a4_16_64_256_s1_aligned,evicted128MiB,1,313.067,0,0,160.142
5,5120,17408,w4a4_16_64_256_s1_aligned,evicted128MiB,2,307.494,0,0,163.044
5,5120,17408,w4a16_16_64_256_s1_aligned,warm,0,251.953,0,0,198.986
5,5120,17408,w4a16_16_64_256_s1_aligned,warm,1,266.762,0,0,187.939
5,5120,17408,w4a16_16_64_256_s1_aligned,warm,2,259.416,0,0,193.261
5,5120,17408,w4a16_16_64_256_s1_aligned,evicted128MiB,0,325.036,0,0,154.245
5,5120,17408,w4a16_16_64_256_s1_aligned,evicted128MiB,1,317.183,0,0,158.063
5,5120,17408,w4a16_16_64_256_s1_aligned,evicted128MiB,2,304.726,0,0,164.525
5,5120,17408,gemv_w4a16_m1_k512_w4,warm,0,702.472,0,0,71.3694
5,5120,17408,gemv_w4a16_m1_k512_w4,warm,1,691.46,0,0,72.5061
5,5120,17408,gemv_w4a16_m1_k512_w4,warm,2,700.916,0,0,71.5279
5,5120,17408,gemv_w4a16_m1_k512_w4,evicted128MiB,0,729.054,0,0,68.7673
5,5120,17408,gemv_w4a16_m1_k512_w4,evicted128MiB,1,754.066,0,0,66.4863
5,5120,17408,gemv_w4a16_m1_k512_w4,evicted128MiB,2,729.113,0,0,68.7616
5,5120,17408,gemv_w4a16_m1_k1024_w4,warm,0,435.31,0,0,115.171
5,5120,17408,gemv_w4a16_m1_k1024_w4,warm,1,447.128,0,0,112.127
5,5120,17408,gemv_w4a16_m1_k1024_w4,warm,2,446.266,0,0,112.344
5,5120,17408,gemv_w4a16_m1_k1024_w4,evicted128MiB,0,462.878,0,0,108.312
5,5120,17408,gemv_w4a16_m1_k1024_w4,evicted128MiB,1,471.967,0,0,106.226
5,5120,17408,gemv_w4a16_m1_k1024_w4,evicted128MiB,2,475.975,0,0,105.331
5,5120,17408,gemv_w4a16_m4_k512_w4,warm,0,521.06,0,0,96.2174
5,5120,17408,gemv_w4a16_m4_k512_w4,warm,1,517.845,0,0,96.8148
5,5120,17408,gemv_w4a16_m4_k512_w4,warm,2,519.563,0,0,96.4946
5,5120,17408,gemv_w4a16_m4_k512_w4,evicted128MiB,0,565.876,0,0,88.5972
5,5120,17408,gemv_w4a16_m4_k512_w4,evicted128MiB,1,538.684,0,0,93.0695
5,5120,17408,gemv_w4a16_m4_k512_w4,evicted128MiB,2,560.187,0,0,89.497
5,5120,17408,gemv_w4a16_m16_k512_w8,warm,0,1102.66,0,0,45.4673
5,5120,17408,gemv_w4a16_m16_k512_w8,warm,1,1075.09,0,0,46.6336
5,5120,17408,gemv_w4a16_m16_k512_w8,warm,2,1075.09,0,0,46.6336
5,5120,17408,gemv_w4a16_m16_k512_w8,evicted128MiB,0,1130.68,0,0,44.3405
5,5120,17408,gemv_w4a16_m16_k512_w8,evicted128MiB,1,1134.27,0,0,44.2001
5,5120,17408,gemv_w4a16_m16_k512_w8,evicted128MiB,2,1132.63,0,0,44.2643
16,5120,17408,cublas_bf16,warm,0,800.069,0,0,222.803
16,5120,17408,cublas_bf16,warm,1,794.356,0,0,224.406
16,5120,17408,cublas_bf16,warm,2,794.53,0,0,224.357
16,5120,17408,cublas_bf16,evicted128MiB,0,847.319,0,0,210.379
16,5120,17408,cublas_bf16,evicted128MiB,1,836.884,0,0,213.002
16,5120,17408,cublas_bf16,evicted128MiB,2,834.765,0,0,213.543
16,5120,17408,qscb_bf16_out,warm,0,785.652,0,0,226.892
16,5120,17408,qscb_bf16_out,warm,1,786.153,0,0,226.747
16,5120,17408,qscb_bf16_out,warm,2,787.802,0,0,226.273
16,5120,17408,qscb_bf16_out,evicted128MiB,0,835.306,0,0,213.404
16,5120,17408,qscb_bf16_out,evicted128MiB,1,835.319,0,0,213.401
16,5120,17408,qscb_bf16_out,evicted128MiB,2,834.012,0,0,213.736
16,5120,17408,qscb_f32_out,warm,0,786.266,0,0,226.715
16,5120,17408,qscb_f32_out,warm,1,789.091,0,0,225.903
16,5120,17408,qscb_f32_out,warm,2,787.883,0,0,226.249
16,5120,17408,qscb_f32_out,evicted128MiB,0,834.788,0,0,213.537
16,5120,17408,qscb_f32_out,evicted128MiB,1,833.569,0,0,213.849
16,5120,17408,qscb_f32_out,evicted128MiB,2,836.35,0,0,213.138
16,5120,17408,w4a4_16_32_128_s1,warm,0,442.437,0,0,113.316
16,5120,17408,w4a4_16_32_128_s1,warm,1,431.777,0,0,116.113
16,5120,17408,w4a4_16_32_128_s1,warm,2,440.246,0,0,113.88
16,5120,17408,w4a4_16_32_128_s1,evicted128MiB,0,576.157,0,0,87.0163
16,5120,17408,w4a4_16_32_128_s1,evicted128MiB,1,558.306,0,0,89.7985
16,5120,17408,w4a4_16_32_128_s1,evicted128MiB,2,558.178,0,0,89.8191
16,5120,17408,w4a4_16_64_128_s1,warm,0,397.479,0,0,126.133
16,5120,17408,w4a4_16_64_128_s1,warm,1,390.828,0,0,128.279
16,5120,17408,w4a4_16_64_128_s1,warm,2,382.605,0,0,131.036
16,5120,17408,w4a4_16_64_128_s1,evicted128MiB,0,447.815,0,0,111.955
16,5120,17408,w4a4_16_64_128_s1,evicted128MiB,1,433.136,0,0,115.749
16,5120,17408,w4a4_16_64_128_s1,evicted128MiB,2,431.535,0,0,116.178
16,5120,17408,w4a4_16_64_256_s1,warm,0,376.359,0,0,133.211
16,5120,17408,w4a4_16_64_256_s1,warm,1,377.864,0,0,132.68
16,5120,17408,w4a4_16_64_256_s1,warm,2,365.852,0,0,137.036
16,5120,17408,w4a4_16_64_256_s1,evicted128MiB,0,457.112,0,0,109.678
16,5120,17408,w4a4_16_64_256_s1,evicted128MiB,1,418.109,0,0,119.909
16,5120,17408,w4a4_16_64_256_s1,evicted128MiB,2,417.851,0,0,119.983
16,5120,17408,w4a4_16_32_128_s4,warm,0,404.416,0,0,123.969
16,5120,17408,w4a4_16_32_128_s4,warm,1,413.437,0,0,121.264
16,5120,17408,w4a4_16_32_128_s4,warm,2,403.577,0,0,124.227
16,5120,17408,w4a4_16_32_128_s4,evicted128MiB,0,471.769,0,0,106.27
16,5120,17408,w4a4_16_32_128_s4,evicted128MiB,1,466.597,0,0,107.448
16,5120,17408,w4a4_16_32_128_s4,evicted128MiB,2,468.254,0,0,107.068
16,5120,17408,w4a4_16_64_256_s4,warm,0,409.014,0,0,122.575
16,5120,17408,w4a4_16_64_256_s4,warm,1,399.348,0,0,125.542
16,5120,17408,w4a4_16_64_256_s4,warm,2,399.307,0,0,125.555
16,5120,17408,w4a4_16_64_256_s4,evicted128MiB,0,444.851,0,0,112.701
16,5120,17408,w4a4_16_64_256_s4,evicted128MiB,1,453.261,0,0,110.61
16,5120,17408,w4a4_16_64_256_s4,evicted128MiB,2,442.015,0,0,113.424
16,5120,17408,w4a16_16_32_128_s1,warm,0,478.236,0,0,104.833
16,5120,17408,w4a16_16_32_128_s1,warm,1,473.26,0,0,105.936
16,5120,17408,w4a16_16_32_128_s1,warm,2,472.502,0,0,106.105
16,5120,17408,w4a16_16_32_128_s1,evicted128MiB,0,545.107,0,0,91.9728
16,5120,17408,w4a16_16_32_128_s1,evicted128MiB,1,558.628,0,0,89.7467
16,5120,17408,w4a16_16_32_128_s1,evicted128MiB,2,531.505,0,0,94.3266
16,5120,17408,w4a16_16_64_128_s1,warm,0,353.124,0,0,141.976
16,5120,17408,w4a16_16_64_128_s1,warm,1,361.685,0,0,138.615
16,5120,17408,w4a16_16_64_128_s1,warm,2,351.906,0,0,142.467
16,5120,17408,w4a16_16_64_128_s1,evicted128MiB,0,397.026,0,0,126.276
16,5120,17408,w4a16_16_64_128_s1,evicted128MiB,1,418.019,0,0,119.935
16,5120,17408,w4a16_16_64_128_s1,evicted128MiB,2,409.325,0,0,122.482
16,5120,17408,w4a16_16_64_256_s1,warm,0,371.43,0,0,134.978
16,5120,17408,w4a16_16_64_256_s1,warm,1,377.084,0,0,132.954
16,5120,17408,w4a16_16_64_256_s1,warm,2,371.188,0,0,135.067
16,5120,17408,w4a16_16_64_256_s1,evicted128MiB,0,441.244,0,0,113.622
16,5120,17408,w4a16_16_64_256_s1,evicted128MiB,1,453.941,0,0,110.444
16,5120,17408,w4a16_16_64_256_s1,evicted128MiB,2,423.476,0,0,118.389
16,5120,17408,w4a16_16_32_128_s4,warm,0,387.022,0,0,129.541
16,5120,17408,w4a16_16_32_128_s4,warm,1,382.421,0,0,131.099
16,5120,17408,w4a16_16_32_128_s4,warm,2,386.087,0,0,129.854
16,5120,17408,w4a16_16_32_128_s4,evicted128MiB,0,440.229,0,0,113.884
16,5120,17408,w4a16_16_32_128_s4,evicted128MiB,1,455.926,0,0,109.963
16,5120,17408,w4a16_16_32_128_s4,evicted128MiB,2,445.382,0,0,112.566
16,5120,17408,w4a16_16_64_256_s4,warm,0,407.386,0,0,123.065
16,5120,17408,w4a16_16_64_256_s4,warm,1,400.515,0,0,125.176
16,5120,17408,w4a16_16_64_256_s4,warm,2,407.202,0,0,123.121
16,5120,17408,w4a16_16_64_256_s4,evicted128MiB,0,492.356,0,0,101.827
16,5120,17408,w4a16_16_64_256_s4,evicted128MiB,1,444.767,0,0,112.722
16,5120,17408,w4a16_16_64_256_s4,evicted128MiB,2,446.537,0,0,112.275
16,5120,17408,w4a4_16_32_128_s1_aligned,warm,0,298.309,0,0,168.064
16,5120,17408,w4a4_16_32_128_s1_aligned,warm,1,288.776,0,0,173.612
16,5120,17408,w4a4_16_32_128_s1_aligned,warm,2,288.428,0,0,173.822
16,5120,17408,w4a4_16_32_128_s1_aligned,evicted128MiB,0,347.801,0,0,144.149
16,5120,17408,w4a4_16_32_128_s1_aligned,evicted128MiB,1,357.338,0,0,140.302
16,5120,17408,w4a4_16_32_128_s1_aligned,evicted128MiB,2,339.783,0,0,147.55
16,5120,17408,w4a4_16_64_256_s1_aligned,warm,0,267.876,0,0,187.158
16,5120,17408,w4a4_16_64_256_s1_aligned,warm,1,268.132,0,0,186.979
16,5120,17408,w4a4_16_64_256_s1_aligned,warm,2,268.192,0,0,186.937
16,5120,17408,w4a4_16_64_256_s1_aligned,evicted128MiB,0,326.782,0,0,153.421
16,5120,17408,w4a4_16_64_256_s1_aligned,evicted128MiB,1,319.869,0,0,156.736
16,5120,17408,w4a4_16_64_256_s1_aligned,evicted128MiB,2,319.715,0,0,156.812
16,5120,17408,w4a16_16_64_256_s1_aligned,warm,0,262.011,0,0,191.347
16,5120,17408,w4a16_16_64_256_s1_aligned,warm,1,262.939,0,0,190.672
16,5120,17408,w4a16_16_64_256_s1_aligned,warm,2,263.903,0,0,189.975
16,5120,17408,w4a16_16_64_256_s1_aligned,evicted128MiB,0,329.02,0,0,152.377
16,5120,17408,w4a16_16_64_256_s1_aligned,evicted128MiB,1,314.859,0,0,159.23
16,5120,17408,w4a16_16_64_256_s1_aligned,evicted128MiB,2,318.988,0,0,157.169
16,5120,17408,gemv_w4a16_m1_k512_w4,warm,0,2179.62,0,0,23.0017
16,5120,17408,gemv_w4a16_m1_k512_w4,warm,1,2142.99,0,0,23.395
16,5120,17408,gemv_w4a16_m1_k512_w4,warm,2,2147.84,0,0,23.3421
16,5120,17408,gemv_w4a16_m1_k512_w4,evicted128MiB,0,2194.97,0,0,22.8408
16,5120,17408,gemv_w4a16_m1_k512_w4,evicted128MiB,1,2164.76,0,0,23.1597
16,5120,17408,gemv_w4a16_m1_k512_w4,evicted128MiB,2,2231.91,0,0,22.4628
16,5120,17408,gemv_w4a16_m1_k1024_w4,warm,0,1651.35,0,0,30.36
16,5120,17408,gemv_w4a16_m1_k1024_w4,warm,1,1637.8,0,0,30.6111
16,5120,17408,gemv_w4a16_m1_k1024_w4,warm,2,1638.05,0,0,30.6065
16,5120,17408,gemv_w4a16_m1_k1024_w4,evicted128MiB,0,1662.63,0,0,30.154
16,5120,17408,gemv_w4a16_m1_k1024_w4,evicted128MiB,1,1688.03,0,0,29.7004
16,5120,17408,gemv_w4a16_m1_k1024_w4,evicted128MiB,2,1682.83,0,0,29.7922
16,5120,17408,gemv_w4a16_m4_k512_w4,warm,0,1402.93,0,0,35.736
16,5120,17408,gemv_w4a16_m4_k512_w4,warm,1,1398.77,0,0,35.8422
16,5120,17408,gemv_w4a16_m4_k512_w4,warm,2,1398.46,0,0,35.8501
16,5120,17408,gemv_w4a16_m4_k512_w4,evicted128MiB,0,1400.59,0,0,35.7957
16,5120,17408,gemv_w4a16_m4_k512_w4,evicted128MiB,1,1413.14,0,0,35.4778
16,5120,17408,gemv_w4a16_m4_k512_w4,evicted128MiB,2,1400.07,0,0,35.8089
16,5120,17408,gemv_w4a16_m16_k512_w8,warm,0,1377.12,0,0,36.4056
16,5120,17408,gemv_w4a16_m16_k512_w8,warm,1,1341.64,0,0,37.3684
16,5120,17408,gemv_w4a16_m16_k512_w8,warm,2,1345.72,0,0,37.2552
16,5120,17408,gemv_w4a16_m16_k512_w8,evicted128MiB,0,1414.77,0,0,35.4369
16,5120,17408,gemv_w4a16_m16_k512_w8,evicted128MiB,1,1387.28,0,0,36.1391
16,5120,17408,gemv_w4a16_m16_k512_w8,evicted128MiB,2,1426.77,0,0,35.1388
1,10240,5120,cublas_bf16,warm,0,430.621,0,0,243.503
1,10240,5120,cublas_bf16,warm,1,415.301,0,0,252.486
1,10240,5120,cublas_bf16,warm,2,415.527,0,0,252.349
1,10240,5120,cublas_bf16,evicted128MiB,0,448.482,0,0,233.806
1,10240,5120,cublas_bf16,evicted128MiB,1,443.948,0,0,236.194
1,10240,5120,cublas_bf16,evicted128MiB,2,451.469,0,0,232.259
1,10240,5120,qscb_bf16_out,warm,0,429.883,0,0,243.921
1,10240,5120,qscb_bf16_out,warm,1,429.689,0,0,244.032
1,10240,5120,qscb_bf16_out,warm,2,429.873,0,0,243.927
1,10240,5120,qscb_bf16_out,evicted128MiB,0,440.915,0,0,237.818
1,10240,5120,qscb_bf16_out,evicted128MiB,1,442.037,0,0,237.214
1,10240,5120,qscb_bf16_out,evicted128MiB,2,440.549,0,0,238.016
1,10240,5120,qscb_f32_out,warm,0,430.231,0,0,243.724
1,10240,5120,qscb_f32_out,warm,1,430.518,0,0,243.561
1,10240,5120,qscb_f32_out,warm,2,431.635,0,0,242.931
1,10240,5120,qscb_f32_out,evicted128MiB,0,440.402,0,0,238.095
1,10240,5120,qscb_f32_out,evicted128MiB,1,440.648,0,0,237.962
1,10240,5120,qscb_f32_out,evicted128MiB,2,445.098,0,0,235.583
1,10240,5120,w4a4_16_32_128_s1,warm,0,148.958,0,0,197.983
1,10240,5120,w4a4_16_32_128_s1,warm,1,147.915,0,0,199.38
1,10240,5120,w4a4_16_32_128_s1,warm,2,157.411,0,0,187.352
1,10240,5120,w4a4_16_32_128_s1,evicted128MiB,0,253.9,0,0,116.153
1,10240,5120,w4a4_16_32_128_s1,evicted128MiB,1,256.466,0,0,114.991
1,10240,5120,w4a4_16_32_128_s1,evicted128MiB,2,250.773,0,0,117.601
1,10240,5120,w4a4_16_64_128_s1,warm,0,141.464,0,0,208.471
1,10240,5120,w4a4_16_64_128_s1,warm,1,136.743,0,0,215.669
1,10240,5120,w4a4_16_64_128_s1,warm,2,145.189,0,0,203.122
1,10240,5120,w4a4_16_64_128_s1,evicted128MiB,0,253.647,0,0,116.269
1,10240,5120,w4a4_16_64_128_s1,evicted128MiB,1,234.959,0,0,125.516
1,10240,5120,w4a4_16_64_128_s1,evicted128MiB,2,236.419,0,0,124.741
1,10240,5120,w4a4_16_64_256_s1,warm,0,192.407,0,0,153.275
1,10240,5120,w4a4_16_64_256_s1,warm,1,193.339,0,0,152.536
1,10240,5120,w4a4_16_64_256_s1,warm,2,193.84,0,0,152.142
1,10240,5120,w4a4_16_64_256_s1,evicted128MiB,0,271.907,0,0,108.461
1,10240,5120,w4a4_16_64_256_s1,evicted128MiB,1,273.947,0,0,107.653
1,10240,5120,w4a4_16_64_256_s1,evicted128MiB,2,261.793,0,0,112.651
1,10240,5120,w4a4_16_32_128_s4,warm,0,132.833,0,0,222.018
1,10240,5120,w4a4_16_32_128_s4,warm,1,132.718,0,0,222.209
1,10240,5120,w4a4_16_32_128_s4,warm,2,141.464,0,0,208.471
1,10240,5120,w4a4_16_32_128_s4,evicted128MiB,0,232.837,0,0,126.66
1,10240,5120,w4a4_16_32_128_s4,evicted128MiB,1,228.893,0,0,128.843
1,10240,5120,w4a4_16_32_128_s4,evicted128MiB,2,240.947,0,0,122.397
1,10240,5120,w4a4_16_64_256_s4,warm,0,176.412,0,0,167.172
1,10240,5120,w4a4_16_64_256_s4,warm,1,186.581,0,0,158.061
1,10240,5120,w4a4_16_64_256_s4,warm,2,176.279,0,0,167.298
1,10240,5120,w4a4_16_64_256_s4,evicted128MiB,0,286.615,0,0,102.895
1,10240,5120,w4a4_16_64_256_s4,evicted128MiB,1,258.226,0,0,114.207
1,10240,5120,w4a4_16_64_256_s4,evicted128MiB,2,265.306,0,0,111.159
1,10240,5120,w4a16_16_32_128_s1,warm,0,181.543,0,0,162.448
1,10240,5120,w4a16_16_32_128_s1,warm,1,180.949,0,0,162.981
1,10240,5120,w4a16_16_32_128_s1,warm,2,181.84,0,0,162.182
1,10240,5120,w4a16_16_32_128_s1,evicted128MiB,0,295.372,0,0,99.8444
1,10240,5120,w4a16_16_32_128_s1,evicted128MiB,1,286.426,0,0,102.963
1,10240,5120,w4a16_16_32_128_s1,evicted128MiB,2,295.981,0,0,99.6389
1,10240,5120,w4a16_16_64_128_s1,warm,0,157.253,0,0,187.54
1,10240,5120,w4a16_16_64_128_s1,warm,1,146.768,0,0,200.938
1,10240,5120,w4a16_16_64_128_s1,warm,2,156.731,0,0,188.164
1,10240,5120,w4a16_16_64_128_s1,evicted128MiB,0,259.527,0,0,113.634
1,10240,5120,w4a16_16_64_128_s1,evicted128MiB,1,248.357,0,0,118.745
1,10240,5120,w4a16_16_64_128_s1,evicted128MiB,2,244.637,0,0,120.551
1,10240,5120,w4a16_16_64_256_s1,warm,0,182.956,0,0,161.193
1,10240,5120,w4a16_16_64_256_s1,warm,1,178.379,0,0,165.329
1,10240,5120,w4a16_16_64_256_s1,warm,2,178.338,0,0,165.367
1,10240,5120,w4a16_16_64_256_s1,evicted128MiB,0,270.264,0,0,109.12
1,10240,5120,w4a16_16_64_256_s1,evicted128MiB,1,255.621,0,0,115.371
1,10240,5120,w4a16_16_64_256_s1,evicted128MiB,2,269.578,0,0,109.398
1,10240,5120,w4a16_16_32_128_s4,warm,0,151.827,0,0,194.242
1,10240,5120,w4a16_16_32_128_s4,warm,1,162.712,0,0,181.248
1,10240,5120,w4a16_16_32_128_s4,warm,2,163.039,0,0,180.884
1,10240,5120,w4a16_16_32_128_s4,evicted128MiB,0,259.821,0,0,113.506
1,10240,5120,w4a16_16_32_128_s4,evicted128MiB,1,274.835,0,0,107.305
1,10240,5120,w4a16_16_32_128_s4,evicted128MiB,2,271.7,0,0,108.543
1,10240,5120,w4a16_16_64_256_s4,warm,0,179.341,0,0,164.442
1,10240,5120,w4a16_16_64_256_s4,warm,1,169.919,0,0,173.56
1,10240,5120,w4a16_16_64_256_s4,warm,2,179.423,0,0,164.367
1,10240,5120,w4a16_16_64_256_s4,evicted128MiB,0,275.699,0,0,106.969
1,10240,5120,w4a16_16_64_256_s4,evicted128MiB,1,264.228,0,0,111.613
1,10240,5120,w4a16_16_64_256_s4,evicted128MiB,2,274.096,0,0,107.594
1,10240,5120,w4a4_16_32_128_s1_aligned,warm,0,102.469,0,0,287.805
1,10240,5120,w4a4_16_32_128_s1_aligned,warm,1,102.429,0,0,287.917
1,10240,5120,w4a4_16_32_128_s1_aligned,warm,2,102.52,0,0,287.663
1,10240,5120,w4a4_16_32_128_s1_aligned,evicted128MiB,0,209.825,0,0,140.551
1,10240,5120,w4a4_16_32_128_s1_aligned,evicted128MiB,1,208.657,0,0,141.338
1,10240,5120,w4a4_16_32_128_s1_aligned,evicted128MiB,2,206.908,0,0,142.533
1,10240,5120,w4a4_16_64_256_s1_aligned,warm,0,97.1523,0,0,303.556
1,10240,5120,w4a4_16_64_256_s1_aligned,warm,1,96.9091,0,0,304.318
1,10240,5120,w4a4_16_64_256_s1_aligned,warm,2,97.0938,0,0,303.739
1,10240,5120,w4a4_16_64_256_s1_aligned,evicted128MiB,0,197.279,0,0,149.49
1,10240,5120,w4a4_16_64_256_s1_aligned,evicted128MiB,1,199.034,0,0,148.172
1,10240,5120,w4a4_16_64_256_s1_aligned,evicted128MiB,2,196.231,0,0,150.288
1,10240,5120,w4a16_16_64_256_s1_aligned,warm,0,112.873,0,0,261.277
1,10240,5120,w4a16_16_64_256_s1_aligned,warm,1,112.801,0,0,261.445
1,10240,5120,w4a16_16_64_256_s1_aligned,warm,2,112.955,0,0,261.088
1,10240,5120,w4a16_16_64_256_s1_aligned,evicted128MiB,0,219.226,0,0,134.524
1,10240,5120,w4a16_16_64_256_s1_aligned,evicted128MiB,1,214.817,0,0,137.285
1,10240,5120,w4a16_16_64_256_s1_aligned,evicted128MiB,2,213.094,0,0,138.395
1,10240,5120,gemv_w4a16_m1_k512_w4,warm,0,113.261,0,0,260.382
1,10240,5120,gemv_w4a16_m1_k512_w4,warm,1,112.156,0,0,262.947
1,10240,5120,gemv_w4a16_m1_k512_w4,warm,2,120.441,0,0,244.861
1,10240,5120,gemv_w4a16_m1_k512_w4,evicted128MiB,0,202.89,0,0,145.356
1,10240,5120,gemv_w4a16_m1_k512_w4,evicted128MiB,1,189.546,0,0,155.589
1,10240,5120,gemv_w4a16_m1_k512_w4,evicted128MiB,2,187.47,0,0,157.312
1,10240,5120,gemv_w4a16_m1_k1024_w4,warm,0,101.475,0,0,290.627
1,10240,5120,gemv_w4a16_m1_k1024_w4,warm,1,102.509,0,0,287.693
1,10240,5120,gemv_w4a16_m1_k1024_w4,warm,2,114.008,0,0,258.677
1,10240,5120,gemv_w4a16_m1_k1024_w4,evicted128MiB,0,193.764,0,0,152.201
1,10240,5120,gemv_w4a16_m1_k1024_w4,evicted128MiB,1,182.028,0,0,162.015
1,10240,5120,gemv_w4a16_m1_k1024_w4,evicted128MiB,2,180.721,0,0,163.186
1,10240,5120,gemv_w4a16_m4_k512_w4,warm,0,171.005,0,0,172.458
1,10240,5120,gemv_w4a16_m4_k512_w4,warm,1,171.221,0,0,172.241
1,10240,5120,gemv_w4a16_m4_k512_w4,warm,2,170.35,0,0,173.121
1,10240,5120,gemv_w4a16_m4_k512_w4,evicted128MiB,0,226.865,0,0,129.994
1,10240,5120,gemv_w4a16_m4_k512_w4,evicted128MiB,1,221.358,0,0,133.229
1,10240,5120,gemv_w4a16_m4_k512_w4,evicted128MiB,2,225.836,0,0,130.587
1,10240,5120,gemv_w4a16_m16_k512_w8,warm,0,672.273,0,0,43.8679
1,10240,5120,gemv_w4a16_m16_k512_w8,warm,1,660.59,0,0,44.6437
1,10240,5120,gemv_w4a16_m16_k512_w8,warm,2,654.733,0,0,45.0431
1,10240,5120,gemv_w4a16_m16_k512_w8,evicted128MiB,0,736.458,0,0,40.0447
1,10240,5120,gemv_w4a16_m16_k512_w8,evicted128MiB,1,693.771,0,0,42.5086
1,10240,5120,gemv_w4a16_m16_k512_w8,evicted128MiB,2,687.861,0,0,42.8738
2,10240,5120,cublas_bf16,warm,0,469.868,0,0,223.164
2,10240,5120,cublas_bf16,warm,1,463.358,0,0,226.299
2,10240,5120,cublas_bf16,warm,2,463.491,0,0,226.234
2,10240,5120,cublas_bf16,evicted128MiB,0,527.461,0,0,198.797
2,10240,5120,cublas_bf16,evicted128MiB,1,515.551,0,0,203.389
2,10240,5120,cublas_bf16,evicted128MiB,2,520.831,0,0,201.328
2,10240,5120,qscb_bf16_out,warm,0,462.836,0,0,226.555
2,10240,5120,qscb_bf16_out,warm,1,463.982,0,0,225.995
2,10240,5120,qscb_bf16_out,warm,2,463.061,0,0,226.445
2,10240,5120,qscb_bf16_out,evicted128MiB,0,515.106,0,0,203.565
2,10240,5120,qscb_bf16_out,evicted128MiB,1,527.08,0,0,198.94
2,10240,5120,qscb_bf16_out,evicted128MiB,2,513.57,0,0,204.174
2,10240,5120,qscb_f32_out,warm,0,463.911,0,0,226.03
2,10240,5120,qscb_f32_out,warm,1,463.921,0,0,226.025
2,10240,5120,qscb_f32_out,warm,2,464.843,0,0,225.576
2,10240,5120,qscb_f32_out,evicted128MiB,0,514.921,0,0,203.638
2,10240,5120,qscb_f32_out,evicted128MiB,1,514.894,0,0,203.649
2,10240,5120,qscb_f32_out,evicted128MiB,2,513.458,0,0,204.218
2,10240,5120,w4a4_16_32_128_s1,warm,0,154.007,0,0,191.492
2,10240,5120,w4a4_16_32_128_s1,warm,1,149.563,0,0,197.182
2,10240,5120,w4a4_16_32_128_s1,warm,2,157.835,0,0,186.849
2,10240,5120,w4a4_16_32_128_s1,evicted128MiB,0,241.361,0,0,122.187
2,10240,5120,w4a4_16_32_128_s1,evicted128MiB,1,254.885,0,0,115.704
2,10240,5120,w4a4_16_32_128_s1,evicted128MiB,2,256.997,0,0,114.753
2,10240,5120,w4a4_16_64_128_s1,warm,0,142.53,0,0,206.913
2,10240,5120,w4a4_16_64_128_s1,warm,1,138.022,0,0,213.67
2,10240,5120,w4a4_16_64_128_s1,warm,2,147.136,0,0,200.435
2,10240,5120,w4a4_16_64_128_s1,evicted128MiB,0,243.15,0,0,121.288
2,10240,5120,w4a4_16_64_128_s1,evicted128MiB,1,240.757,0,0,122.493
2,10240,5120,w4a4_16_64_128_s1,evicted128MiB,2,233.091,0,0,126.522
2,10240,5120,w4a4_16_64_256_s1,warm,0,185.157,0,0,159.276
2,10240,5120,w4a4_16_64_256_s1,warm,1,191.14,0,0,154.291
2,10240,5120,w4a4_16_64_256_s1,warm,2,185.157,0,0,159.276
2,10240,5120,w4a4_16_64_256_s1,evicted128MiB,0,281.452,0,0,104.782
2,10240,5120,w4a4_16_64_256_s1,evicted128MiB,1,277.932,0,0,106.11
2,10240,5120,w4a4_16_64_256_s1,evicted128MiB,2,262.476,0,0,112.358
2,10240,5120,w4a4_16_32_128_s4,warm,0,138.942,0,0,212.255
2,10240,5120,w4a4_16_32_128_s4,warm,1,149.358,0,0,197.453
2,10240,5120,w4a4_16_32_128_s4,warm,2,148.816,0,0,198.173
2,10240,5120,w4a4_16_32_128_s4,evicted128MiB,0,246.007,0,0,119.879
2,10240,5120,w4a4_16_32_128_s4,evicted128MiB,1,236.565,0,0,124.664
2,10240,5120,w4a4_16_32_128_s4,evicted128MiB,2,226.14,0,0,130.411
2,10240,5120,w4a4_16_64_256_s4,warm,0,189.602,0,0,155.543
2,10240,5120,w4a4_16_64_256_s4,warm,1,190.114,0,0,155.124
2,10240,5120,w4a4_16_64_256_s4,warm,2,189.909,0,0,155.291
2,10240,5120,w4a4_16_64_256_s4,evicted128MiB,0,259.056,0,0,113.841
2,10240,5120,w4a4_16_64_256_s4,evicted128MiB,1,281.908,0,0,104.613
2,10240,5120,w4a4_16_64_256_s4,evicted128MiB,2,258.961,0,0,113.883
2,10240,5120,w4a16_16_32_128_s1,warm,0,181.492,0,0,162.494
2,10240,5120,w4a16_16_32_128_s1,warm,1,181.666,0,0,162.338
2,10240,5120,w4a16_16_32_128_s1,warm,2,182.291,0,0,161.781
2,10240,5120,w4a16_16_32_128_s1,evicted128MiB,0,280.43,0,0,105.164
2,10240,5120,w4a16_16_32_128_s1,evicted128MiB,1,287.092,0,0,102.724
2,10240,5120,w4a16_16_32_128_s1,evicted128MiB,2,270.192,0,0,109.149
2,10240,5120,w4a16_16_64_128_s1,warm,0,147.198,0,0,200.351
2,10240,5120,w4a16_16_64_128_s1,warm,1,156.68,0,0,188.225
2,10240,5120,w4a16_16_64_128_s1,warm,2,157.038,0,0,187.796
2,10240,5120,w4a16_16_64_128_s1,evicted128MiB,0,255.786,0,0,115.297
2,10240,5120,w4a16_16_64_128_s1,evicted128MiB,1,257.651,0,0,114.462
2,10240,5120,w4a16_16_64_128_s1,evicted128MiB,2,249.885,0,0,118.019
2,10240,5120,w4a16_16_64_256_s1,warm,0,175.604,0,0,167.942
2,10240,5120,w4a16_16_64_256_s1,warm,1,181.236,0,0,162.723
2,10240,5120,w4a16_16_64_256_s1,warm,2,181.175,0,0,162.777
2,10240,5120,w4a16_16_64_256_s1,evicted128MiB,0,271.18,0,0,108.751
2,10240,5120,w4a16_16_64_256_s1,evicted128MiB,1,255.819,0,0,115.282
2,10240,5120,w4a16_16_64_256_s1,evicted128MiB,2,266.677,0,0,110.588
2,10240,5120,w4a16_16_32_128_s4,warm,0,156.836,0,0,188.039
2,10240,5120,w4a16_16_32_128_s4,warm,1,167.749,0,0,175.805
2,10240,5120,w4a16_16_32_128_s4,warm,2,167.862,0,0,175.687
2,10240,5120,w4a16_16_32_128_s4,evicted128MiB,0,269.681,0,0,109.356
2,10240,5120,w4a16_16_32_128_s4,evicted128MiB,1,256.188,0,0,115.116
2,10240,5120,w4a16_16_32_128_s4,evicted128MiB,2,261.61,0,0,112.73
2,10240,5120,w4a16_16_64_256_s4,warm,0,175.564,0,0,167.98
2,10240,5120,w4a16_16_64_256_s4,warm,1,179.355,0,0,164.43
2,10240,5120,w4a16_16_64_256_s4,warm,2,183.797,0,0,160.455
2,10240,5120,w4a16_16_64_256_s4,evicted128MiB,0,265.418,0,0,111.112
2,10240,5120,w4a16_16_64_256_s4,evicted128MiB,1,271.266,0,0,108.717
2,10240,5120,w4a16_16_64_256_s4,evicted128MiB,2,270.087,0,0,109.191
2,10240,5120,w4a4_16_32_128_s1_aligned,warm,0,102.439,0,0,287.891
2,10240,5120,w4a4_16_32_128_s1_aligned,warm,1,102.623,0,0,287.374
2,10240,5120,w4a4_16_32_128_s1_aligned,warm,2,102.285,0,0,288.324
2,10240,5120,w4a4_16_32_128_s1_aligned,evicted128MiB,0,221.77,0,0,132.981
2,10240,5120,w4a4_16_32_128_s1_aligned,evicted128MiB,1,209.5,0,0,140.77
2,10240,5120,w4a4_16_32_128_s1_aligned,evicted128MiB,2,212.771,0,0,138.605
2,10240,5120,w4a4_16_64_256_s1_aligned,warm,0,97.063,0,0,303.836
2,10240,5120,w4a4_16_64_256_s1_aligned,warm,1,97.1651,0,0,303.516
2,10240,5120,w4a4_16_64_256_s1_aligned,warm,2,97.2573,0,0,303.229
2,10240,5120,w4a4_16_64_256_s1_aligned,evicted128MiB,0,196.131,0,0,150.365
2,10240,5120,w4a4_16_64_256_s1_aligned,evicted128MiB,1,196.5,0,0,150.082
2,10240,5120,w4a4_16_64_256_s1_aligned,evicted128MiB,2,196.116,0,0,150.376
2,10240,5120,w4a16_16_64_256_s1_aligned,warm,0,116.339,0,0,253.495
2,10240,5120,w4a16_16_64_256_s1_aligned,warm,1,116.706,0,0,252.697
2,10240,5120,w4a16_16_64_256_s1_aligned,warm,2,121.301,0,0,243.124
2,10240,5120,w4a16_16_64_256_s1_aligned,evicted128MiB,0,222.166,0,0,132.744
2,10240,5120,w4a16_16_64_256_s1_aligned,evicted128MiB,1,213.152,0,0,138.358
2,10240,5120,w4a16_16_64_256_s1_aligned,evicted128MiB,2,208.793,0,0,141.246
2,10240,5120,gemv_w4a16_m1_k512_w4,warm,0,183.734,0,0,160.51
2,10240,5120,gemv_w4a16_m1_k512_w4,warm,1,184.583,0,0,159.772
2,10240,5120,gemv_w4a16_m1_k512_w4,warm,2,185.854,0,0,158.68
2,10240,5120,gemv_w4a16_m1_k512_w4,evicted128MiB,0,252.147,0,0,116.96
2,10240,5120,gemv_w4a16_m1_k512_w4,evicted128MiB,1,234.196,0,0,125.925
2,10240,5120,gemv_w4a16_m1_k512_w4,evicted128MiB,2,248.09,0,0,118.873
2,10240,5120,gemv_w4a16_m1_k1024_w4,warm,0,120.829,0,0,244.074
2,10240,5120,gemv_w4a16_m1_k1024_w4,warm,1,119.457,0,0,246.877
2,10240,5120,gemv_w4a16_m1_k1024_w4,warm,2,128.049,0,0,230.312
2,10240,5120,gemv_w4a16_m1_k1024_w4,evicted128MiB,0,193.824,0,0,152.155
2,10240,5120,gemv_w4a16_m1_k1024_w4,evicted128MiB,1,183.812,0,0,160.442
2,10240,5120,gemv_w4a16_m1_k1024_w4,evicted128MiB,2,194.695,0,0,151.473
2,10240,5120,gemv_w4a16_m4_k512_w4,warm,0,171.702,0,0,171.758
2,10240,5120,gemv_w4a16_m4_k512_w4,warm,1,171.989,0,0,171.471
2,10240,5120,gemv_w4a16_m4_k512_w4,warm,2,171.62,0,0,171.84
2,10240,5120,gemv_w4a16_m4_k512_w4,evicted128MiB,0,233.017,0,0,126.563
2,10240,5120,gemv_w4a16_m4_k512_w4,evicted128MiB,1,225.371,0,0,130.856
2,10240,5120,gemv_w4a16_m4_k512_w4,evicted128MiB,2,233.6,0,0,126.247
2,10240,5120,gemv_w4a16_m16_k512_w8,warm,0,702.923,0,0,41.9551
2,10240,5120,gemv_w4a16_m16_k512_w8,warm,1,674.649,0,0,43.7134
2,10240,5120,gemv_w4a16_m16_k512_w8,warm,2,661.286,0,0,44.5967
2,10240,5120,gemv_w4a16_m16_k512_w8,evicted128MiB,0,713.717,0,0,41.3206
2,10240,5120,gemv_w4a16_m16_k512_w8,evicted128MiB,1,718.084,0,0,41.0693
2,10240,5120,gemv_w4a16_m16_k512_w8,evicted128MiB,2,730.575,0,0,40.3671
4,10240,5120,cublas_bf16,warm,0,478.043,0,0,219.348
4,10240,5120,cublas_bf16,warm,1,488.496,0,0,214.654
4,10240,5120,cublas_bf16,warm,2,464.947,0,0,225.526
4,10240,5120,cublas_bf16,evicted128MiB,0,525.729,0,0,199.452
4,10240,5120,cublas_bf16,evicted128MiB,1,515.984,0,0,203.219
4,10240,5120,cublas_bf16,evicted128MiB,2,515.548,0,0,203.391
4,10240,5120,qscb_bf16_out,warm,0,465.149,0,0,225.428
4,10240,5120,qscb_bf16_out,warm,1,465.548,0,0,225.235
4,10240,5120,qscb_bf16_out,warm,2,465.17,0,0,225.418
4,10240,5120,qscb_bf16_out,evicted128MiB,0,514.083,0,0,203.97
4,10240,5120,qscb_bf16_out,evicted128MiB,1,514.025,0,0,203.993
4,10240,5120,qscb_bf16_out,evicted128MiB,2,515.805,0,0,203.289
4,10240,5120,qscb_f32_out,warm,0,464.597,0,0,225.696
4,10240,5120,qscb_f32_out,warm,1,464.649,0,0,225.671
4,10240,5120,qscb_f32_out,warm,2,465.324,0,0,225.343
4,10240,5120,qscb_f32_out,evicted128MiB,0,513.461,0,0,204.217
4,10240,5120,qscb_f32_out,evicted128MiB,1,514.318,0,0,203.877
4,10240,5120,qscb_f32_out,evicted128MiB,2,514.18,0,0,203.932
4,10240,5120,w4a4_16_32_128_s1,warm,0,150.146,0,0,196.417
4,10240,5120,w4a4_16_32_128_s1,warm,1,161.237,0,0,182.906
4,10240,5120,w4a4_16_32_128_s1,warm,2,160.387,0,0,183.875
4,10240,5120,w4a4_16_32_128_s1,evicted128MiB,0,276.982,0,0,106.473
4,10240,5120,w4a4_16_32_128_s1,evicted128MiB,1,248.819,0,0,118.525
4,10240,5120,w4a4_16_32_128_s1,evicted128MiB,2,250.011,0,0,117.96
4,10240,5120,w4a4_16_64_128_s1,warm,0,138.76,0,0,212.534
4,10240,5120,w4a4_16_64_128_s1,warm,1,148.468,0,0,198.637
4,10240,5120,w4a4_16_64_128_s1,warm,2,148.834,0,0,198.148
4,10240,5120,w4a4_16_64_128_s1,evicted128MiB,0,253.5,0,0,116.336
4,10240,5120,w4a4_16_64_128_s1,evicted128MiB,1,248.487,0,0,118.683
4,10240,5120,w4a4_16_64_128_s1,evicted128MiB,2,236.783,0,0,124.55
4,10240,5120,w4a4_16_64_256_s1,warm,0,186.016,0,0,158.541
4,10240,5120,w4a4_16_64_256_s1,warm,1,186.233,0,0,158.357
4,10240,5120,w4a4_16_64_256_s1,warm,2,190.738,0,0,154.616
4,10240,5120,w4a4_16_64_256_s1,evicted128MiB,0,269.71,0,0,109.344
4,10240,5120,w4a4_16_64_256_s1,evicted128MiB,1,272.292,0,0,108.307
4,10240,5120,w4a4_16_64_256_s1,evicted128MiB,2,262.002,0,0,112.561
4,10240,5120,w4a4_16_32_128_s4,warm,0,139.088,0,0,212.033
4,10240,5120,w4a4_16_32_128_s4,warm,1,149.164,0,0,197.71
4,10240,5120,w4a4_16_32_128_s4,warm,2,139.262,0,0,211.768
4,10240,5120,w4a4_16_32_128_s4,evicted128MiB,0,239.051,0,0,123.368
4,10240,5120,w4a4_16_32_128_s4,evicted128MiB,1,237.671,0,0,124.084
4,10240,5120,w4a4_16_32_128_s4,evicted128MiB,2,228.195,0,0,129.237
4,10240,5120,w4a4_16_64_256_s4,warm,0,182.567,0,0,161.537
4,10240,5120,w4a4_16_64_256_s4,warm,1,192.53,0,0,153.177
4,10240,5120,w4a4_16_64_256_s4,warm,2,192.141,0,0,153.487
4,10240,5120,w4a4_16_64_256_s4,evicted128MiB,0,291.404,0,0,101.204
4,10240,5120,w4a4_16_64_256_s4,evicted128MiB,1,268.841,0,0,109.698
4,10240,5120,w4a4_16_64_256_s4,evicted128MiB,2,258.702,0,0,113.997
4,10240,5120,w4a16_16_32_128_s1,warm,0,173.78,0,0,169.704
4,10240,5120,w4a16_16_32_128_s1,warm,1,182.794,0,0,161.336
4,10240,5120,w4a16_16_32_128_s1,warm,2,173.812,0,0,169.673
4,10240,5120,w4a16_16_32_128_s1,evicted128MiB,0,299.116,0,0,98.5946
4,10240,5120,w4a16_16_32_128_s1,evicted128MiB,1,304.966,0,0,96.7031
4,10240,5120,w4a16_16_32_128_s1,evicted128MiB,2,270.705,0,0,108.942
4,10240,5120,w4a16_16_64_128_s1,warm,0,149.327,0,0,197.494
4,10240,5120,w4a16_16_64_128_s1,warm,1,160.131,0,0,184.169
4,10240,5120,w4a16_16_64_128_s1,warm,2,158.841,0,0,185.665
4,10240,5120,w4a16_16_64_128_s1,evicted128MiB,0,269.022,0,0,109.624
4,10240,5120,w4a16_16_64_128_s1,evicted128MiB,1,255.831,0,0,115.276
4,10240,5120,w4a16_16_64_128_s1,evicted128MiB,2,251.005,0,0,117.493
4,10240,5120,w4a16_16_64_256_s1,warm,0,178.061,0,0,165.624
4,10240,5120,w4a16_16_64_256_s1,warm,1,184.072,0,0,160.216
4,10240,5120,w4a16_16_64_256_s1,warm,2,186.944,0,0,157.754
4,10240,5120,w4a16_16_64_256_s1,evicted128MiB,0,279.798,0,0,105.402
4,10240,5120,w4a16_16_64_256_s1,evicted128MiB,1,277.026,0,0,106.456
4,10240,5120,w4a16_16_64_256_s1,evicted128MiB,2,257.127,0,0,114.695
4,10240,5120,w4a16_16_32_128_s4,warm,0,157.561,0,0,187.174
4,10240,5120,w4a16_16_32_128_s4,warm,1,167.678,0,0,175.88
4,10240,5120,w4a16_16_32_128_s4,warm,2,167.852,0,0,175.698
4,10240,5120,w4a16_16_32_128_s4,evicted128MiB,0,276.801,0,0,106.543
4,10240,5120,w4a16_16_32_128_s4,evicted128MiB,1,256.618,0,0,114.923
4,10240,5120,w4a16_16_32_128_s4,evicted128MiB,2,272.955,0,0,108.044
4,10240,5120,w4a16_16_64_256_s4,warm,0,187.213,0,0,157.527
4,10240,5120,w4a16_16_64_256_s4,warm,1,185.691,0,0,158.819
4,10240,5120,w4a16_16_64_256_s4,warm,2,186.652,0,0,158.001
4,10240,5120,w4a16_16_64_256_s4,evicted128MiB,0,280.838,0,0,105.011
4,10240,5120,w4a16_16_64_256_s4,evicted128MiB,1,264.602,0,0,111.455
4,10240,5120,w4a16_16_64_256_s4,evicted128MiB,2,266.228,0,0,110.774
4,10240,5120,w4a4_16_32_128_s1_aligned,warm,0,112.443,0,0,262.276
4,10240,5120,w4a4_16_32_128_s1_aligned,warm,1,108.789,0,0,271.085
4,10240,5120,w4a4_16_32_128_s1_aligned,warm,2,104.948,0,0,281.009
4,10240,5120,w4a4_16_32_128_s1_aligned,evicted128MiB,0,210.89,0,0,139.842
4,10240,5120,w4a4_16_32_128_s1_aligned,evicted128MiB,1,214.268,0,0,137.637
4,10240,5120,w4a4_16_32_128_s1_aligned,evicted128MiB,2,213.619,0,0,138.055
4,10240,5120,w4a4_16_64_256_s1_aligned,warm,0,106.007,0,0,278.201
4,10240,5120,w4a4_16_64_256_s1_aligned,warm,1,98.9059,0,0,298.174
4,10240,5120,w4a4_16_64_256_s1_aligned,warm,2,98.8026,0,0,298.486
4,10240,5120,w4a4_16_64_256_s1_aligned,evicted128MiB,0,196.766,0,0,149.88
4,10240,5120,w4a4_16_64_256_s1_aligned,evicted128MiB,1,202.202,0,0,145.85
4,10240,5120,w4a4_16_64_256_s1_aligned,evicted128MiB,2,196.838,0,0,149.824
4,10240,5120,w4a16_16_64_256_s1_aligned,warm,0,115.218,0,0,255.959
4,10240,5120,w4a16_16_64_256_s1_aligned,warm,1,116.646,0,0,252.826
4,10240,5120,w4a16_16_64_256_s1_aligned,warm,2,118.341,0,0,249.204
4,10240,5120,w4a16_16_64_256_s1_aligned,evicted128MiB,0,217.694,0,0,135.471
4,10240,5120,w4a16_16_64_256_s1_aligned,evicted128MiB,1,227.093,0,0,129.864
4,10240,5120,w4a16_16_64_256_s1_aligned,evicted128MiB,2,214.847,0,0,137.266
4,10240,5120,gemv_w4a16_m1_k512_w4,warm,0,335.829,0,0,87.8162
4,10240,5120,gemv_w4a16_m1_k512_w4,warm,1,337.078,0,0,87.4907
4,10240,5120,gemv_w4a16_m1_k512_w4,warm,2,332.891,0,0,88.5911
4,10240,5120,gemv_w4a16_m1_k512_w4,evicted128MiB,0,402.353,0,0,73.2968
4,10240,5120,gemv_w4a16_m1_k512_w4,evicted128MiB,1,375.452,0,0,78.5486
4,10240,5120,gemv_w4a16_m1_k512_w4,evicted128MiB,2,364.847,0,0,80.8317
4,10240,5120,gemv_w4a16_m1_k1024_w4,warm,0,214.076,0,0,137.761
4,10240,5120,gemv_w4a16_m1_k1024_w4,warm,1,214.27,0,0,137.636
4,10240,5120,gemv_w4a16_m1_k1024_w4,warm,2,214.372,0,0,137.57
4,10240,5120,gemv_w4a16_m1_k1024_w4,evicted128MiB,0,253.202,0,0,116.473
4,10240,5120,gemv_w4a16_m1_k1024_w4,evicted128MiB,1,249.132,0,0,118.376
4,10240,5120,gemv_w4a16_m1_k1024_w4,evicted128MiB,2,247.075,0,0,119.361
4,10240,5120,gemv_w4a16_m4_k512_w4,warm,0,165.998,0,0,177.66
4,10240,5120,gemv_w4a16_m4_k512_w4,warm,1,166.029,0,0,177.627
4,10240,5120,gemv_w4a16_m4_k512_w4,warm,2,169.572,0,0,173.915
4,10240,5120,gemv_w4a16_m4_k512_w4,evicted128MiB,0,230.878,0,0,127.735
4,10240,5120,gemv_w4a16_m4_k512_w4,evicted128MiB,1,227.605,0,0,129.572
4,10240,5120,gemv_w4a16_m4_k512_w4,evicted128MiB,2,226.676,0,0,130.103
4,10240,5120,gemv_w4a16_m16_k512_w8,warm,0,667.618,0,0,44.1738
4,10240,5120,gemv_w4a16_m16_k512_w8,warm,1,657.416,0,0,44.8593
4,10240,5120,gemv_w4a16_m16_k512_w8,warm,2,663.58,0,0,44.4425
4,10240,5120,gemv_w4a16_m16_k512_w8,evicted128MiB,0,716.699,0,0,41.1487
4,10240,5120,gemv_w4a16_m16_k512_w8,evicted128MiB,1,743.997,0,0,39.6389
4,10240,5120,gemv_w4a16_m16_k512_w8,evicted128MiB,2,686.606,0,0,42.9522
5,10240,5120,cublas_bf16,warm,0,475.596,0,0,220.476
5,10240,5120,cublas_bf16,warm,1,465.467,0,0,225.274
5,10240,5120,cublas_bf16,warm,2,465.632,0,0,225.194
5,10240,5120,cublas_bf16,evicted128MiB,0,525.67,0,0,199.474
5,10240,5120,cublas_bf16,evicted128MiB,1,517.155,0,0,202.758
5,10240,5120,cublas_bf16,evicted128MiB,2,528.514,0,0,198.401
5,10240,5120,qscb_bf16_out,warm,0,470.75,0,0,222.746
5,10240,5120,qscb_bf16_out,warm,1,464.515,0,0,225.736
5,10240,5120,qscb_bf16_out,warm,2,464.594,0,0,225.697
5,10240,5120,qscb_bf16_out,evicted128MiB,0,514.256,0,0,203.902
5,10240,5120,qscb_bf16_out,evicted128MiB,1,513.911,0,0,204.038
5,10240,5120,qscb_bf16_out,evicted128MiB,2,514.826,0,0,203.676
5,10240,5120,qscb_f32_out,warm,0,464.484,0,0,225.75
5,10240,5120,qscb_f32_out,warm,1,469.707,0,0,223.241
5,10240,5120,qscb_f32_out,warm,2,473.823,0,0,221.301
5,10240,5120,qscb_f32_out,evicted128MiB,0,515.766,0,0,203.304
5,10240,5120,qscb_f32_out,evicted128MiB,1,515.803,0,0,203.29
5,10240,5120,qscb_f32_out,evicted128MiB,2,515.986,0,0,203.218
5,10240,5120,w4a4_16_32_128_s1,warm,0,160.971,0,0,183.208
5,10240,5120,w4a4_16_32_128_s1,warm,1,153.68,0,0,191.9
5,10240,5120,w4a4_16_32_128_s1,warm,2,157.908,0,0,186.762
5,10240,5120,w4a4_16_32_128_s1,evicted128MiB,0,267.989,0,0,110.046
5,10240,5120,w4a4_16_32_128_s1,evicted128MiB,1,265.526,0,0,111.067
5,10240,5120,w4a4_16_32_128_s1,evicted128MiB,2,264.396,0,0,111.542
5,10240,5120,w4a4_16_64_128_s1,warm,0,140.828,0,0,209.412
5,10240,5120,w4a4_16_64_128_s1,warm,1,146.44,0,0,201.388
5,10240,5120,w4a4_16_64_128_s1,warm,2,142.773,0,0,206.56
5,10240,5120,w4a4_16_64_128_s1,evicted128MiB,0,254.182,0,0,116.024
5,10240,5120,w4a4_16_64_128_s1,evicted128MiB,1,248.013,0,0,118.91
5,10240,5120,w4a4_16_64_128_s1,evicted128MiB,2,238.276,0,0,123.769
5,10240,5120,w4a4_16_64_256_s1,warm,0,196.185,0,0,150.323
5,10240,5120,w4a4_16_64_256_s1,warm,1,196.995,0,0,149.705
5,10240,5120,w4a4_16_64_256_s1,warm,2,196.759,0,0,149.885
5,10240,5120,w4a4_16_64_256_s1,evicted128MiB,0,294.67,0,0,100.082
5,10240,5120,w4a4_16_64_256_s1,evicted128MiB,1,262.694,0,0,112.264
5,10240,5120,w4a4_16_64_256_s1,evicted128MiB,2,280.079,0,0,105.296
5,10240,5120,w4a4_16_32_128_s4,warm,0,148.233,0,0,198.951
5,10240,5120,w4a4_16_32_128_s4,warm,1,144.279,0,0,204.403
5,10240,5120,w4a4_16_32_128_s4,warm,2,152.215,0,0,193.747
5,10240,5120,w4a4_16_32_128_s4,evicted128MiB,0,248.224,0,0,118.809
5,10240,5120,w4a4_16_32_128_s4,evicted128MiB,1,243.964,0,0,120.884
5,10240,5120,w4a4_16_32_128_s4,evicted128MiB,2,246.342,0,0,119.716
5,10240,5120,w4a4_16_64_256_s4,warm,0,184.994,0,0,159.417
5,10240,5120,w4a4_16_64_256_s4,warm,1,195.397,0,0,150.929
5,10240,5120,w4a4_16_64_256_s4,warm,2,195.223,0,0,151.064
5,10240,5120,w4a4_16_64_256_s4,evicted128MiB,0,289.724,0,0,101.791
5,10240,5120,w4a4_16_64_256_s4,evicted128MiB,1,259.316,0,0,113.727
5,10240,5120,w4a4_16_64_256_s4,evicted128MiB,2,268.962,0,0,109.648
5,10240,5120,w4a16_16_32_128_s1,warm,0,184.543,0,0,159.807
5,10240,5120,w4a16_16_32_128_s1,warm,1,184.987,0,0,159.423
5,10240,5120,w4a16_16_32_128_s1,warm,2,187.351,0,0,157.411
5,10240,5120,w4a16_16_32_128_s1,evicted128MiB,0,304.11,0,0,96.9755
5,10240,5120,w4a16_16_32_128_s1,evicted128MiB,1,282.727,0,0,104.31
5,10240,5120,w4a16_16_32_128_s1,evicted128MiB,2,270.293,0,0,109.108
5,10240,5120,w4a16_16_64_128_s1,warm,0,152.317,0,0,193.617
5,10240,5120,w4a16_16_64_128_s1,warm,1,152.164,0,0,193.812
5,10240,5120,w4a16_16_64_128_s1,warm,2,162.118,0,0,181.911
5,10240,5120,w4a16_16_64_128_s1,evicted128MiB,0,259.515,0,0,113.64
5,10240,5120,w4a16_16_64_128_s1,evicted128MiB,1,249.626,0,0,118.142
5,10240,5120,w4a16_16_64_128_s1,evicted128MiB,2,257.586,0,0,114.491
5,10240,5120,w4a16_16_64_256_s1,warm,0,182.587,0,0,161.518
5,10240,5120,w4a16_16_64_256_s1,warm,1,178.789,0,0,164.95
5,10240,5120,w4a16_16_64_256_s1,warm,2,182.495,0,0,161.6
5,10240,5120,w4a16_16_64_256_s1,evicted128MiB,0,273.977,0,0,107.641
5,10240,5120,w4a16_16_64_256_s1,evicted128MiB,1,256.997,0,0,114.753
5,10240,5120,w4a16_16_64_256_s1,evicted128MiB,2,272.097,0,0,108.385
5,10240,5120,w4a16_16_32_128_s4,warm,0,160.254,0,0,184.028
5,10240,5120,w4a16_16_32_128_s4,warm,1,170.77,0,0,172.696
5,10240,5120,w4a16_16_32_128_s4,warm,2,170.432,0,0,173.038
5,10240,5120,w4a16_16_32_128_s4,evicted128MiB,0,265.275,0,0,111.172
5,10240,5120,w4a16_16_32_128_s4,evicted128MiB,1,261.394,0,0,112.823
5,10240,5120,w4a16_16_32_128_s4,evicted128MiB,2,250.855,0,0,117.563
5,10240,5120,w4a16_16_64_256_s4,warm,0,181.563,0,0,162.429
5,10240,5120,w4a16_16_64_256_s4,warm,1,188.274,0,0,156.64
5,10240,5120,w4a16_16_64_256_s4,warm,2,190.388,0,0,154.9
5,10240,5120,w4a16_16_64_256_s4,evicted128MiB,0,275.854,0,0,106.909
5,10240,5120,w4a16_16_64_256_s4,evicted128MiB,1,272.123,0,0,108.375
5,10240,5120,w4a16_16_64_256_s4,evicted128MiB,2,258.399,0,0,114.131
5,10240,5120,w4a4_16_32_128_s1_aligned,warm,0,113.703,0,0,259.371
5,10240,5120,w4a4_16_32_128_s1_aligned,warm,1,105.203,0,0,280.328
5,10240,5120,w4a4_16_32_128_s1_aligned,warm,2,105.644,0,0,279.157
5,10240,5120,w4a4_16_32_128_s1_aligned,evicted128MiB,0,216.249,0,0,136.376
5,10240,5120,w4a4_16_32_128_s1_aligned,evicted128MiB,1,207.641,0,0,142.03
5,10240,5120,w4a4_16_32_128_s1_aligned,evicted128MiB,2,217.402,0,0,135.653
5,10240,5120,w4a4_16_64_256_s1_aligned,warm,0,101.773,0,0,289.774
5,10240,5120,w4a4_16_64_256_s1_aligned,warm,1,101.835,0,0,289.599
5,10240,5120,w4a4_16_64_256_s1_aligned,warm,2,101.762,0,0,289.806
5,10240,5120,w4a4_16_64_256_s1_aligned,evicted128MiB,0,197.18,0,0,149.565
5,10240,5120,w4a4_16_64_256_s1_aligned,evicted128MiB,1,196.603,0,0,150.004
5,10240,5120,w4a4_16_64_256_s1_aligned,evicted128MiB,2,201.781,0,0,146.154
5,10240,5120,w4a16_16_64_256_s1_aligned,warm,0,118.034,0,0,249.854
5,10240,5120,w4a16_16_64_256_s1_aligned,warm,1,117.327,0,0,251.358
5,10240,5120,w4a16_16_64_256_s1_aligned,warm,2,116.816,0,0,252.459
5,10240,5120,w4a16_16_64_256_s1_aligned,evicted128MiB,0,214.763,0,0,137.32
5,10240,5120,w4a16_16_64_256_s1_aligned,evicted128MiB,1,217.557,0,0,135.556
5,10240,5120,w4a16_16_64_256_s1_aligned,evicted128MiB,2,210.145,0,0,140.337
5,10240,5120,gemv_w4a16_m1_k512_w4,warm,0,425.101,0,0,69.3746
5,10240,5120,gemv_w4a16_m1_k512_w4,warm,1,422.275,0,0,69.8389
5,10240,5120,gemv_w4a16_m1_k512_w4,warm,2,415.117,0,0,71.0431
5,10240,5120,gemv_w4a16_m1_k512_w4,evicted128MiB,0,478.306,0,0,61.6576
5,10240,5120,gemv_w4a16_m1_k512_w4,evicted128MiB,1,453.665,0,0,65.0065
5,10240,5120,gemv_w4a16_m1_k512_w4,evicted128MiB,2,468.742,0,0,62.9156
5,10240,5120,gemv_w4a16_m1_k1024_w4,warm,0,267.794,0,0,110.126
5,10240,5120,gemv_w4a16_m1_k1024_w4,warm,1,262.856,0,0,112.195
5,10240,5120,gemv_w4a16_m1_k1024_w4,warm,2,269.73,0,0,109.336
5,10240,5120,gemv_w4a16_m1_k1024_w4,evicted128MiB,0,292.272,0,0,100.903
5,10240,5120,gemv_w4a16_m1_k1024_w4,evicted128MiB,1,293.371,0,0,100.525
5,10240,5120,gemv_w4a16_m1_k1024_w4,evicted128MiB,2,305.748,0,0,96.4558
5,10240,5120,gemv_w4a16_m4_k512_w4,warm,0,310.719,0,0,94.9127
5,10240,5120,gemv_w4a16_m4_k512_w4,warm,1,317.571,0,0,92.8649
5,10240,5120,gemv_w4a16_m4_k512_w4,warm,2,311.611,0,0,94.641
5,10240,5120,gemv_w4a16_m4_k512_w4,evicted128MiB,0,347.73,0,0,84.8106
5,10240,5120,gemv_w4a16_m4_k512_w4,evicted128MiB,1,359.727,0,0,81.9822
5,10240,5120,gemv_w4a16_m4_k512_w4,evicted128MiB,2,360.333,0,0,81.8443
5,10240,5120,gemv_w4a16_m16_k512_w8,warm,0,671.213,0,0,43.9372
5,10240,5120,gemv_w4a16_m16_k512_w8,warm,1,660.652,0,0,44.6395
5,10240,5120,gemv_w4a16_m16_k512_w8,warm,2,663.086,0,0,44.4757
5,10240,5120,gemv_w4a16_m16_k512_w8,evicted128MiB,0,720.029,0,0,40.9584
5,10240,5120,gemv_w4a16_m16_k512_w8,evicted128MiB,1,707.855,0,0,41.6628
5,10240,5120,gemv_w4a16_m16_k512_w8,evicted128MiB,2,729.67,0,0,40.4172
16,10240,5120,cublas_bf16,warm,0,482.998,0,0,217.097
16,10240,5120,cublas_bf16,warm,1,471.272,0,0,222.499
16,10240,5120,cublas_bf16,warm,2,471.477,0,0,222.402
16,10240,5120,cublas_bf16,evicted128MiB,0,526.923,0,0,199
16,10240,5120,cublas_bf16,evicted128MiB,1,518.811,0,0,202.111
16,10240,5120,cublas_bf16,evicted128MiB,2,523.627,0,0,200.253
16,10240,5120,qscb_bf16_out,warm,0,473.484,0,0,221.46
16,10240,5120,qscb_bf16_out,warm,1,467.29,0,0,224.395
16,10240,5120,qscb_bf16_out,warm,2,468.938,0,0,223.607
16,10240,5120,qscb_bf16_out,evicted128MiB,0,516.897,0,0,202.86
16,10240,5120,qscb_bf16_out,evicted128MiB,1,518.31,0,0,202.307
16,10240,5120,qscb_bf16_out,evicted128MiB,2,517.484,0,0,202.63
16,10240,5120,qscb_f32_out,warm,0,476.321,0,0,220.141
16,10240,5120,qscb_f32_out,warm,1,470.555,0,0,222.838
16,10240,5120,qscb_f32_out,warm,2,470.403,0,0,222.91
16,10240,5120,qscb_f32_out,evicted128MiB,0,518.438,0,0,202.257
16,10240,5120,qscb_f32_out,evicted128MiB,1,517.924,0,0,202.457
16,10240,5120,qscb_f32_out,evicted128MiB,2,519.132,0,0,201.986
16,10240,5120,w4a4_16_32_128_s1,warm,0,161.297,0,0,182.838
16,10240,5120,w4a4_16_32_128_s1,warm,1,172.112,0,0,171.349
16,10240,5120,w4a4_16_32_128_s1,warm,2,171.208,0,0,172.254
16,10240,5120,w4a4_16_32_128_s1,evicted128MiB,0,278.806,0,0,105.777
16,10240,5120,w4a4_16_32_128_s1,evicted128MiB,1,277.11,0,0,106.424
16,10240,5120,w4a4_16_32_128_s1,evicted128MiB,2,274.234,0,0,107.54
16,10240,5120,w4a4_16_64_128_s1,warm,0,149.112,0,0,197.779
16,10240,5120,w4a4_16_64_128_s1,warm,1,158.841,0,0,185.665
16,10240,5120,w4a4_16_64_128_s1,warm,2,158.809,0,0,185.702
16,10240,5120,w4a4_16_64_128_s1,evicted128MiB,0,257.69,0,0,114.445
16,10240,5120,w4a4_16_64_128_s1,evicted128MiB,1,262.399,0,0,112.391
16,10240,5120,w4a4_16_64_128_s1,evicted128MiB,2,257.327,0,0,114.606
16,10240,5120,w4a4_16_64_256_s1,warm,0,200.189,0,0,147.317
16,10240,5120,w4a4_16_64_256_s1,warm,1,199.903,0,0,147.528
16,10240,5120,w4a4_16_64_256_s1,warm,2,200.313,0,0,147.226
16,10240,5120,w4a4_16_64_256_s1,evicted128MiB,0,262.613,0,0,112.299
16,10240,5120,w4a4_16_64_256_s1,evicted128MiB,1,286.445,0,0,102.956
16,10240,5120,w4a4_16_64_256_s1,evicted128MiB,2,262.519,0,0,112.339
16,10240,5120,w4a4_16_32_128_s4,warm,0,163.881,0,0,179.955
16,10240,5120,w4a4_16_32_128_s4,warm,1,168.2,0,0,175.334
16,10240,5120,w4a4_16_32_128_s4,warm,2,168.22,0,0,175.313
16,10240,5120,w4a4_16_32_128_s4,evicted128MiB,0,246.652,0,0,119.566
16,10240,5120,w4a4_16_32_128_s4,evicted128MiB,1,246.136,0,0,119.816
16,10240,5120,w4a4_16_32_128_s4,evicted128MiB,2,270.85,0,0,108.884
16,10240,5120,w4a4_16_64_256_s4,warm,0,208.72,0,0,141.296
16,10240,5120,w4a4_16_64_256_s4,warm,1,219.513,0,0,134.348
16,10240,5120,w4a4_16_64_256_s4,warm,2,209.276,0,0,140.92
16,10240,5120,w4a4_16_64_256_s4,evicted128MiB,0,286.365,0,0,102.985
16,10240,5120,w4a4_16_64_256_s4,evicted128MiB,1,278.21,0,0,106.003
16,10240,5120,w4a4_16_64_256_s4,evicted128MiB,2,263.147,0,0,112.071
16,10240,5120,w4a16_16_32_128_s1,warm,0,183.58,0,0,160.645
16,10240,5120,w4a16_16_32_128_s1,warm,1,183.959,0,0,160.314
16,10240,5120,w4a16_16_32_128_s1,warm,2,194.455,0,0,151.661
16,10240,5120,w4a16_16_32_128_s1,evicted128MiB,0,290.085,0,0,101.664
16,10240,5120,w4a16_16_32_128_s1,evicted128MiB,1,282.387,0,0,104.435
16,10240,5120,w4a16_16_32_128_s1,evicted128MiB,2,268.345,0,0,109.901
16,10240,5120,w4a16_16_64_128_s1,warm,0,169.859,0,0,173.621
16,10240,5120,w4a16_16_64_128_s1,warm,1,170.115,0,0,173.36
16,10240,5120,w4a16_16_64_128_s1,warm,2,169.941,0,0,173.538
16,10240,5120,w4a16_16_64_128_s1,evicted128MiB,0,256.395,0,0,115.023
16,10240,5120,w4a16_16_64_128_s1,evicted128MiB,1,251.3,0,0,117.354
16,10240,5120,w4a16_16_64_128_s1,evicted128MiB,2,241.008,0,0,122.366
16,10240,5120,w4a16_16_64_256_s1,warm,0,195.89,0,0,150.55
16,10240,5120,w4a16_16_64_256_s1,warm,1,191.191,0,0,154.25
16,10240,5120,w4a16_16_64_256_s1,warm,2,192.655,0,0,153.078
16,10240,5120,w4a16_16_64_256_s1,evicted128MiB,0,278.736,0,0,105.803
16,10240,5120,w4a16_16_64_256_s1,evicted128MiB,1,259.575,0,0,113.613
16,10240,5120,w4a16_16_64_256_s1,evicted128MiB,2,268.533,0,0,109.823
16,10240,5120,w4a16_16_32_128_s4,warm,0,191.455,0,0,154.037
16,10240,5120,w4a16_16_32_128_s4,warm,1,181.932,0,0,162.1
16,10240,5120,w4a16_16_32_128_s4,warm,2,189.348,0,0,155.751
16,10240,5120,w4a16_16_32_128_s4,evicted128MiB,0,259.283,0,0,113.741
16,10240,5120,w4a16_16_32_128_s4,evicted128MiB,1,264.414,0,0,111.534
16,10240,5120,w4a16_16_32_128_s4,evicted128MiB,2,259.922,0,0,113.462
16,10240,5120,w4a16_16_64_256_s4,warm,0,217.495,0,0,135.595
16,10240,5120,w4a16_16_64_256_s4,warm,1,222.923,0,0,132.293
16,10240,5120,w4a16_16_64_256_s4,warm,2,218.703,0,0,134.846
16,10240,5120,w4a16_16_64_256_s4,evicted128MiB,0,275.396,0,0,107.086
16,10240,5120,w4a16_16_64_256_s4,evicted128MiB,1,273.227,0,0,107.937
16,10240,5120,w4a16_16_64_256_s4,evicted128MiB,2,263.104,0,0,112.09
16,10240,5120,w4a4_16_32_128_s1_aligned,warm,0,113.713,0,0,259.348
16,10240,5120,w4a4_16_32_128_s1_aligned,warm,1,113.417,0,0,260.025
16,10240,5120,w4a4_16_32_128_s1_aligned,warm,2,114.102,0,0,258.463
16,10240,5120,w4a4_16_32_128_s1_aligned,evicted128MiB,0,206.942,0,0,142.51
16,10240,5120,w4a4_16_32_128_s1_aligned,evicted128MiB,1,215.349,0,0,136.946
16,10240,5120,w4a4_16_32_128_s1_aligned,evicted128MiB,2,214.421,0,0,137.539
16,10240,5120,w4a4_16_64_256_s1_aligned,warm,0,110.038,0,0,268.01
16,10240,5120,w4a4_16_64_256_s1_aligned,warm,1,116.457,0,0,253.236
16,10240,5120,w4a4_16_64_256_s1_aligned,warm,2,109.699,0,0,268.838
16,10240,5120,w4a4_16_64_256_s1_aligned,evicted128MiB,0,196.906,0,0,149.773
16,10240,5120,w4a4_16_64_256_s1_aligned,evicted128MiB,1,197.771,0,0,149.118
16,10240,5120,w4a4_16_64_256_s1_aligned,evicted128MiB,2,196.948,0,0,149.741
16,10240,5120,w4a16_16_64_256_s1_aligned,warm,0,125.13,0,0,235.685
16,10240,5120,w4a16_16_64_256_s1_aligned,warm,1,125.141,0,0,235.664
16,10240,5120,w4a16_16_64_256_s1_aligned,warm,2,131.79,0,0,223.773
16,10240,5120,w4a16_16_64_256_s1_aligned,evicted128MiB,0,215.145,0,0,137.076
16,10240,5120,w4a16_16_64_256_s1_aligned,evicted128MiB,1,216.156,0,0,136.435
16,10240,5120,w4a16_16_64_256_s1_aligned,evicted128MiB,2,216.794,0,0,136.034
16,10240,5120,gemv_w4a16_m1_k512_w4,warm,0,1323.71,0,0,22.2792
16,10240,5120,gemv_w4a16_m1_k512_w4,warm,1,1315.63,0,0,22.416
16,10240,5120,gemv_w4a16_m1_k512_w4,warm,2,1304.41,0,0,22.6088
16,10240,5120,gemv_w4a16_m1_k512_w4,evicted128MiB,0,1363.72,0,0,21.6256
16,10240,5120,gemv_w4a16_m1_k512_w4,evicted128MiB,1,1387.24,0,0,21.2589
16,10240,5120,gemv_w4a16_m1_k512_w4,evicted128MiB,2,1354.09,0,0,21.7794
16,10240,5120,gemv_w4a16_m1_k1024_w4,warm,0,877.955,0,0,33.5908
16,10240,5120,gemv_w4a16_m1_k1024_w4,warm,1,870.244,0,0,33.8884
16,10240,5120,gemv_w4a16_m1_k1024_w4,warm,2,868.503,0,0,33.9563
16,10240,5120,gemv_w4a16_m1_k1024_w4,evicted128MiB,0,882.093,0,0,33.4332
16,10240,5120,gemv_w4a16_m1_k1024_w4,evicted128MiB,1,830.108,0,0,35.527
16,10240,5120,gemv_w4a16_m1_k1024_w4,evicted128MiB,2,831.335,0,0,35.4745
16,10240,5120,gemv_w4a16_m4_k512_w4,warm,0,698.726,0,0,42.2071
16,10240,5120,gemv_w4a16_m4_k512_w4,warm,1,700.199,0,0,42.1183
16,10240,5120,gemv_w4a16_m4_k512_w4,warm,2,698.601,0,0,42.2147
16,10240,5120,gemv_w4a16_m4_k512_w4,evicted128MiB,0,707.49,0,0,41.6843
16,10240,5120,gemv_w4a16_m4_k512_w4,evicted128MiB,1,703.033,0,0,41.9486
16,10240,5120,gemv_w4a16_m4_k512_w4,evicted128MiB,2,705.24,0,0,41.8172
16,10240,5120,gemv_w4a16_m16_k512_w8,warm,0,778.391,0,0,37.8874
16,10240,5120,gemv_w4a16_m16_k512_w8,warm,1,766.411,0,0,38.4796
16,10240,5120,gemv_w4a16_m16_k512_w8,warm,2,776.487,0,0,37.9803
16,10240,5120,gemv_w4a16_m16_k512_w8,evicted128MiB,0,811.094,0,0,36.3598
16,10240,5120,gemv_w4a16_m16_k512_w8,evicted128MiB,1,827.513,0,0,35.6383
16,10240,5120,gemv_w4a16_m16_k512_w8,evicted128MiB,2,810.002,0,0,36.4088
1,1024,2048,cublas_bf16,warm,0,6.632,0,0,632.434
1,1024,2048,cublas_bf16,warm,1,6.44896,0,0,650.385
1,1024,2048,cublas_bf16,warm,2,6.47008,0,0,648.262
1,1024,2048,cublas_bf16,evicted128MiB,0,40.0651,0,0,104.687
1,1024,2048,cublas_bf16,evicted128MiB,1,40.6283,0,0,103.236
1,1024,2048,cublas_bf16,evicted128MiB,2,39.4645,0,0,106.28
1,1024,2048,qscb_bf16_out,warm,0,6.59392,0,0,636.087
1,1024,2048,qscb_bf16_out,warm,1,6.57216,0,0,638.193
1,1024,2048,qscb_bf16_out,warm,2,6.49056,0,0,646.216
1,1024,2048,qscb_bf16_out,evicted128MiB,0,38.6123,0,0,108.626
1,1024,2048,qscb_bf16_out,evicted128MiB,1,38.7765,0,0,108.166
1,1024,2048,qscb_bf16_out,evicted128MiB,2,38.816,0,0,108.056
1,1024,2048,qscb_f32_out,warm,0,27.4682,0,0,152.697
1,1024,2048,qscb_f32_out,warm,1,25.5075,0,0,164.434
1,1024,2048,qscb_f32_out,warm,2,27.2413,0,0,153.969
1,1024,2048,qscb_f32_out,evicted128MiB,0,39.4272,0,0,106.381
1,1024,2048,qscb_f32_out,evicted128MiB,1,39.1563,0,0,107.117
1,1024,2048,qscb_f32_out,evicted128MiB,2,38.8277,0,0,108.023
1,1024,2048,w4a4_16_32_128_s1,warm,0,10.2582,0,0,114.995
1,1024,2048,w4a4_16_32_128_s1,warm,1,10.2595,0,0,114.981
1,1024,2048,w4a4_16_32_128_s1,warm,2,10.2589,0,0,114.988
1,1024,2048,w4a4_16_32_128_s1,evicted128MiB,0,22.2411,0,0,53.0392
1,1024,2048,w4a4_16_32_128_s1,evicted128MiB,1,22.2368,0,0,53.0494
1,1024,2048,w4a4_16_32_128_s1,evicted128MiB,2,22.2421,0,0,53.0366
1,1024,2048,w4a4_16_64_128_s1,warm,0,12.3872,0,0,95.2312
1,1024,2048,w4a4_16_64_128_s1,warm,1,12.4701,0,0,94.5983
1,1024,2048,w4a4_16_64_128_s1,warm,2,12.4902,0,0,94.4456
1,1024,2048,w4a4_16_64_128_s1,evicted128MiB,0,24.4917,0,0,48.1651
1,1024,2048,w4a4_16_64_128_s1,evicted128MiB,1,24.6421,0,0,47.8712
1,1024,2048,w4a4_16_64_128_s1,evicted128MiB,2,24.3616,0,0,48.4224
1,1024,2048,w4a4_16_64_256_s1,warm,0,16.3805,0,0,72.0155
1,1024,2048,w4a4_16_64_256_s1,warm,1,16.383,0,0,72.0042
1,1024,2048,w4a4_16_64_256_s1,warm,2,16.3821,0,0,72.0084
1,1024,2048,w4a4_16_64_256_s1,evicted128MiB,0,32.5451,0,0,36.2466
1,1024,2048,w4a4_16_64_256_s1,evicted128MiB,1,32.4661,0,0,36.3347
1,1024,2048,w4a4_16_64_256_s1,evicted128MiB,2,32.4683,0,0,36.3323
1,1024,2048,w4a4_16_32_128_s4,warm,0,8.2112,0,0,143.663
1,1024,2048,w4a4_16_32_128_s4,warm,1,8.21088,0,0,143.669
1,1024,2048,w4a4_16_32_128_s4,warm,2,8.21024,0,0,143.68
1,1024,2048,w4a4_16_32_128_s4,evicted128MiB,0,17.9968,0,0,65.5476
1,1024,2048,w4a4_16_32_128_s4,evicted128MiB,1,18,0,0,65.536
1,1024,2048,w4a4_16_32_128_s4,evicted128MiB,2,17.9093,0,0,65.8678
1,1024,2048,w4a4_16_64_256_s4,warm,0,10.2592,0,0,114.984
1,1024,2048,w4a4_16_64_256_s4,warm,1,10.2595,0,0,114.981
1,1024,2048,w4a4_16_64_256_s4,warm,2,10.2579,0,0,114.999
1,1024,2048,w4a4_16_64_256_s4,evicted128MiB,0,28.3829,0,0,41.5619
1,1024,2048,w4a4_16_64_256_s4,evicted128MiB,1,29.1211,0,0,40.5084
1,1024,2048,w4a4_16_64_256_s4,evicted128MiB,2,30.5003,0,0,38.6766
1,1024,2048,w4a16_16_32_128_s1,warm,0,14.3555,0,0,82.1738
1,1024,2048,w4a16_16_32_128_s1,warm,1,14.4573,0,0,81.5954
1,1024,2048,w4a16_16_32_128_s1,warm,2,14.3542,0,0,82.1812
1,1024,2048,w4a16_16_32_128_s1,evicted128MiB,0,31.0496,0,0,37.9924
1,1024,2048,w4a16_16_32_128_s1,evicted128MiB,1,26.4672,0,0,44.5702
1,1024,2048,w4a16_16_32_128_s1,evicted128MiB,2,25.5861,0,0,46.105
1,1024,2048,w4a16_16_64_128_s1,warm,0,16.3827,0,0,72.0056
1,1024,2048,w4a16_16_64_128_s1,warm,1,16.383,0,0,72.0042
1,1024,2048,w4a16_16_64_128_s1,warm,2,16.3827,0,0,72.0056
1,1024,2048,w4a16_16_64_128_s1,evicted128MiB,0,26.3296,0,0,44.8031
1,1024,2048,w4a16_16_64_128_s1,evicted128MiB,1,29.5136,0,0,39.9696
1,1024,2048,w4a16_16_64_128_s1,evicted128MiB,2,26.32,0,0,44.8194
1,1024,2048,w4a16_16_64_256_s1,warm,0,18.4288,0,0,64.0111
1,1024,2048,w4a16_16_64_256_s1,warm,1,18.4298,0,0,64.0078
1,1024,2048,w4a16_16_64_256_s1,warm,2,18.4298,0,0,64.0078
1,1024,2048,w4a16_16_64_256_s1,evicted128MiB,0,32.8512,0,0,35.9088
1,1024,2048,w4a16_16_64_256_s1,evicted128MiB,1,30.9643,0,0,38.0971
1,1024,2048,w4a16_16_64_256_s1,evicted128MiB,2,28.5227,0,0,41.3583
1,1024,2048,w4a16_16_32_128_s4,warm,0,10.2582,0,0,114.995
1,1024,2048,w4a16_16_32_128_s4,warm,1,10.2378,0,0,115.225
1,1024,2048,w4a16_16_32_128_s4,warm,2,10.239,0,0,115.211
1,1024,2048,w4a16_16_32_128_s4,evicted128MiB,0,19.8251,0,0,59.5028
1,1024,2048,w4a16_16_32_128_s4,evicted128MiB,1,19.632,0,0,60.088
1,1024,2048,w4a16_16_32_128_s4,evicted128MiB,2,19.6928,0,0,59.9025
1,1024,2048,w4a16_16_64_256_s4,warm,0,12.2858,0,0,96.0175
1,1024,2048,w4a16_16_64_256_s4,warm,1,12.2864,0,0,96.0125
1,1024,2048,w4a16_16_64_256_s4,warm,2,12.2858,0,0,96.0175
1,1024,2048,w4a16_16_64_256_s4,evicted128MiB,0,28.6037,0,0,41.2411
1,1024,2048,w4a16_16_64_256_s4,evicted128MiB,1,30.6816,0,0,38.4481
1,1024,2048,w4a16_16_64_256_s4,evicted128MiB,2,28.8117,0,0,40.9433
1,1024,2048,w4a4_16_32_128_s1_aligned,warm,0,8.19072,0,0,144.022
1,1024,2048,w4a4_16_32_128_s1_aligned,warm,1,8.19104,0,0,144.017
1,1024,2048,w4a4_16_32_128_s1_aligned,warm,2,8.19104,0,0,144.017
1,1024,2048,w4a4_16_32_128_s1_aligned,evicted128MiB,0,18.4427,0,0,63.963
1,1024,2048,w4a4_16_32_128_s1_aligned,evicted128MiB,1,18.1792,0,0,64.89
1,1024,2048,w4a4_16_32_128_s1_aligned,evicted128MiB,2,21.296,0,0,55.3929
1,1024,2048,w4a4_16_64_256_s1_aligned,warm,0,6.14304,0,0,192.03
1,1024,2048,w4a4_16_64_256_s1_aligned,warm,1,6.14304,0,0,192.03
1,1024,2048,w4a4_16_64_256_s1_aligned,warm,2,6.14304,0,0,192.03
1,1024,2048,w4a4_16_64_256_s1_aligned,evicted128MiB,0,16.3797,0,0,72.0188
1,1024,2048,w4a4_16_64_256_s1_aligned,evicted128MiB,1,16.32,0,0,72.2824
1,1024,2048,w4a4_16_64_256_s1_aligned,evicted128MiB,2,16.1771,0,0,72.921
1,1024,2048,w4a16_16_64_256_s1_aligned,warm,0,10.257,0,0,115.01
1,1024,2048,w4a16_16_64_256_s1_aligned,warm,1,10.239,0,0,115.211
1,1024,2048,w4a16_16_64_256_s1_aligned,warm,2,10.2589,0,0,114.988
1,1024,2048,w4a16_16_64_256_s1_aligned,evicted128MiB,0,19.0997,0,0,61.7625
1,1024,2048,w4a16_16_64_256_s1_aligned,evicted128MiB,1,18.9749,0,0,62.1687
1,1024,2048,w4a16_16_64_256_s1_aligned,evicted128MiB,2,18.9579,0,0,62.2247
1,1024,2048,gemv_w4a16_m1_k512_w4,warm,0,6.14304,0,0,192.03
1,1024,2048,gemv_w4a16_m1_k512_w4,warm,1,6.14272,0,0,192.04
1,1024,2048,gemv_w4a16_m1_k512_w4,warm,2,6.14304,0,0,192.03
1,1024,2048,gemv_w4a16_m1_k512_w4,evicted128MiB,0,14.3083,0,0,82.4452
1,1024,2048,gemv_w4a16_m1_k512_w4,evicted128MiB,1,14.4725,0,0,81.5094
1,1024,2048,gemv_w4a16_m1_k512_w4,evicted128MiB,2,14.1845,0,0,83.1644
1,1024,2048,gemv_w4a16_m1_k1024_w4,warm,0,6.1424,0,0,192.05
1,1024,2048,gemv_w4a16_m1_k1024_w4,warm,1,6.14112,0,0,192.09
1,1024,2048,gemv_w4a16_m1_k1024_w4,warm,2,6.14112,0,0,192.09
1,1024,2048,gemv_w4a16_m1_k1024_w4,evicted128MiB,0,13.5925,0,0,86.7865
1,1024,2048,gemv_w4a16_m1_k1024_w4,evicted128MiB,1,13.2672,0,0,88.9146
1,1024,2048,gemv_w4a16_m1_k1024_w4,evicted128MiB,2,13.2267,0,0,89.1871
1,1024,2048,gemv_w4a16_m4_k512_w4,warm,0,8.20992,0,0,143.686
1,1024,2048,gemv_w4a16_m4_k512_w4,warm,1,8.20992,0,0,143.686
1,1024,2048,gemv_w4a16_m4_k512_w4,warm,2,8.20896,0,0,143.702
1,1024,2048,gemv_w4a16_m4_k512_w4,evicted128MiB,0,16.1728,0,0,72.9403
1,1024,2048,gemv_w4a16_m4_k512_w4,evicted128MiB,1,16.0256,0,0,73.6102
1,1024,2048,gemv_w4a16_m4_k512_w4,evicted128MiB,2,16.0352,0,0,73.5662
1,1024,2048,gemv_w4a16_m16_k512_w8,warm,0,24.5738,0,0,48.0044
1,1024,2048,gemv_w4a16_m16_k512_w8,warm,1,24.5728,0,0,48.0063
1,1024,2048,gemv_w4a16_m16_k512_w8,warm,2,24.5738,0,0,48.0044
1,1024,2048,gemv_w4a16_m16_k512_w8,evicted128MiB,0,41.6309,0,0,28.3359
1,1024,2048,gemv_w4a16_m16_k512_w8,evicted128MiB,1,37.7536,0,0,31.246
1,1024,2048,gemv_w4a16_m16_k512_w8,evicted128MiB,2,36.5792,0,0,32.2491
2,1024,2048,cublas_bf16,warm,0,10.2797,0,0,408.019
2,1024,2048,cublas_bf16,warm,1,10.2582,0,0,408.872
2,1024,2048,cublas_bf16,warm,2,10.2582,0,0,408.872
2,1024,2048,cublas_bf16,evicted128MiB,0,35.3664,0,0,118.596
2,1024,2048,cublas_bf16,evicted128MiB,1,35.2192,0,0,119.091
2,1024,2048,cublas_bf16,evicted128MiB,2,35.7611,0,0,117.287
2,1024,2048,qscb_bf16_out,warm,0,10.2592,0,0,408.833
2,1024,2048,qscb_bf16_out,warm,1,10.2586,0,0,408.859
2,1024,2048,qscb_bf16_out,warm,2,10.2582,0,0,408.872
2,1024,2048,qscb_bf16_out,evicted128MiB,0,35.1584,0,0,119.297
2,1024,2048,qscb_bf16_out,evicted128MiB,1,35.4133,0,0,118.439
2,1024,2048,qscb_bf16_out,evicted128MiB,2,34.9493,0,0,120.011
2,1024,2048,qscb_f32_out,warm,0,10.2554,0,0,408.987
2,1024,2048,qscb_f32_out,warm,1,10.2589,0,0,408.846
2,1024,2048,qscb_f32_out,warm,2,10.2582,0,0,408.872
2,1024,2048,qscb_f32_out,evicted128MiB,0,40.64,0,0,103.206
2,1024,2048,qscb_f32_out,evicted128MiB,1,35.4219,0,0,118.41
2,1024,2048,qscb_f32_out,evicted128MiB,2,35.8997,0,0,116.834
2,1024,2048,w4a4_16_32_128_s1,warm,0,10.2598,0,0,114.977
2,1024,2048,w4a4_16_32_128_s1,warm,1,10.2595,0,0,114.981
2,1024,2048,w4a4_16_32_128_s1,warm,2,10.2592,0,0,114.984
2,1024,2048,w4a4_16_32_128_s1,evicted128MiB,0,22.2432,0,0,53.0341
2,1024,2048,w4a4_16_32_128_s1,evicted128MiB,1,22.2315,0,0,53.0621
2,1024,2048,w4a4_16_32_128_s1,evicted128MiB,2,22.3189,0,0,52.8541
2,1024,2048,w4a4_16_64_128_s1,warm,0,12.3078,0,0,95.8452
2,1024,2048,w4a4_16_64_128_s1,warm,1,12.3062,0,0,95.8577
2,1024,2048,w4a4_16_64_128_s1,warm,2,12.3056,0,0,95.8627
2,1024,2048,w4a4_16_64_128_s1,evicted128MiB,0,33.8133,0,0,34.8871
2,1024,2048,w4a4_16_64_128_s1,evicted128MiB,1,26.5632,0,0,44.4091
2,1024,2048,w4a4_16_64_128_s1,evicted128MiB,2,25.1957,0,0,46.8194
2,1024,2048,w4a4_16_64_256_s1,warm,0,16.3808,0,0,72.0141
2,1024,2048,w4a4_16_64_256_s1,warm,1,16.383,0,0,72.0042
2,1024,2048,w4a4_16_64_256_s1,warm,2,16.383,0,0,72.0042
2,1024,2048,w4a4_16_64_256_s1,evicted128MiB,0,32.4725,0,0,36.3276
2,1024,2048,w4a4_16_64_256_s1,evicted128MiB,1,32.4672,0,0,36.3335
2,1024,2048,w4a4_16_64_256_s1,evicted128MiB,2,32.4832,0,0,36.3156
2,1024,2048,w4a4_16_32_128_s4,warm,0,8.21024,0,0,143.68
2,1024,2048,w4a4_16_32_128_s4,warm,1,8.21024,0,0,143.68
2,1024,2048,w4a4_16_32_128_s4,warm,2,8.21024,0,0,143.68
2,1024,2048,w4a4_16_32_128_s4,evicted128MiB,0,19.4144,0,0,60.7615
2,1024,2048,w4a4_16_32_128_s4,evicted128MiB,1,19.3643,0,0,60.9188
2,1024,2048,w4a4_16_32_128_s4,evicted128MiB,2,19.3013,0,0,61.1174
2,1024,2048,w4a4_16_64_256_s4,warm,0,10.2582,0,0,114.995
2,1024,2048,w4a4_16_64_256_s4,warm,1,10.2573,0,0,115.006
2,1024,2048,w4a4_16_64_256_s4,warm,2,10.2592,0,0,114.984
2,1024,2048,w4a4_16_64_256_s4,evicted128MiB,0,29.1872,0,0,40.4166
2,1024,2048,w4a4_16_64_256_s4,evicted128MiB,1,29.1413,0,0,40.4802
2,1024,2048,w4a4_16_64_256_s4,evicted128MiB,2,28.992,0,0,40.6887
2,1024,2048,w4a16_16_32_128_s1,warm,0,14.3542,0,0,82.1812
2,1024,2048,w4a16_16_32_128_s1,warm,1,14.335,0,0,82.2912
2,1024,2048,w4a16_16_32_128_s1,warm,2,14.3542,0,0,82.1812
2,1024,2048,w4a16_16_32_128_s1,evicted128MiB,0,24.2784,0,0,48.5884
2,1024,2048,w4a16_16_32_128_s1,evicted128MiB,1,24.3648,0,0,48.4161
2,1024,2048,w4a16_16_32_128_s1,evicted128MiB,2,24.2848,0,0,48.5756
2,1024,2048,w4a16_16_64_128_s1,warm,0,16.3827,0,0,72.0056
2,1024,2048,w4a16_16_64_128_s1,warm,1,16.4237,0,0,71.826
2,1024,2048,w4a16_16_64_128_s1,warm,2,16.383,0,0,72.0042
2,1024,2048,w4a16_16_64_128_s1,evicted128MiB,0,34.2005,0,0,34.4921
2,1024,2048,w4a16_16_64_128_s1,evicted128MiB,1,27.5819,0,0,42.769
2,1024,2048,w4a16_16_64_128_s1,evicted128MiB,2,26.4149,0,0,44.6584
2,1024,2048,w4a16_16_64_256_s1,warm,0,18.4298,0,0,64.0078
2,1024,2048,w4a16_16_64_256_s1,warm,1,18.4298,0,0,64.0078
2,1024,2048,w4a16_16_64_256_s1,warm,2,18.4298,0,0,64.0078
2,1024,2048,w4a16_16_64_256_s1,evicted128MiB,0,28.5973,0,0,41.2503
2,1024,2048,w4a16_16_64_256_s1,evicted128MiB,1,28.4469,0,0,41.4684
2,1024,2048,w4a16_16_64_256_s1,evicted128MiB,2,28.6005,0,0,41.2457
2,1024,2048,w4a16_16_32_128_s4,warm,0,10.257,0,0,115.01
2,1024,2048,w4a16_16_32_128_s4,warm,1,10.2387,0,0,115.214
2,1024,2048,w4a16_16_32_128_s4,warm,2,10.2378,0,0,115.225
2,1024,2048,w4a16_16_32_128_s4,evicted128MiB,0,22.7637,0,0,51.8214
2,1024,2048,w4a16_16_32_128_s4,evicted128MiB,1,24.0384,0,0,49.0735
2,1024,2048,w4a16_16_32_128_s4,evicted128MiB,2,21.12,0,0,55.8546
2,1024,2048,w4a16_16_64_256_s4,warm,0,12.2877,0,0,96.0025
2,1024,2048,w4a16_16_64_256_s4,warm,1,12.2858,0,0,96.0175
2,1024,2048,w4a16_16_64_256_s4,warm,2,12.2858,0,0,96.0175
2,1024,2048,w4a16_16_64_256_s4,evicted128MiB,0,29.0389,0,0,40.623
2,1024,2048,w4a16_16_64_256_s4,evicted128MiB,1,28.8896,0,0,40.833
2,1024,2048,w4a16_16_64_256_s4,evicted128MiB,2,29.0549,0,0,40.6006
2,1024,2048,w4a4_16_32_128_s1_aligned,warm,0,8.19072,0,0,144.022
2,1024,2048,w4a4_16_32_128_s1_aligned,warm,1,8.19072,0,0,144.022
2,1024,2048,w4a4_16_32_128_s1_aligned,warm,2,8.19104,0,0,144.017
2,1024,2048,w4a4_16_32_128_s1_aligned,evicted128MiB,0,19.6512,0,0,60.0293
2,1024,2048,w4a4_16_32_128_s1_aligned,evicted128MiB,1,18.1483,0,0,65.0006
2,1024,2048,w4a4_16_32_128_s1_aligned,evicted128MiB,2,18.1376,0,0,65.0388
2,1024,2048,w4a4_16_64_256_s1_aligned,warm,0,6.14272,0,0,192.04
2,1024,2048,w4a4_16_64_256_s1_aligned,warm,1,6.14304,0,0,192.03
2,1024,2048,w4a4_16_64_256_s1_aligned,warm,2,6.14304,0,0,192.03
2,1024,2048,w4a4_16_64_256_s1_aligned,evicted128MiB,0,16.5312,0,0,71.3589
2,1024,2048,w4a4_16_64_256_s1_aligned,evicted128MiB,1,16.2955,0,0,72.3912
2,1024,2048,w4a4_16_64_256_s1_aligned,evicted128MiB,2,16.3083,0,0,72.3344
2,1024,2048,w4a16_16_64_256_s1_aligned,warm,0,10.2586,0,0,114.992
2,1024,2048,w4a16_16_64_256_s1_aligned,warm,1,10.2589,0,0,114.988
2,1024,2048,w4a16_16_64_256_s1_aligned,warm,2,10.2592,0,0,114.984
2,1024,2048,w4a16_16_64_256_s1_aligned,evicted128MiB,0,19.0976,0,0,61.7694
2,1024,2048,w4a16_16_64_256_s1_aligned,evicted128MiB,1,19.2704,0,0,61.2155
2,1024,2048,w4a16_16_64_256_s1_aligned,evicted128MiB,2,19.0368,0,0,61.9667
2,1024,2048,gemv_w4a16_m1_k512_w4,warm,0,8.21024,0,0,143.68
2,1024,2048,gemv_w4a16_m1_k512_w4,warm,1,8.18976,0,0,144.039
2,1024,2048,gemv_w4a16_m1_k512_w4,warm,2,8.1904,0,0,144.028
2,1024,2048,gemv_w4a16_m1_k512_w4,evicted128MiB,0,16.3051,0,0,72.3486
2,1024,2048,gemv_w4a16_m1_k512_w4,evicted128MiB,1,16.1493,0,0,73.0462
2,1024,2048,gemv_w4a16_m1_k512_w4,evicted128MiB,2,16.0789,0,0,73.3661
2,1024,2048,gemv_w4a16_m1_k1024_w4,warm,0,8.19072,0,0,144.022
2,1024,2048,gemv_w4a16_m1_k1024_w4,warm,1,8.19104,0,0,144.017
2,1024,2048,gemv_w4a16_m1_k1024_w4,warm,2,8.19104,0,0,144.017
2,1024,2048,gemv_w4a16_m1_k1024_w4,evicted128MiB,0,14.0405,0,0,84.0173
2,1024,2048,gemv_w4a16_m1_k1024_w4,evicted128MiB,1,14.0437,0,0,83.9982
2,1024,2048,gemv_w4a16_m1_k1024_w4,evicted128MiB,2,14.0491,0,0,83.9663
2,1024,2048,gemv_w4a16_m4_k512_w4,warm,0,8.2112,0,0,143.663
2,1024,2048,gemv_w4a16_m4_k512_w4,warm,1,8.19104,0,0,144.017
2,1024,2048,gemv_w4a16_m4_k512_w4,warm,2,8.19104,0,0,144.017
2,1024,2048,gemv_w4a16_m4_k512_w4,evicted128MiB,0,19.6085,0,0,60.1599
2,1024,2048,gemv_w4a16_m4_k512_w4,evicted128MiB,1,16.5419,0,0,71.3129
2,1024,2048,gemv_w4a16_m4_k512_w4,evicted128MiB,2,16.0885,0,0,73.3223
2,1024,2048,gemv_w4a16_m16_k512_w8,warm,0,24.5728,0,0,48.0063
2,1024,2048,gemv_w4a16_m16_k512_w8,warm,1,24.5738,0,0,48.0044
2,1024,2048,gemv_w4a16_m16_k512_w8,warm,2,24.5629,0,0,48.0256
2,1024,2048,gemv_w4a16_m16_k512_w8,evicted128MiB,0,38.8395,0,0,30.3724
2,1024,2048,gemv_w4a16_m16_k512_w8,evicted128MiB,1,36.5803,0,0,32.2482
2,1024,2048,gemv_w4a16_m16_k512_w8,evicted128MiB,2,39.0955,0,0,30.1735
4,1024,2048,cublas_bf16,warm,0,12.0624,0,0,347.717
4,1024,2048,cublas_bf16,warm,1,11.3437,0,0,369.748
4,1024,2048,cublas_bf16,warm,2,10.2582,0,0,408.872
4,1024,2048,cublas_bf16,evicted128MiB,0,35.4304,0,0,118.382
4,1024,2048,cublas_bf16,evicted128MiB,1,35.6875,0,0,117.529
4,1024,2048,cublas_bf16,evicted128MiB,2,35.6277,0,0,117.726
4,1024,2048,qscb_bf16_out,warm,0,10.3002,0,0,407.208
4,1024,2048,qscb_bf16_out,warm,1,10.2582,0,0,408.872
4,1024,2048,qscb_bf16_out,warm,2,10.2586,0,0,408.859
4,1024,2048,qscb_bf16_out,evicted128MiB,0,35.3451,0,0,118.667
4,1024,2048,qscb_bf16_out,evicted128MiB,1,35.2373,0,0,119.03
4,1024,2048,qscb_bf16_out,evicted128MiB,2,35.2907,0,0,118.85
4,1024,2048,qscb_f32_out,warm,0,10.2774,0,0,408.108
4,1024,2048,qscb_f32_out,warm,1,10.2595,0,0,408.821
4,1024,2048,qscb_f32_out,warm,2,10.2592,0,0,408.833
4,1024,2048,qscb_f32_out,evicted128MiB,0,35.6725,0,0,117.578
4,1024,2048,qscb_f32_out,evicted128MiB,1,35.6875,0,0,117.529
4,1024,2048,qscb_f32_out,evicted128MiB,2,39.3365,0,0,106.626
4,1024,2048,w4a4_16_32_128_s1,warm,0,10.8941,0,0,108.283
4,1024,2048,w4a4_16_32_128_s1,warm,1,10.7904,0,0,109.324
4,1024,2048,w4a4_16_32_128_s1,warm,2,10.8134,0,0,109.091
4,1024,2048,w4a4_16_32_128_s1,evicted128MiB,0,22.8213,0,0,51.6906
4,1024,2048,w4a4_16_32_128_s1,evicted128MiB,1,22.8032,0,0,51.7317
4,1024,2048,w4a4_16_32_128_s1,evicted128MiB,2,22.7435,0,0,51.8676
4,1024,2048,w4a4_16_64_128_s1,warm,0,13.3725,0,0,88.2146
4,1024,2048,w4a4_16_64_128_s1,warm,1,13.3312,0,0,88.4878
4,1024,2048,w4a4_16_64_128_s1,warm,2,13.3533,0,0,88.3414
4,1024,2048,w4a4_16_64_128_s1,evicted128MiB,0,25.7387,0,0,45.8317
4,1024,2048,w4a4_16_64_128_s1,evicted128MiB,1,25.6629,0,0,45.967
4,1024,2048,w4a4_16_64_128_s1,evicted128MiB,2,26.0672,0,0,45.2541
4,1024,2048,w4a4_16_64_256_s1,warm,0,16.3827,0,0,72.0056
4,1024,2048,w4a4_16_64_256_s1,warm,1,16.3824,0,0,72.007
4,1024,2048,w4a4_16_64_256_s1,warm,2,16.3821,0,0,72.0084
4,1024,2048,w4a4_16_64_256_s1,evicted128MiB,0,32.4768,0,0,36.3228
4,1024,2048,w4a4_16_64_256_s1,evicted128MiB,1,32.4725,0,0,36.3276
4,1024,2048,w4a4_16_64_256_s1,evicted128MiB,2,32.4725,0,0,36.3276
4,1024,2048,w4a4_16_32_128_s4,warm,0,8.21056,0,0,143.674
4,1024,2048,w4a4_16_32_128_s4,warm,1,8.21152,0,0,143.658
4,1024,2048,w4a4_16_32_128_s4,warm,2,8.21024,0,0,143.68
4,1024,2048,w4a4_16_32_128_s4,evicted128MiB,0,21.4155,0,0,55.0839
4,1024,2048,w4a4_16_32_128_s4,evicted128MiB,1,20.1184,0,0,58.6353
4,1024,2048,w4a4_16_32_128_s4,evicted128MiB,2,19.8507,0,0,59.4261
4,1024,2048,w4a4_16_64_256_s4,warm,0,10.2576,0,0,115.002
4,1024,2048,w4a4_16_64_256_s4,warm,1,10.2579,0,0,114.999
4,1024,2048,w4a4_16_64_256_s4,warm,2,10.2592,0,0,114.984
4,1024,2048,w4a4_16_64_256_s4,evicted128MiB,0,29.3045,0,0,40.2548
4,1024,2048,w4a4_16_64_256_s4,evicted128MiB,1,29.3141,0,0,40.2416
4,1024,2048,w4a4_16_64_256_s4,evicted128MiB,2,29.232,0,0,40.3547
4,1024,2048,w4a16_16_32_128_s1,warm,0,14.3555,0,0,82.1738
4,1024,2048,w4a16_16_32_128_s1,warm,1,14.3542,0,0,82.1812
4,1024,2048,w4a16_16_32_128_s1,warm,2,14.3555,0,0,82.1738
4,1024,2048,w4a16_16_32_128_s1,evicted128MiB,0,25.8005,0,0,45.7218
4,1024,2048,w4a16_16_32_128_s1,evicted128MiB,1,31.5616,0,0,37.376
4,1024,2048,w4a16_16_32_128_s1,evicted128MiB,2,24.2709,0,0,48.6033
4,1024,2048,w4a16_16_64_128_s1,warm,0,16.3824,0,0,72.007
4,1024,2048,w4a16_16_64_128_s1,warm,1,16.4851,0,0,71.5584
4,1024,2048,w4a16_16_64_128_s1,warm,2,16.383,0,0,72.0042
4,1024,2048,w4a16_16_64_128_s1,evicted128MiB,0,26.4533,0,0,44.5935
4,1024,2048,w4a16_16_64_128_s1,evicted128MiB,1,26.4736,0,0,44.5594
4,1024,2048,w4a16_16_64_128_s1,evicted128MiB,2,26.4651,0,0,44.5738
4,1024,2048,w4a16_16_64_256_s1,warm,0,18.4298,0,0,64.0078
4,1024,2048,w4a16_16_64_256_s1,warm,1,18.4298,0,0,64.0078
4,1024,2048,w4a16_16_64_256_s1,warm,2,18.4288,0,0,64.0111
4,1024,2048,w4a16_16_64_256_s1,evicted128MiB,0,34.1344,0,0,34.5589
4,1024,2048,w4a16_16_64_256_s1,evicted128MiB,1,35.2405,0,0,33.4742
4,1024,2048,w4a16_16_64_256_s1,evicted128MiB,2,29.8304,0,0,39.5452
4,1024,2048,w4a16_16_32_128_s4,warm,0,10.2378,0,0,115.225
4,1024,2048,w4a16_16_32_128_s4,warm,1,10.2371,0,0,115.232
4,1024,2048,w4a16_16_32_128_s4,warm,2,10.2387,0,0,115.214
4,1024,2048,w4a16_16_32_128_s4,evicted128MiB,0,21.4208,0,0,55.0702
4,1024,2048,w4a16_16_32_128_s4,evicted128MiB,1,21.3493,0,0,55.2546
4,1024,2048,w4a16_16_32_128_s4,evicted128MiB,2,21.6416,0,0,54.5084
4,1024,2048,w4a16_16_64_256_s4,warm,0,12.2858,0,0,96.0175
4,1024,2048,w4a16_16_64_256_s4,warm,1,12.2858,0,0,96.0175
4,1024,2048,w4a16_16_64_256_s4,warm,2,12.3069,0,0,95.8527
4,1024,2048,w4a16_16_64_256_s4,evicted128MiB,0,29.5509,0,0,39.9192
4,1024,2048,w4a16_16_64_256_s4,evicted128MiB,1,29.4165,0,0,40.1015
4,1024,2048,w4a16_16_64_256_s4,evicted128MiB,2,35.8261,0,0,32.927
4,1024,2048,w4a4_16_32_128_s1_aligned,warm,0,8.18912,0,0,144.051
4,1024,2048,w4a4_16_32_128_s1_aligned,warm,1,8.19072,0,0,144.022
4,1024,2048,w4a4_16_32_128_s1_aligned,warm,2,8.18944,0,0,144.045
4,1024,2048,w4a4_16_32_128_s1_aligned,evicted128MiB,0,18.3573,0,0,64.2603
4,1024,2048,w4a4_16_32_128_s1_aligned,evicted128MiB,1,18.304,0,0,64.4475
4,1024,2048,w4a4_16_32_128_s1_aligned,evicted128MiB,2,18.3019,0,0,64.4551
4,1024,2048,w4a4_16_64_256_s1_aligned,warm,0,6.16192,0,0,191.442
4,1024,2048,w4a4_16_64_256_s1_aligned,warm,1,6.14304,0,0,192.03
4,1024,2048,w4a4_16_64_256_s1_aligned,warm,2,6.14304,0,0,192.03
4,1024,2048,w4a4_16_64_256_s1_aligned,evicted128MiB,0,16.848,0,0,70.0171
4,1024,2048,w4a4_16_64_256_s1_aligned,evicted128MiB,1,16.9963,0,0,69.4063
4,1024,2048,w4a4_16_64_256_s1_aligned,evicted128MiB,2,16.9963,0,0,69.4063
4,1024,2048,w4a16_16_64_256_s1_aligned,warm,0,10.257,0,0,115.01
4,1024,2048,w4a16_16_64_256_s1_aligned,warm,1,10.3414,0,0,114.07
4,1024,2048,w4a16_16_64_256_s1_aligned,warm,2,10.2592,0,0,114.984
4,1024,2048,w4a16_16_64_256_s1_aligned,evicted128MiB,0,19.6981,0,0,59.8863
4,1024,2048,w4a16_16_64_256_s1_aligned,evicted128MiB,1,19.9232,0,0,59.2098
4,1024,2048,w4a16_16_64_256_s1_aligned,evicted128MiB,2,20.1856,0,0,58.4401
4,1024,2048,gemv_w4a16_m1_k512_w4,warm,0,14.335,0,0,82.2912
4,1024,2048,gemv_w4a16_m1_k512_w4,warm,1,14.3363,0,0,82.2839
4,1024,2048,gemv_w4a16_m1_k512_w4,warm,2,14.335,0,0,82.2912
4,1024,2048,gemv_w4a16_m1_k512_w4,evicted128MiB,0,21.5061,0,0,54.8517
4,1024,2048,gemv_w4a16_m1_k512_w4,evicted128MiB,1,23.1819,0,0,50.8867
4,1024,2048,gemv_w4a16_m1_k512_w4,evicted128MiB,2,24.1504,0,0,48.8459
4,1024,2048,gemv_w4a16_m1_k1024_w4,warm,0,12.3069,0,0,95.8527
4,1024,2048,gemv_w4a16_m1_k1024_w4,warm,1,12.2867,0,0,96.01
4,1024,2048,gemv_w4a16_m1_k1024_w4,warm,2,12.287,0,0,96.0075
4,1024,2048,gemv_w4a16_m1_k1024_w4,evicted128MiB,0,16.0949,0,0,73.2931
4,1024,2048,gemv_w4a16_m1_k1024_w4,evicted128MiB,1,16.0928,0,0,73.3029
4,1024,2048,gemv_w4a16_m1_k1024_w4,evicted128MiB,2,16.0971,0,0,73.2834
4,1024,2048,gemv_w4a16_m4_k512_w4,warm,0,8.22976,0,0,143.339
4,1024,2048,gemv_w4a16_m4_k512_w4,warm,1,8.21024,0,0,143.68
4,1024,2048,gemv_w4a16_m4_k512_w4,warm,2,8.21088,0,0,143.669
4,1024,2048,gemv_w4a16_m4_k512_w4,evicted128MiB,0,16.1685,0,0,72.9595
4,1024,2048,gemv_w4a16_m4_k512_w4,evicted128MiB,1,16.0843,0,0,73.3417
4,1024,2048,gemv_w4a16_m4_k512_w4,evicted128MiB,2,16.1579,0,0,73.0077
4,1024,2048,gemv_w4a16_m16_k512_w8,warm,0,24.5635,0,0,48.0244
4,1024,2048,gemv_w4a16_m16_k512_w8,warm,1,24.5635,0,0,48.0244
4,1024,2048,gemv_w4a16_m16_k512_w8,warm,2,24.5635,0,0,48.0244
4,1024,2048,gemv_w4a16_m16_k512_w8,evicted128MiB,0,42.4949,0,0,27.7597
4,1024,2048,gemv_w4a16_m16_k512_w8,evicted128MiB,1,37.4645,0,0,31.4871
4,1024,2048,gemv_w4a16_m16_k512_w8,evicted128MiB,2,36.5728,0,0,32.2548
5,1024,2048,cublas_bf16,warm,0,10.3002,0,0,407.208
5,1024,2048,cublas_bf16,warm,1,10.2582,0,0,408.872
5,1024,2048,cublas_bf16,warm,2,10.2592,0,0,408.833
5,1024,2048,cublas_bf16,evicted128MiB,0,35.7621,0,0,117.283
5,1024,2048,cublas_bf16,evicted128MiB,1,35.8411,0,0,117.025
5,1024,2048,cublas_bf16,evicted128MiB,2,35.6139,0,0,117.772
5,1024,2048,qscb_bf16_out,warm,0,10.3203,0,0,406.412
5,1024,2048,qscb_bf16_out,warm,1,10.2589,0,0,408.846
5,1024,2048,qscb_bf16_out,warm,2,10.2582,0,0,408.872
5,1024,2048,qscb_bf16_out,evicted128MiB,0,38.4171,0,0,109.178
5,1024,2048,qscb_bf16_out,evicted128MiB,1,35.2181,0,0,119.095
5,1024,2048,qscb_bf16_out,evicted128MiB,2,35.4133,0,0,118.439
5,1024,2048,qscb_f32_out,warm,0,10.2582,0,0,408.872
5,1024,2048,qscb_f32_out,warm,1,10.2582,0,0,408.872
5,1024,2048,qscb_f32_out,warm,2,10.2595,0,0,408.821
5,1024,2048,qscb_f32_out,evicted128MiB,0,35.7749,0,0,117.241
5,1024,2048,qscb_f32_out,evicted128MiB,1,35.4357,0,0,118.364
5,1024,2048,qscb_f32_out,evicted128MiB,2,35.3568,0,0,118.628
5,1024,2048,w4a4_16_32_128_s1,warm,0,11.2218,0,0,105.121
5,1024,2048,w4a4_16_32_128_s1,warm,1,11.2397,0,0,104.954
5,1024,2048,w4a4_16_32_128_s1,warm,2,11.263,0,0,104.736
5,1024,2048,w4a4_16_32_128_s1,evicted128MiB,0,23.3675,0,0,50.4825
5,1024,2048,w4a4_16_32_128_s1,evicted128MiB,1,23.088,0,0,51.0936
5,1024,2048,w4a4_16_32_128_s1,evicted128MiB,2,23.2299,0,0,50.7815
5,1024,2048,w4a4_16_64_128_s1,warm,0,14.0877,0,0,83.7361
5,1024,2048,w4a4_16_64_128_s1,warm,1,14.0483,0,0,83.9707
5,1024,2048,w4a4_16_64_128_s1,warm,2,14.1482,0,0,83.3782
5,1024,2048,w4a4_16_64_128_s1,evicted128MiB,0,26.3296,0,0,44.8031
5,1024,2048,w4a4_16_64_128_s1,evicted128MiB,1,26.0597,0,0,45.2671
5,1024,2048,w4a4_16_64_128_s1,evicted128MiB,2,26.5472,0,0,44.4359
5,1024,2048,w4a4_16_64_256_s1,warm,0,16.3827,0,0,72.0056
5,1024,2048,w4a4_16_64_256_s1,warm,1,16.424,0,0,71.8246
5,1024,2048,w4a4_16_64_256_s1,warm,2,16.3814,0,0,72.0112
5,1024,2048,w4a4_16_64_256_s1,evicted128MiB,0,32.4779,0,0,36.3216
5,1024,2048,w4a4_16_64_256_s1,evicted128MiB,1,32.5451,0,0,36.2466
5,1024,2048,w4a4_16_64_256_s1,evicted128MiB,2,32.464,0,0,36.3371
5,1024,2048,w4a4_16_32_128_s4,warm,0,8.20928,0,0,143.697
5,1024,2048,w4a4_16_32_128_s4,warm,1,8.232,0,0,143.3
5,1024,2048,w4a4_16_32_128_s4,warm,2,8.21024,0,0,143.68
5,1024,2048,w4a4_16_32_128_s4,evicted128MiB,0,20.1707,0,0,58.4833
5,1024,2048,w4a4_16_32_128_s4,evicted128MiB,1,20.0512,0,0,58.8318
5,1024,2048,w4a4_16_32_128_s4,evicted128MiB,2,19.9104,0,0,59.2478
5,1024,2048,w4a4_16_64_256_s4,warm,0,10.3197,0,0,114.311
5,1024,2048,w4a4_16_64_256_s4,warm,1,10.2586,0,0,114.992
5,1024,2048,w4a4_16_64_256_s4,warm,2,10.2589,0,0,114.988
5,1024,2048,w4a4_16_64_256_s4,evicted128MiB,0,29.3312,0,0,40.2182
5,1024,2048,w4a4_16_64_256_s4,evicted128MiB,1,29.2651,0,0,40.3091
5,1024,2048,w4a4_16_64_256_s4,evicted128MiB,2,29.1029,0,0,40.5337
5,1024,2048,w4a16_16_32_128_s1,warm,0,14.3539,0,0,82.183
5,1024,2048,w4a16_16_32_128_s1,warm,1,14.3546,0,0,82.1793
5,1024,2048,w4a16_16_32_128_s1,warm,2,14.3549,0,0,82.1775
5,1024,2048,w4a16_16_32_128_s1,evicted128MiB,0,24.2795,0,0,48.5862
5,1024,2048,w4a16_16_32_128_s1,evicted128MiB,1,24.2784,0,0,48.5884
5,1024,2048,w4a16_16_32_128_s1,evicted128MiB,2,24.2859,0,0,48.5734
5,1024,2048,w4a16_16_64_128_s1,warm,0,16.3808,0,0,72.0141
5,1024,2048,w4a16_16_64_128_s1,warm,1,16.383,0,0,72.0042
5,1024,2048,w4a16_16_64_128_s1,warm,2,16.3818,0,0,72.0098
5,1024,2048,w4a16_16_64_128_s1,evicted128MiB,0,29.4485,0,0,40.058
5,1024,2048,w4a16_16_64_128_s1,evicted128MiB,1,26.4917,0,0,44.5289
5,1024,2048,w4a16_16_64_128_s1,evicted128MiB,2,26.6741,0,0,44.2244
5,1024,2048,w4a16_16_64_256_s1,warm,0,18.4298,0,0,64.0078
5,1024,2048,w4a16_16_64_256_s1,warm,1,18.4298,0,0,64.0078
5,1024,2048,w4a16_16_64_256_s1,warm,2,18.4298,0,0,64.0078
5,1024,2048,w4a16_16_64_256_s1,evicted128MiB,0,32.8768,0,0,35.8809
5,1024,2048,w4a16_16_64_256_s1,evicted128MiB,1,29.8176,0,0,39.5621
5,1024,2048,w4a16_16_64_256_s1,evicted128MiB,2,30.1024,0,0,39.1878
5,1024,2048,w4a16_16_32_128_s4,warm,0,10.2589,0,0,114.988
5,1024,2048,w4a16_16_32_128_s4,warm,1,10.2387,0,0,115.214
5,1024,2048,w4a16_16_32_128_s4,warm,2,10.2384,0,0,115.218
5,1024,2048,w4a16_16_32_128_s4,evicted128MiB,0,22.3883,0,0,52.6905
5,1024,2048,w4a16_16_32_128_s4,evicted128MiB,1,26.0843,0,0,45.2245
5,1024,2048,w4a16_16_32_128_s4,evicted128MiB,2,22.1589,0,0,53.2358
5,1024,2048,w4a16_16_64_256_s4,warm,0,12.2858,0,0,96.0175
5,1024,2048,w4a16_16_64_256_s4,warm,1,12.2867,0,0,96.01
5,1024,2048,w4a16_16_64_256_s4,warm,2,12.2867,0,0,96.01
5,1024,2048,w4a16_16_64_256_s4,evicted128MiB,0,29.6085,0,0,39.8415
5,1024,2048,w4a16_16_64_256_s4,evicted128MiB,1,29.4005,0,0,40.1234
5,1024,2048,w4a16_16_64_256_s4,evicted128MiB,2,29.5477,0,0,39.9235
5,1024,2048,w4a4_16_32_128_s1_aligned,warm,0,8.1904,0,0,144.028
5,1024,2048,w4a4_16_32_128_s1_aligned,warm,1,8.19104,0,0,144.017
5,1024,2048,w4a4_16_32_128_s1_aligned,warm,2,8.19072,0,0,144.022
5,1024,2048,w4a4_16_32_128_s1_aligned,evicted128MiB,0,18.3605,0,0,64.2491
5,1024,2048,w4a4_16_32_128_s1_aligned,evicted128MiB,1,18.4779,0,0,63.8411
5,1024,2048,w4a4_16_32_128_s1_aligned,evicted128MiB,2,18.6261,0,0,63.3329
5,1024,2048,w4a4_16_64_256_s1_aligned,warm,0,6.1632,0,0,191.402
5,1024,2048,w4a4_16_64_256_s1_aligned,warm,1,6.14304,0,0,192.03
5,1024,2048,w4a4_16_64_256_s1_aligned,warm,2,6.14176,0,0,192.07
5,1024,2048,w4a4_16_64_256_s1_aligned,evicted128MiB,0,17.2928,0,0,68.2161
5,1024,2048,w4a4_16_64_256_s1_aligned,evicted128MiB,1,17.2629,0,0,68.3341
5,1024,2048,w4a4_16_64_256_s1_aligned,evicted128MiB,2,17.6021,0,0,67.0173
5,1024,2048,w4a16_16_64_256_s1_aligned,warm,0,10.2576,0,0,115.002
5,1024,2048,w4a16_16_64_256_s1_aligned,warm,1,10.2582,0,0,114.995
5,1024,2048,w4a16_16_64_256_s1_aligned,warm,2,10.2573,0,0,115.006
5,1024,2048,w4a16_16_64_256_s1_aligned,evicted128MiB,0,19.9787,0,0,59.0454
5,1024,2048,w4a16_16_64_256_s1_aligned,evicted128MiB,1,20.0651,0,0,58.7911
5,1024,2048,w4a16_16_64_256_s1_aligned,evicted128MiB,2,20.0512,0,0,58.8318
5,1024,2048,gemv_w4a16_m1_k512_w4,warm,0,16.4022,0,0,71.9199
5,1024,2048,gemv_w4a16_m1_k512_w4,warm,1,16.3827,0,0,72.0056
5,1024,2048,gemv_w4a16_m1_k512_w4,warm,2,16.383,0,0,72.0042
5,1024,2048,gemv_w4a16_m1_k512_w4,evicted128MiB,0,26.416,0,0,44.6566
5,1024,2048,gemv_w4a16_m1_k512_w4,evicted128MiB,1,26.992,0,0,43.7036
5,1024,2048,gemv_w4a16_m1_k512_w4,evicted128MiB,2,24.2752,0,0,48.5948
5,1024,2048,gemv_w4a16_m1_k1024_w4,warm,0,15.3178,0,0,77.0118
5,1024,2048,gemv_w4a16_m1_k1024_w4,warm,1,16.6378,0,0,70.9019
5,1024,2048,gemv_w4a16_m1_k1024_w4,warm,2,16.3101,0,0,72.3263
5,1024,2048,gemv_w4a16_m1_k1024_w4,evicted128MiB,0,20.3296,0,0,58.0261
5,1024,2048,gemv_w4a16_m1_k1024_w4,evicted128MiB,1,20.3296,0,0,58.0261
5,1024,2048,gemv_w4a16_m1_k1024_w4,evicted128MiB,2,18.1365,0,0,65.0426
5,1024,2048,gemv_w4a16_m4_k512_w4,warm,0,14.3344,0,0,82.2949
5,1024,2048,gemv_w4a16_m4_k512_w4,warm,1,14.3334,0,0,82.3004
5,1024,2048,gemv_w4a16_m4_k512_w4,warm,2,14.335,0,0,82.2912
5,1024,2048,gemv_w4a16_m4_k512_w4,evicted128MiB,0,20.1941,0,0,58.4154
5,1024,2048,gemv_w4a16_m4_k512_w4,evicted128MiB,1,20.192,0,0,58.4215
5,1024,2048,gemv_w4a16_m4_k512_w4,evicted128MiB,2,20.2112,0,0,58.3661
5,1024,2048,gemv_w4a16_m16_k512_w8,warm,0,24.5635,0,0,48.0244
5,1024,2048,gemv_w4a16_m16_k512_w8,warm,1,24.5738,0,0,48.0044
5,1024,2048,gemv_w4a16_m16_k512_w8,warm,2,24.5738,0,0,48.0044
5,1024,2048,gemv_w4a16_m16_k512_w8,evicted128MiB,0,43.0741,0,0,27.3865
5,1024,2048,gemv_w4a16_m16_k512_w8,evicted128MiB,1,40.8064,0,0,28.9084
5,1024,2048,gemv_w4a16_m16_k512_w8,evicted128MiB,2,36.5611,0,0,32.2652
16,1024,2048,cublas_bf16,warm,0,12.2858,0,0,341.396
16,1024,2048,cublas_bf16,warm,1,12.2858,0,0,341.396
16,1024,2048,cublas_bf16,warm,2,12.2864,0,0,341.378
16,1024,2048,cublas_bf16,evicted128MiB,0,36.0512,0,0,116.343
16,1024,2048,cublas_bf16,evicted128MiB,1,36.0256,0,0,116.426
16,1024,2048,cublas_bf16,evicted128MiB,2,36.0277,0,0,116.419
16,1024,2048,qscb_bf16_out,warm,0,12.2858,0,0,341.396
16,1024,2048,qscb_bf16_out,warm,1,12.287,0,0,341.36
16,1024,2048,qscb_bf16_out,warm,2,12.287,0,0,341.36
16,1024,2048,qscb_bf16_out,evicted128MiB,0,35.4773,0,0,118.225
16,1024,2048,qscb_bf16_out,evicted128MiB,1,35.6224,0,0,117.743
16,1024,2048,qscb_bf16_out,evicted128MiB,2,35.5413,0,0,118.012
16,1024,2048,qscb_f32_out,warm,0,12.287,0,0,341.36
16,1024,2048,qscb_f32_out,warm,1,12.2864,0,0,341.378
16,1024,2048,qscb_f32_out,warm,2,12.287,0,0,341.36
16,1024,2048,qscb_f32_out,evicted128MiB,0,35.8219,0,0,117.088
16,1024,2048,qscb_f32_out,evicted128MiB,1,35.6789,0,0,117.557
16,1024,2048,qscb_f32_out,evicted128MiB,2,36.0299,0,0,116.412
16,1024,2048,w4a4_16_32_128_s1,warm,0,12.2867,0,0,96.01
16,1024,2048,w4a4_16_32_128_s1,warm,1,12.287,0,0,96.0075
16,1024,2048,w4a4_16_32_128_s1,warm,2,12.3894,0,0,95.214
16,1024,2048,w4a4_16_32_128_s1,evicted128MiB,0,24.2848,0,0,48.5756
16,1024,2048,w4a4_16_32_128_s1,evicted128MiB,1,24.2837,0,0,48.5777
16,1024,2048,w4a4_16_32_128_s1,evicted128MiB,2,24.2848,0,0,48.5756
16,1024,2048,w4a4_16_64_128_s1,warm,0,14.3347,0,0,82.2931
16,1024,2048,w4a4_16_64_128_s1,warm,1,14.335,0,0,82.2912
16,1024,2048,w4a4_16_64_128_s1,warm,2,14.3334,0,0,82.3004
16,1024,2048,w4a4_16_64_128_s1,evicted128MiB,0,26.7541,0,0,44.0922
16,1024,2048,w4a4_16_64_128_s1,evicted128MiB,1,27.3163,0,0,43.1848
16,1024,2048,w4a4_16_64_128_s1,evicted128MiB,2,27.6352,0,0,42.6864
16,1024,2048,w4a4_16_64_256_s1,warm,0,19.7686,0,0,59.6727
16,1024,2048,w4a4_16_64_256_s1,warm,1,17.0563,0,0,69.1619
16,1024,2048,w4a4_16_64_256_s1,warm,2,16.4029,0,0,71.9171
16,1024,2048,w4a4_16_64_256_s1,evicted128MiB,0,32.5355,0,0,36.2573
16,1024,2048,w4a4_16_64_256_s1,evicted128MiB,1,32.6123,0,0,36.1719
16,1024,2048,w4a4_16_64_256_s1,evicted128MiB,2,32.5493,0,0,36.2419
16,1024,2048,w4a4_16_32_128_s4,warm,0,8.20928,0,0,143.697
16,1024,2048,w4a4_16_32_128_s4,warm,1,8.21024,0,0,143.68
16,1024,2048,w4a4_16_32_128_s4,warm,2,8.2096,0,0,143.691
16,1024,2048,w4a4_16_32_128_s4,evicted128MiB,0,20.1877,0,0,58.4339
16,1024,2048,w4a4_16_32_128_s4,evicted128MiB,1,20.0427,0,0,58.8568
16,1024,2048,w4a4_16_32_128_s4,evicted128MiB,2,20.0555,0,0,58.8193
16,1024,2048,w4a4_16_64_256_s4,warm,0,10.2979,0,0,114.552
16,1024,2048,w4a4_16_64_256_s4,warm,1,10.2579,0,0,114.999
16,1024,2048,w4a4_16_64_256_s4,warm,2,10.2582,0,0,114.995
16,1024,2048,w4a4_16_64_256_s4,evicted128MiB,0,29.0955,0,0,40.5441
16,1024,2048,w4a4_16_64_256_s4,evicted128MiB,1,29.2288,0,0,40.3591
16,1024,2048,w4a4_16_64_256_s4,evicted128MiB,2,29.2693,0,0,40.3032
16,1024,2048,w4a16_16_32_128_s1,warm,0,14.3546,0,0,82.1793
16,1024,2048,w4a16_16_32_128_s1,warm,1,14.3542,0,0,82.1812
16,1024,2048,w4a16_16_32_128_s1,warm,2,14.3555,0,0,82.1738
16,1024,2048,w4a16_16_32_128_s1,evicted128MiB,0,27.3792,0,0,43.0856
16,1024,2048,w4a16_16_32_128_s1,evicted128MiB,1,24.2784,0,0,48.5884
16,1024,2048,w4a16_16_32_128_s1,evicted128MiB,2,24.3563,0,0,48.433
16,1024,2048,w4a16_16_64_128_s1,warm,0,16.4022,0,0,71.9199
16,1024,2048,w4a16_16_64_128_s1,warm,1,16.4029,0,0,71.9171
16,1024,2048,w4a16_16_64_128_s1,warm,2,16.5258,0,0,71.3824
16,1024,2048,w4a16_16_64_128_s1,evicted128MiB,0,30.1365,0,0,39.1435
16,1024,2048,w4a16_16_64_128_s1,evicted128MiB,1,32.4715,0,0,36.3288
16,1024,2048,w4a16_16_64_128_s1,evicted128MiB,2,28.2443,0,0,41.7659
16,1024,2048,w4a16_16_64_256_s1,warm,0,18.4298,0,0,64.0078
16,1024,2048,w4a16_16_64_256_s1,warm,1,18.4298,0,0,64.0078
16,1024,2048,w4a16_16_64_256_s1,warm,2,18.4298,0,0,64.0078
16,1024,2048,w4a16_16_64_256_s1,evicted128MiB,0,31.1221,0,0,37.9038
16,1024,2048,w4a16_16_64_256_s1,evicted128MiB,1,31.1179,0,0,37.909
16,1024,2048,w4a16_16_64_256_s1,evicted128MiB,2,31.0027,0,0,38.0499
16,1024,2048,w4a16_16_32_128_s4,warm,0,10.2582,0,0,114.995
16,1024,2048,w4a16_16_32_128_s4,warm,1,10.2381,0,0,115.222
16,1024,2048,w4a16_16_32_128_s4,warm,2,10.2589,0,0,114.988
16,1024,2048,w4a16_16_32_128_s4,evicted128MiB,0,22.7605,0,0,51.8287
16,1024,2048,w4a16_16_32_128_s4,evicted128MiB,1,21.7067,0,0,54.345
16,1024,2048,w4a16_16_32_128_s4,evicted128MiB,2,21.248,0,0,55.5181
16,1024,2048,w4a16_16_64_256_s4,warm,0,12.2861,0,0,96.015
16,1024,2048,w4a16_16_64_256_s4,warm,1,12.2858,0,0,96.0175
16,1024,2048,w4a16_16_64_256_s4,warm,2,12.2861,0,0,96.015
16,1024,2048,w4a16_16_64_256_s4,evicted128MiB,0,29.8069,0,0,39.5763
16,1024,2048,w4a16_16_64_256_s4,evicted128MiB,1,29.9221,0,0,39.4239
16,1024,2048,w4a16_16_64_256_s4,evicted128MiB,2,29.8037,0,0,39.5806
16,1024,2048,w4a4_16_32_128_s1_aligned,warm,0,8.21024,0,0,143.68
16,1024,2048,w4a4_16_32_128_s1_aligned,warm,1,8.19072,0,0,144.022
16,1024,2048,w4a4_16_32_128_s1_aligned,warm,2,8.20928,0,0,143.697
16,1024,2048,w4a4_16_32_128_s1_aligned,evicted128MiB,0,20.4565,0,0,57.6661
16,1024,2048,w4a4_16_32_128_s1_aligned,evicted128MiB,1,20.064,0,0,58.7942
16,1024,2048,w4a4_16_32_128_s1_aligned,evicted128MiB,2,20.1376,0,0,58.5794
16,1024,2048,w4a4_16_64_256_s1_aligned,warm,0,6.16224,0,0,191.432
16,1024,2048,w4a4_16_64_256_s1_aligned,warm,1,6.16128,0,0,191.461
16,1024,2048,w4a4_16_64_256_s1_aligned,warm,2,6.16352,0,0,191.392
16,1024,2048,w4a4_16_64_256_s1_aligned,evicted128MiB,0,18.0789,0,0,65.2499
16,1024,2048,w4a4_16_64_256_s1_aligned,evicted128MiB,1,21.9147,0,0,53.8292
16,1024,2048,w4a4_16_64_256_s1_aligned,evicted128MiB,2,18.0693,0,0,65.2845
16,1024,2048,w4a16_16_64_256_s1_aligned,warm,0,12.287,0,0,96.0075
16,1024,2048,w4a16_16_64_256_s1_aligned,warm,1,12.2867,0,0,96.01
16,1024,2048,w4a16_16_64_256_s1_aligned,warm,2,12.287,0,0,96.0075
16,1024,2048,w4a16_16_64_256_s1_aligned,evicted128MiB,0,21.6811,0,0,54.4091
16,1024,2048,w4a16_16_64_256_s1_aligned,evicted128MiB,1,21.8944,0,0,53.879
16,1024,2048,w4a16_16_64_256_s1_aligned,evicted128MiB,2,21.7771,0,0,54.1693
16,1024,2048,gemv_w4a16_m1_k512_w4,warm,0,47.1114,0,0,25.0396
16,1024,2048,gemv_w4a16_m1_k512_w4,warm,1,47.0918,0,0,25.0499
16,1024,2048,gemv_w4a16_m1_k512_w4,warm,2,47.1021,0,0,25.0445
16,1024,2048,gemv_w4a16_m1_k512_w4,evicted128MiB,0,70.6389,0,0,16.6997
16,1024,2048,gemv_w4a16_m1_k512_w4,evicted128MiB,1,66.8331,0,0,17.6507
16,1024,2048,gemv_w4a16_m1_k512_w4,evicted128MiB,2,68.7797,0,0,17.1511
16,1024,2048,gemv_w4a16_m1_k1024_w4,warm,0,40.9363,0,0,28.8167
16,1024,2048,gemv_w4a16_m1_k1024_w4,warm,1,40.9475,0,0,28.8088
16,1024,2048,gemv_w4a16_m1_k1024_w4,warm,2,41.049,0,0,28.7376
16,1024,2048,gemv_w4a16_m1_k1024_w4,evicted128MiB,0,52.9067,0,0,22.2968
16,1024,2048,gemv_w4a16_m1_k1024_w4,evicted128MiB,1,62.7275,0,0,18.8059
16,1024,2048,gemv_w4a16_m1_k1024_w4,evicted128MiB,2,48.2645,0,0,24.4413
16,1024,2048,gemv_w4a16_m4_k512_w4,warm,0,25.4422,0,0,46.3657
16,1024,2048,gemv_w4a16_m4_k512_w4,warm,1,25.3818,0,0,46.4762
16,1024,2048,gemv_w4a16_m4_k512_w4,warm,2,25.4131,0,0,46.4189
16,1024,2048,gemv_w4a16_m4_k512_w4,evicted128MiB,0,43.248,0,0,27.2764
16,1024,2048,gemv_w4a16_m4_k512_w4,evicted128MiB,1,40.0501,0,0,29.4543
16,1024,2048,gemv_w4a16_m4_k512_w4,evicted128MiB,2,37.3803,0,0,31.558
16,1024,2048,gemv_w4a16_m16_k512_w8,warm,0,25.8717,0,0,45.5961
16,1024,2048,gemv_w4a16_m16_k512_w8,warm,1,25.9562,0,0,45.4477
16,1024,2048,gemv_w4a16_m16_k512_w8,warm,2,25.8822,0,0,45.5775
16,1024,2048,gemv_w4a16_m16_k512_w8,evicted128MiB,0,49.8891,0,0,23.6454
16,1024,2048,gemv_w4a16_m16_k512_w8,evicted128MiB,1,41.4229,0,0,28.4781
16,1024,2048,gemv_w4a16_m16_k512_w8,evicted128MiB,2,36.5749,0,0,32.2529
