m,n,k,kernel,cache,trial,us,max_abs_error,relative_l2_error,weight_gbps
1,17408,5120,cublas_bf16,warm,0,780.368,0,0,228.428
1,17408,5120,cublas_bf16,warm,1,779.272,0,0,228.749
1,17408,5120,cublas_bf16,warm,2,772.544,0,0,230.741
1,17408,5120,cublas_bf16,evicted128MiB,0,775.3,0,0,229.921
1,17408,5120,cublas_bf16,evicted128MiB,1,776.532,0,0,229.556
1,17408,5120,cublas_bf16,evicted128MiB,2,772.239,0,0,230.833
1,17408,5120,w4a4_16_32_128_s1,warm,0,287.701,0,0,174.261
1,17408,5120,w4a4_16_32_128_s1,warm,1,297.694,0,0,168.411
1,17408,5120,w4a4_16_32_128_s1,warm,2,289.031,0,0,173.459
1,17408,5120,w4a4_16_32_128_s1,evicted128MiB,0,342.722,0,0,146.285
1,17408,5120,w4a4_16_32_128_s1,evicted128MiB,1,350.898,0,0,142.876
1,17408,5120,w4a4_16_32_128_s1,evicted128MiB,2,341.44,0,0,146.834
1,17408,5120,w4a4_16_64_128_s1,warm,0,288.576,0,0,173.733
1,17408,5120,w4a4_16_64_128_s1,warm,1,287.11,0,0,174.62
1,17408,5120,w4a4_16_64_128_s1,warm,2,296.978,0,0,168.817
1,17408,5120,w4a4_16_64_128_s1,evicted128MiB,0,349.205,0,0,143.569
1,17408,5120,w4a4_16_64_128_s1,evicted128MiB,1,352.45,0,0,142.247
1,17408,5120,w4a4_16_64_128_s1,evicted128MiB,2,340.229,0,0,147.357
1,17408,5120,w4a4_16_64_256_s1,warm,0,357.261,0,0,140.332
1,17408,5120,w4a4_16_64_256_s1,warm,1,339.484,0,0,147.68
1,17408,5120,w4a4_16_64_256_s1,warm,2,340.346,0,0,147.306
1,17408,5120,w4a4_16_64_256_s1,evicted128MiB,0,427.59,0,0,117.25
1,17408,5120,w4a4_16_64_256_s1,evicted128MiB,1,391.068,0,0,128.2
1,17408,5120,w4a4_16_64_256_s1,evicted128MiB,2,428.116,0,0,117.106
1,17408,5120,w4a4_16_32_128_s4,warm,0,295.504,0,0,169.66
1,17408,5120,w4a4_16_32_128_s4,warm,1,287.455,0,0,174.41
1,17408,5120,w4a4_16_32_128_s4,warm,2,296.825,0,0,168.905
1,17408,5120,w4a4_16_32_128_s4,evicted128MiB,0,376.863,0,0,133.033
1,17408,5120,w4a4_16_32_128_s4,evicted128MiB,1,349.832,0,0,143.312
1,17408,5120,w4a4_16_32_128_s4,evicted128MiB,2,341.761,0,0,146.696
1,17408,5120,w4a4_16_64_256_s4,warm,0,353.851,0,0,141.684
1,17408,5120,w4a4_16_64_256_s4,warm,1,353.595,0,0,141.787
1,17408,5120,w4a4_16_64_256_s4,warm,2,353.739,0,0,141.729
1,17408,5120,w4a4_16_64_256_s4,evicted128MiB,0,412.131,0,0,121.648
1,17408,5120,w4a4_16_64_256_s4,evicted128MiB,1,410.844,0,0,122.029
1,17408,5120,w4a4_16_64_256_s4,evicted128MiB,2,412.129,0,0,121.649
1,17408,5120,w4a16_16_32_128_s1,warm,0,333.187,0,0,150.471
1,17408,5120,w4a16_16_32_128_s1,warm,1,333.207,0,0,150.462
1,17408,5120,w4a16_16_32_128_s1,warm,2,334.027,0,0,150.093
1,17408,5120,w4a16_16_32_128_s1,evicted128MiB,0,416.838,0,0,120.275
1,17408,5120,w4a16_16_32_128_s1,evicted128MiB,1,397.679,0,0,126.069
1,17408,5120,w4a16_16_32_128_s1,evicted128MiB,2,415.803,0,0,120.574
1,17408,5120,w4a16_16_64_128_s1,warm,0,329.337,0,0,152.23
1,17408,5120,w4a16_16_64_128_s1,warm,1,320.714,0,0,156.323
1,17408,5120,w4a16_16_64_128_s1,warm,2,310.423,0,0,161.505
1,17408,5120,w4a16_16_64_128_s1,evicted128MiB,0,380.059,0,0,131.914
1,17408,5120,w4a16_16_64_128_s1,evicted128MiB,1,376.173,0,0,133.277
1,17408,5120,w4a16_16_64_128_s1,evicted128MiB,2,376.704,0,0,133.089
1,17408,5120,w4a16_16_64_256_s1,warm,0,343.909,0,0,145.78
1,17408,5120,w4a16_16_64_256_s1,warm,1,351.08,0,0,142.802
1,17408,5120,w4a16_16_64_256_s1,warm,2,338.716,0,0,148.015
1,17408,5120,w4a16_16_64_256_s1,evicted128MiB,0,407.641,0,0,122.988
1,17408,5120,w4a16_16_64_256_s1,evicted128MiB,1,390.261,0,0,128.465
1,17408,5120,w4a16_16_64_256_s1,evicted128MiB,2,400.276,0,0,125.251
1,17408,5120,w4a16_16_32_128_s4,warm,0,332.49,0,0,150.787
1,17408,5120,w4a16_16_32_128_s4,warm,1,325.12,0,0,154.205
1,17408,5120,w4a16_16_32_128_s4,warm,2,323.674,0,0,154.894
1,17408,5120,w4a16_16_32_128_s4,evicted128MiB,0,406.37,0,0,123.373
1,17408,5120,w4a16_16_32_128_s4,evicted128MiB,1,396.438,0,0,126.464
1,17408,5120,w4a16_16_32_128_s4,evicted128MiB,2,400.356,0,0,125.226
1,17408,5120,w4a16_16_64_256_s4,warm,0,350.912,0,0,142.871
1,17408,5120,w4a16_16_64_256_s4,warm,1,350.81,0,0,142.912
1,17408,5120,w4a16_16_64_256_s4,warm,2,345.649,0,0,145.046
1,17408,5120,w4a16_16_64_256_s4,evicted128MiB,0,428.876,0,0,116.899
1,17408,5120,w4a16_16_64_256_s4,evicted128MiB,1,429.111,0,0,116.835
1,17408,5120,w4a16_16_64_256_s4,evicted128MiB,2,426.872,0,0,117.448
1,17408,5120,w4a4_16_32_128_s1_aligned,warm,0,257.124,0,0,194.984
1,17408,5120,w4a4_16_32_128_s1_aligned,warm,1,257.348,0,0,194.814
1,17408,5120,w4a4_16_32_128_s1_aligned,warm,2,256.254,0,0,195.646
1,17408,5120,w4a4_16_32_128_s1_aligned,evicted128MiB,0,330.311,0,0,151.781
1,17408,5120,w4a4_16_32_128_s1_aligned,evicted128MiB,1,317.197,0,0,158.057
1,17408,5120,w4a4_16_32_128_s1_aligned,evicted128MiB,2,318.338,0,0,157.49
1,17408,5120,w4a4_16_64_256_s1_aligned,warm,0,245.46,0,0,204.249
1,17408,5120,w4a4_16_64_256_s1_aligned,warm,1,237.228,0,0,211.337
1,17408,5120,w4a4_16_64_256_s1_aligned,warm,2,237.114,0,0,211.438
1,17408,5120,w4a4_16_64_256_s1_aligned,evicted128MiB,0,294.468,0,0,170.256
1,17408,5120,w4a4_16_64_256_s1_aligned,evicted128MiB,1,294.502,0,0,170.236
1,17408,5120,w4a4_16_64_256_s1_aligned,evicted128MiB,2,295.751,0,0,169.517
1,17408,5120,w4a16_16_64_256_s1_aligned,warm,0,236.725,0,0,211.786
1,17408,5120,w4a16_16_64_256_s1_aligned,warm,1,242.03,0,0,207.144
1,17408,5120,w4a16_16_64_256_s1_aligned,warm,2,241.385,0,0,207.698
1,17408,5120,w4a16_16_64_256_s1_aligned,evicted128MiB,0,296.849,0,0,168.891
1,17408,5120,w4a16_16_64_256_s1_aligned,evicted128MiB,1,300.019,0,0,167.106
1,17408,5120,w4a16_16_64_256_s1_aligned,evicted128MiB,2,292.396,0,0,171.463
1,17408,5120,gemv_w4a16_m1_k512_w4,warm,0,237.433,0,0,211.155
1,17408,5120,gemv_w4a16_m1_k512_w4,warm,1,236.48,0,0,212.005
1,17408,5120,gemv_w4a16_m1_k512_w4,warm,2,235.997,0,0,212.439
1,17408,5120,gemv_w4a16_m1_k512_w4,evicted128MiB,0,296.061,0,0,169.34
1,17408,5120,gemv_w4a16_m1_k512_w4,evicted128MiB,1,283.722,0,0,176.705
1,17408,5120,gemv_w4a16_m1_k512_w4,evicted128MiB,2,286.114,0,0,175.227
1,17408,5120,gemv_w4a16_m1_k1024_w4,warm,0,221.091,0,0,226.762
1,17408,5120,gemv_w4a16_m1_k1024_w4,warm,1,228.862,0,0,219.063
1,17408,5120,gemv_w4a16_m1_k1024_w4,warm,2,219.83,0,0,228.063
1,17408,5120,gemv_w4a16_m1_k1024_w4,evicted128MiB,0,281.582,0,0,178.048
1,17408,5120,gemv_w4a16_m1_k1024_w4,evicted128MiB,1,276.896,0,0,181.061
1,17408,5120,gemv_w4a16_m1_k1024_w4,evicted128MiB,2,276.017,0,0,181.637
1,17408,5120,gemv_w4a16_m4_k512_w4,warm,0,307.269,0,0,163.163
1,17408,5120,gemv_w4a16_m4_k512_w4,warm,1,309.532,0,0,161.97
1,17408,5120,gemv_w4a16_m4_k512_w4,warm,2,314.212,0,0,159.558
1,17408,5120,gemv_w4a16_m4_k512_w4,evicted128MiB,0,342.663,0,0,146.31
1,17408,5120,gemv_w4a16_m4_k512_w4,evicted128MiB,1,342.5,0,0,146.38
1,17408,5120,gemv_w4a16_m4_k512_w4,evicted128MiB,2,342.243,0,0,146.49
1,17408,5120,gemv_w4a16_m16_k512_w8,warm,0,1156.33,0,0,43.3571
1,17408,5120,gemv_w4a16_m16_k512_w8,warm,1,1133.57,0,0,44.2277
1,17408,5120,gemv_w4a16_m16_k512_w8,warm,2,1134.18,0,0,44.2038
1,17408,5120,gemv_w4a16_m16_k512_w8,evicted128MiB,0,1183.7,0,0,42.3545
1,17408,5120,gemv_w4a16_m16_k512_w8,evicted128MiB,1,1200.13,0,0,41.7748
1,17408,5120,gemv_w4a16_m16_k512_w8,evicted128MiB,2,1197.38,0,0,41.8706
2,17408,5120,cublas_bf16,warm,0,778.347,0,0,229.021
2,17408,5120,cublas_bf16,warm,1,775.606,0,0,229.83
2,17408,5120,cublas_bf16,warm,2,774.54,0,0,230.147
2,17408,5120,cublas_bf16,evicted128MiB,0,833.303,0,0,213.917
2,17408,5120,cublas_bf16,evicted128MiB,1,825.003,0,0,216.07
2,17408,5120,cublas_bf16,evicted128MiB,2,822.617,0,0,216.696
2,17408,5120,w4a4_16_32_128_s1,warm,0,288.991,0,0,173.483
2,17408,5120,w4a4_16_32_128_s1,warm,1,299.025,0,0,167.662
2,17408,5120,w4a4_16_32_128_s1,warm,2,289.566,0,0,173.139
2,17408,5120,w4a4_16_32_128_s1,evicted128MiB,0,341.89,0,0,146.641
2,17408,5120,w4a4_16_32_128_s1,evicted128MiB,1,353.446,0,0,141.846
2,17408,5120,w4a4_16_32_128_s1,evicted128MiB,2,342.404,0,0,146.421
2,17408,5120,w4a4_16_64_128_s1,warm,0,297.492,0,0,168.526
2,17408,5120,w4a4_16_64_128_s1,warm,1,301.904,0,0,166.063
2,17408,5120,w4a4_16_64_128_s1,warm,2,291.653,0,0,171.899
2,17408,5120,w4a4_16_64_128_s1,evicted128MiB,0,358.671,0,0,139.78
2,17408,5120,w4a4_16_64_128_s1,evicted128MiB,1,366.12,0,0,136.936
2,17408,5120,w4a4_16_64_128_s1,evicted128MiB,2,346.411,0,0,144.727
2,17408,5120,w4a4_16_64_256_s1,warm,0,349.929,0,0,143.272
2,17408,5120,w4a4_16_64_256_s1,warm,1,349.765,0,0,143.339
2,17408,5120,w4a4_16_64_256_s1,warm,2,341.195,0,0,146.94
2,17408,5120,w4a4_16_64_256_s1,evicted128MiB,0,429.684,0,0,116.679
2,17408,5120,w4a4_16_64_256_s1,evicted128MiB,1,393.843,0,0,127.297
2,17408,5120,w4a4_16_64_256_s1,evicted128MiB,2,409.911,0,0,122.307
2,17408,5120,w4a4_16_32_128_s4,warm,0,308.437,0,0,162.546
2,17408,5120,w4a4_16_32_128_s4,warm,1,301.709,0,0,166.17
2,17408,5120,w4a4_16_32_128_s4,warm,2,291.489,0,0,171.996
2,17408,5120,w4a4_16_32_128_s4,evicted128MiB,0,360.028,0,0,139.253
2,17408,5120,w4a4_16_32_128_s4,evicted128MiB,1,351.782,0,0,142.517
2,17408,5120,w4a4_16_32_128_s4,evicted128MiB,2,343.882,0,0,145.792
2,17408,5120,w4a4_16_64_256_s4,warm,0,347.001,0,0,144.481
2,17408,5120,w4a4_16_64_256_s4,warm,1,365.689,0,0,137.098
2,17408,5120,w4a4_16_64_256_s4,warm,2,356.759,0,0,140.529
2,17408,5120,w4a4_16_64_256_s4,evicted128MiB,0,432.761,0,0,115.849
2,17408,5120,w4a4_16_64_256_s4,evicted128MiB,1,397.818,0,0,126.025
2,17408,5120,w4a4_16_64_256_s4,evicted128MiB,2,415.558,0,0,120.645
2,17408,5120,w4a16_16_32_128_s1,warm,0,325.507,0,0,154.022
2,17408,5120,w4a16_16_32_128_s1,warm,1,329.726,0,0,152.051
2,17408,5120,w4a16_16_32_128_s1,warm,2,334.272,0,0,149.983
2,17408,5120,w4a16_16_32_128_s1,evicted128MiB,0,409.057,0,0,122.562
2,17408,5120,w4a16_16_32_128_s1,evicted128MiB,1,395.707,0,0,126.697
2,17408,5120,w4a16_16_32_128_s1,evicted128MiB,2,396.418,0,0,126.47
2,17408,5120,w4a16_16_64_128_s1,warm,0,320.96,0,0,156.203
2,17408,5120,w4a16_16_64_128_s1,warm,1,329.613,0,0,152.103
2,17408,5120,w4a16_16_64_128_s1,warm,2,310.384,0,0,161.526
2,17408,5120,w4a16_16_64_128_s1,evicted128MiB,0,399.533,0,0,125.484
2,17408,5120,w4a16_16_64_128_s1,evicted128MiB,1,409.618,0,0,122.395
2,17408,5120,w4a16_16_64_128_s1,evicted128MiB,2,375.407,0,0,133.549
2,17408,5120,w4a16_16_64_256_s1,warm,0,351.526,0,0,142.621
2,17408,5120,w4a16_16_64_256_s1,warm,1,349.867,0,0,143.297
2,17408,5120,w4a16_16_64_256_s1,warm,2,350.103,0,0,143.201
2,17408,5120,w4a16_16_64_256_s1,evicted128MiB,0,408.859,0,0,122.622
2,17408,5120,w4a16_16_64_256_s1,evicted128MiB,1,401.976,0,0,124.722
2,17408,5120,w4a16_16_64_256_s1,evicted128MiB,2,391.49,0,0,128.062
2,17408,5120,w4a16_16_32_128_s4,warm,0,341.42,0,0,146.843
2,17408,5120,w4a16_16_32_128_s4,warm,1,346.612,0,0,144.643
2,17408,5120,w4a16_16_32_128_s4,warm,2,345.823,0,0,144.973
2,17408,5120,w4a16_16_32_128_s4,evicted128MiB,0,402.149,0,0,124.668
2,17408,5120,w4a16_16_32_128_s4,evicted128MiB,1,408.176,0,0,122.827
2,17408,5120,w4a16_16_32_128_s4,evicted128MiB,2,383.277,0,0,130.806
2,17408,5120,w4a16_16_64_256_s4,warm,0,352.581,0,0,142.194
2,17408,5120,w4a16_16_64_256_s4,warm,1,350.093,0,0,143.205
2,17408,5120,w4a16_16_64_256_s4,warm,2,353.38,0,0,141.873
2,17408,5120,w4a16_16_64_256_s4,evicted128MiB,0,422.885,0,0,118.555
2,17408,5120,w4a16_16_64_256_s4,evicted128MiB,1,428.314,0,0,117.052
2,17408,5120,w4a16_16_64_256_s4,evicted128MiB,2,425.081,0,0,117.942
2,17408,5120,w4a4_16_32_128_s1_aligned,warm,0,257.699,0,0,194.549
2,17408,5120,w4a4_16_32_128_s1_aligned,warm,1,258.365,0,0,194.048
2,17408,5120,w4a4_16_32_128_s1_aligned,warm,2,258.435,0,0,193.995
2,17408,5120,w4a4_16_32_128_s1_aligned,evicted128MiB,0,316.828,0,0,158.241
2,17408,5120,w4a4_16_32_128_s1_aligned,evicted128MiB,1,328.165,0,0,152.774
2,17408,5120,w4a4_16_32_128_s1_aligned,evicted128MiB,2,317.446,0,0,157.932
2,17408,5120,w4a4_16_64_256_s1_aligned,warm,0,248.041,0,0,202.124
2,17408,5120,w4a4_16_64_256_s1_aligned,warm,1,239.767,0,0,209.099
2,17408,5120,w4a4_16_64_256_s1_aligned,warm,2,239.839,0,0,209.036
2,17408,5120,w4a4_16_64_256_s1_aligned,evicted128MiB,0,300.236,0,0,166.986
2,17408,5120,w4a4_16_64_256_s1_aligned,evicted128MiB,1,294.403,0,0,170.294
2,17408,5120,w4a4_16_64_256_s1_aligned,evicted128MiB,2,294.769,0,0,170.082
2,17408,5120,w4a16_16_64_256_s1_aligned,warm,0,237.444,0,0,211.145
2,17408,5120,w4a16_16_64_256_s1_aligned,warm,1,244.058,0,0,205.423
2,17408,5120,w4a16_16_64_256_s1_aligned,warm,2,243.684,0,0,205.738
2,17408,5120,w4a16_16_64_256_s1_aligned,evicted128MiB,0,301.1,0,0,166.506
2,17408,5120,w4a16_16_64_256_s1_aligned,evicted128MiB,1,297.01,0,0,168.799
2,17408,5120,w4a16_16_64_256_s1_aligned,evicted128MiB,2,292.636,0,0,171.322
2,17408,5120,gemv_w4a16_m1_k512_w4,warm,0,327.278,0,0,153.188
2,17408,5120,gemv_w4a16_m1_k512_w4,warm,1,326.5,0,0,153.553
2,17408,5120,gemv_w4a16_m1_k512_w4,warm,2,321.954,0,0,155.721
2,17408,5120,gemv_w4a16_m1_k512_w4,evicted128MiB,0,383.417,0,0,130.759
2,17408,5120,gemv_w4a16_m1_k512_w4,evicted128MiB,1,378.916,0,0,132.312
2,17408,5120,gemv_w4a16_m1_k512_w4,evicted128MiB,2,351.964,0,0,142.444
2,17408,5120,gemv_w4a16_m1_k1024_w4,warm,0,249.669,0,0,200.806
2,17408,5120,gemv_w4a16_m1_k1024_w4,warm,1,240.781,0,0,208.219
2,17408,5120,gemv_w4a16_m1_k1024_w4,warm,2,240.852,0,0,208.157
2,17408,5120,gemv_w4a16_m1_k1024_w4,evicted128MiB,0,296.526,0,0,169.075
2,17408,5120,gemv_w4a16_m1_k1024_w4,evicted128MiB,1,284.585,0,0,176.169
2,17408,5120,gemv_w4a16_m1_k1024_w4,evicted128MiB,2,297.469,0,0,168.539
2,17408,5120,gemv_w4a16_m4_k512_w4,warm,0,295.012,0,0,169.942
2,17408,5120,gemv_w4a16_m4_k512_w4,warm,1,307.085,0,0,163.261
2,17408,5120,gemv_w4a16_m4_k512_w4,warm,2,295.524,0,0,169.648
2,17408,5120,gemv_w4a16_m4_k512_w4,evicted128MiB,0,345.562,0,0,145.083
2,17408,5120,gemv_w4a16_m4_k512_w4,evicted128MiB,1,342.441,0,0,146.405
2,17408,5120,gemv_w4a16_m4_k512_w4,evicted128MiB,2,330.85,0,0,151.534
2,17408,5120,gemv_w4a16_m16_k512_w8,warm,0,1156.02,0,0,43.3686
2,17408,5120,gemv_w4a16_m16_k512_w8,warm,1,1142.13,0,0,43.8962
2,17408,5120,gemv_w4a16_m16_k512_w8,warm,2,1130.08,0,0,44.364
2,17408,5120,gemv_w4a16_m16_k512_w8,evicted128MiB,0,1182.73,0,0,42.3894
2,17408,5120,gemv_w4a16_m16_k512_w8,evicted128MiB,1,1198.66,0,0,41.8259
2,17408,5120,gemv_w4a16_m16_k512_w8,evicted128MiB,2,1177.55,0,0,42.5758
4,17408,5120,cublas_bf16,warm,0,791.109,0,0,225.327
4,17408,5120,cublas_bf16,warm,1,775.38,0,0,229.897
4,17408,5120,cublas_bf16,warm,2,783.46,0,0,227.527
4,17408,5120,cublas_bf16,evicted128MiB,0,825.611,0,0,215.91
4,17408,5120,cublas_bf16,evicted128MiB,1,849.472,0,0,209.846
4,17408,5120,cublas_bf16,evicted128MiB,2,825.481,0,0,215.944
4,17408,5120,w4a4_16_32_128_s1,warm,0,302.221,0,0,165.889
4,17408,5120,w4a4_16_32_128_s1,warm,1,295.669,0,0,169.565
4,17408,5120,w4a4_16_32_128_s1,warm,2,291.029,0,0,172.268
4,17408,5120,w4a4_16_32_128_s1,evicted128MiB,0,375.322,0,0,133.579
4,17408,5120,w4a4_16_32_128_s1,evicted128MiB,1,363.797,0,0,137.81
4,17408,5120,w4a4_16_32_128_s1,evicted128MiB,2,346.886,0,0,144.529
4,17408,5120,w4a4_16_64_128_s1,warm,0,295.524,0,0,169.648
4,17408,5120,w4a4_16_64_128_s1,warm,1,304.945,0,0,164.407
4,17408,5120,w4a4_16_64_128_s1,warm,2,295.544,0,0,169.636
4,17408,5120,w4a4_16_64_128_s1,evicted128MiB,0,363.033,0,0,138.101
4,17408,5120,w4a4_16_64_128_s1,evicted128MiB,1,354.591,0,0,141.388
4,17408,5120,w4a4_16_64_128_s1,evicted128MiB,2,354.095,0,0,141.586
4,17408,5120,w4a4_16_64_256_s1,warm,0,342.586,0,0,146.343
4,17408,5120,w4a4_16_64_256_s1,warm,1,352.141,0,0,142.372
4,17408,5120,w4a4_16_64_256_s1,warm,2,352.182,0,0,142.356
4,17408,5120,w4a4_16_64_256_s1,evicted128MiB,0,426.796,0,0,117.468
4,17408,5120,w4a4_16_64_256_s1,evicted128MiB,1,416.507,0,0,120.37
4,17408,5120,w4a4_16_64_256_s1,evicted128MiB,2,394.033,0,0,127.236
4,17408,5120,w4a4_16_32_128_s4,warm,0,306.123,0,0,163.774
4,17408,5120,w4a4_16_32_128_s4,warm,1,316.762,0,0,158.274
4,17408,5120,w4a4_16_32_128_s4,warm,2,306.122,0,0,163.775
4,17408,5120,w4a4_16_32_128_s4,evicted128MiB,0,358.283,0,0,139.932
4,17408,5120,w4a4_16_32_128_s4,evicted128MiB,1,366.492,0,0,136.797
4,17408,5120,w4a4_16_32_128_s4,evicted128MiB,2,358.368,0,0,139.898
4,17408,5120,w4a4_16_64_256_s4,warm,0,371.351,0,0,135.007
4,17408,5120,w4a4_16_64_256_s4,warm,1,362.258,0,0,138.396
4,17408,5120,w4a4_16_64_256_s4,warm,2,352.376,0,0,142.277
4,17408,5120,w4a4_16_64_256_s4,evicted128MiB,0,416.976,0,0,120.235
4,17408,5120,w4a4_16_64_256_s4,evicted128MiB,1,401.35,0,0,124.916
4,17408,5120,w4a4_16_64_256_s4,evicted128MiB,2,435.361,0,0,115.157
4,17408,5120,w4a16_16_32_128_s1,warm,0,338.327,0,0,148.185
4,17408,5120,w4a16_16_32_128_s1,warm,1,346.57,0,0,144.661
4,17408,5120,w4a16_16_32_128_s1,warm,2,346.879,0,0,144.532
4,17408,5120,w4a16_16_32_128_s1,evicted128MiB,0,383.241,0,0,130.819
4,17408,5120,w4a16_16_32_128_s1,evicted128MiB,1,415.028,0,0,120.799
4,17408,5120,w4a16_16_32_128_s1,evicted128MiB,2,401.296,0,0,124.933
4,17408,5120,w4a16_16_64_128_s1,warm,0,318.042,0,0,157.637
4,17408,5120,w4a16_16_64_128_s1,warm,1,323.868,0,0,154.801
4,17408,5120,w4a16_16_64_128_s1,warm,2,323.51,0,0,154.972
4,17408,5120,w4a16_16_64_128_s1,evicted128MiB,0,378.574,0,0,132.431
4,17408,5120,w4a16_16_64_128_s1,evicted128MiB,1,398.228,0,0,125.895
4,17408,5120,w4a16_16_64_128_s1,evicted128MiB,2,366.454,0,0,136.811
4,17408,5120,w4a16_16_64_256_s1,warm,0,354.384,0,0,141.471
4,17408,5120,w4a16_16_64_256_s1,warm,1,351.404,0,0,142.671
4,17408,5120,w4a16_16_64_256_s1,warm,2,352.305,0,0,142.306
4,17408,5120,w4a16_16_64_256_s1,evicted128MiB,0,400.266,0,0,125.254
4,17408,5120,w4a16_16_64_256_s1,evicted128MiB,1,403.267,0,0,124.322
4,17408,5120,w4a16_16_64_256_s1,evicted128MiB,2,405.668,0,0,123.586
4,17408,5120,w4a16_16_32_128_s4,warm,0,342.403,0,0,146.421
4,17408,5120,w4a16_16_32_128_s4,warm,1,352.059,0,0,142.405
4,17408,5120,w4a16_16_32_128_s4,warm,2,342.566,0,0,146.351
4,17408,5120,w4a16_16_32_128_s4,evicted128MiB,0,420.496,0,0,119.228
4,17408,5120,w4a16_16_32_128_s4,evicted128MiB,1,407.529,0,0,123.022
4,17408,5120,w4a16_16_32_128_s4,evicted128MiB,2,402.967,0,0,124.415
4,17408,5120,w4a16_16_64_256_s4,warm,0,368.332,0,0,136.114
4,17408,5120,w4a16_16_64_256_s4,warm,1,359.936,0,0,139.289
4,17408,5120,w4a16_16_64_256_s4,warm,2,354.681,0,0,141.353
4,17408,5120,w4a16_16_64_256_s4,evicted128MiB,0,420.186,0,0,119.316
4,17408,5120,w4a16_16_64_256_s4,evicted128MiB,1,417.218,0,0,120.165
4,17408,5120,w4a16_16_64_256_s4,evicted128MiB,2,422.944,0,0,118.538
4,17408,5120,w4a4_16_32_128_s1_aligned,warm,0,262.603,0,0,190.916
4,17408,5120,w4a4_16_32_128_s1_aligned,warm,1,259.939,0,0,192.872
4,17408,5120,w4a4_16_32_128_s1_aligned,warm,2,260.8,0,0,192.235
4,17408,5120,w4a4_16_32_128_s1_aligned,evicted128MiB,0,323.246,0,0,155.099
4,17408,5120,w4a4_16_32_128_s1_aligned,evicted128MiB,1,316.138,0,0,158.586
4,17408,5120,w4a4_16_32_128_s1_aligned,evicted128MiB,2,318.185,0,0,157.566
4,17408,5120,w4a4_16_64_256_s1_aligned,warm,0,240.515,0,0,208.449
4,17408,5120,w4a4_16_64_256_s1_aligned,warm,1,248.124,0,0,202.057
4,17408,5120,w4a4_16_64_256_s1_aligned,warm,2,240.535,0,0,208.431
4,17408,5120,w4a4_16_64_256_s1_aligned,evicted128MiB,0,300.982,0,0,166.571
4,17408,5120,w4a4_16_64_256_s1_aligned,evicted128MiB,1,296.235,0,0,169.241
4,17408,5120,w4a4_16_64_256_s1_aligned,evicted128MiB,2,295.392,0,0,169.724
4,17408,5120,w4a16_16_64_256_s1_aligned,warm,0,238.855,0,0,209.897
4,17408,5120,w4a16_16_64_256_s1_aligned,warm,1,242.288,0,0,206.923
4,17408,5120,w4a16_16_64_256_s1_aligned,warm,2,239.962,0,0,208.929
4,17408,5120,w4a16_16_64_256_s1_aligned,evicted128MiB,0,296.221,0,0,169.249
4,17408,5120,w4a16_16_64_256_s1_aligned,evicted128MiB,1,299.663,0,0,167.305
4,17408,5120,w4a16_16_64_256_s1_aligned,evicted128MiB,2,293.571,0,0,170.776
4,17408,5120,gemv_w4a16_m1_k512_w4,warm,0,588.223,0,0,85.2314
4,17408,5120,gemv_w4a16_m1_k512_w4,warm,1,589.187,0,0,85.092
4,17408,5120,gemv_w4a16_m1_k512_w4,warm,2,582.86,0,0,86.0156
4,17408,5120,gemv_w4a16_m1_k512_w4,evicted128MiB,0,622.784,0,0,80.5015
4,17408,5120,gemv_w4a16_m1_k512_w4,evicted128MiB,1,609.124,0,0,82.3068
4,17408,5120,gemv_w4a16_m1_k512_w4,evicted128MiB,2,607.172,0,0,82.5714
4,17408,5120,gemv_w4a16_m1_k1024_w4,warm,0,360.702,0,0,138.993
4,17408,5120,gemv_w4a16_m1_k1024_w4,warm,1,378.038,0,0,132.619
4,17408,5120,gemv_w4a16_m1_k1024_w4,warm,2,369.826,0,0,135.564
4,17408,5120,gemv_w4a16_m1_k1024_w4,evicted128MiB,0,394.386,0,0,127.122
4,17408,5120,gemv_w4a16_m1_k1024_w4,evicted128MiB,1,430.026,0,0,116.586
4,17408,5120,gemv_w4a16_m1_k1024_w4,evicted128MiB,2,441.581,0,0,113.535
4,17408,5120,gemv_w4a16_m4_k512_w4,warm,0,309.706,0,0,161.879
4,17408,5120,gemv_w4a16_m4_k512_w4,warm,1,304.935,0,0,164.412
4,17408,5120,gemv_w4a16_m4_k512_w4,warm,2,312.941,0,0,160.206
4,17408,5120,gemv_w4a16_m4_k512_w4,evicted128MiB,0,341.644,0,0,146.747
4,17408,5120,gemv_w4a16_m4_k512_w4,evicted128MiB,1,354.946,0,0,141.247
4,17408,5120,gemv_w4a16_m4_k512_w4,evicted128MiB,2,341.819,0,0,146.671
4,17408,5120,gemv_w4a16_m16_k512_w8,warm,0,1151.23,0,0,43.5492
4,17408,5120,gemv_w4a16_m16_k512_w8,warm,1,1139.61,0,0,43.9933
4,17408,5120,gemv_w4a16_m16_k512_w8,warm,2,1132.85,0,0,44.2557
4,17408,5120,gemv_w4a16_m16_k512_w8,evicted128MiB,0,1205.22,0,0,41.5984
4,17408,5120,gemv_w4a16_m16_k512_w8,evicted128MiB,1,1145.46,0,0,43.7685
4,17408,5120,gemv_w4a16_m16_k512_w8,evicted128MiB,2,1188.08,0,0,42.1983
5,17408,5120,cublas_bf16,warm,0,797.489,0,0,223.524
5,17408,5120,cublas_bf16,warm,1,785.611,0,0,226.904
5,17408,5120,cublas_bf16,warm,2,783.982,0,0,227.375
5,17408,5120,cublas_bf16,evicted128MiB,0,839.151,0,0,212.427
5,17408,5120,cublas_bf16,evicted128MiB,1,827.833,0,0,215.331
5,17408,5120,cublas_bf16,evicted128MiB,2,828.674,0,0,215.112
5,17408,5120,w4a4_16_32_128_s1,warm,0,301.773,0,0,166.135
5,17408,5120,w4a4_16_32_128_s1,warm,1,301.34,0,0,166.374
5,17408,5120,w4a4_16_32_128_s1,warm,2,301.606,0,0,166.227
5,17408,5120,w4a4_16_32_128_s1,evicted128MiB,0,367.169,0,0,136.545
5,17408,5120,w4a4_16_32_128_s1,evicted128MiB,1,365.03,0,0,137.345
5,17408,5120,w4a4_16_32_128_s1,evicted128MiB,2,347.862,0,0,144.123
5,17408,5120,w4a4_16_64_128_s1,warm,0,292.76,0,0,171.249
5,17408,5120,w4a4_16_64_128_s1,warm,1,301.75,0,0,166.148
5,17408,5120,w4a4_16_64_128_s1,warm,2,297.635,0,0,168.445
5,17408,5120,w4a4_16_64_128_s1,evicted128MiB,0,379.212,0,0,132.209
5,17408,5120,w4a4_16_64_128_s1,evicted128MiB,1,373.523,0,0,134.222
5,17408,5120,w4a4_16_64_128_s1,evicted128MiB,2,354.909,0,0,141.262
5,17408,5120,w4a4_16_64_256_s1,warm,0,352.059,0,0,142.405
5,17408,5120,w4a4_16_64_256_s1,warm,1,362.412,0,0,138.337
5,17408,5120,w4a4_16_64_256_s1,warm,2,363.199,0,0,138.037
5,17408,5120,w4a4_16_64_256_s1,evicted128MiB,0,408.191,0,0,122.823
5,17408,5120,w4a4_16_64_256_s1,evicted128MiB,1,394.271,0,0,127.159
5,17408,5120,w4a4_16_64_256_s1,evicted128MiB,2,396.174,0,0,126.548
5,17408,5120,w4a4_16_32_128_s4,warm,0,297.787,0,0,168.359
5,17408,5120,w4a4_16_32_128_s4,warm,1,307.608,0,0,162.983
5,17408,5120,w4a4_16_32_128_s4,warm,2,303.493,0,0,165.193
5,17408,5120,w4a4_16_32_128_s4,evicted128MiB,0,366.327,0,0,136.859
5,17408,5120,w4a4_16_32_128_s4,evicted128MiB,1,382.776,0,0,130.977
5,17408,5120,w4a4_16_32_128_s4,evicted128MiB,2,351.326,0,0,142.702
5,17408,5120,w4a4_16_64_256_s4,warm,0,372.437,0,0,134.614
5,17408,5120,w4a4_16_64_256_s4,warm,1,363.62,0,0,137.878
5,17408,5120,w4a4_16_64_256_s4,warm,2,363.067,0,0,138.088
5,17408,5120,w4a4_16_64_256_s4,evicted128MiB,0,421.545,0,0,118.932
5,17408,5120,w4a4_16_64_256_s4,evicted128MiB,1,418.513,0,0,119.793
5,17408,5120,w4a4_16_64_256_s4,evicted128MiB,2,402.94,0,0,124.423
5,17408,5120,w4a16_16_32_128_s1,warm,0,338.041,0,0,148.311
5,17408,5120,w4a16_16_32_128_s1,warm,1,338.43,0,0,148.14
5,17408,5120,w4a16_16_32_128_s1,warm,2,338.982,0,0,147.899
5,17408,5120,w4a16_16_32_128_s1,evicted128MiB,0,396.279,0,0,126.514
5,17408,5120,w4a16_16_32_128_s1,evicted128MiB,1,395.511,0,0,126.76
5,17408,5120,w4a16_16_32_128_s1,evicted128MiB,2,397.294,0,0,126.191
5,17408,5120,w4a16_16_64_128_s1,warm,0,333.248,0,0,150.444
5,17408,5120,w4a16_16_64_128_s1,warm,1,314.54,0,0,159.392
5,17408,5120,w4a16_16_64_128_s1,warm,2,332.931,0,0,150.587
5,17408,5120,w4a16_16_64_128_s1,evicted128MiB,0,393.213,0,0,127.501
5,17408,5120,w4a16_16_64_128_s1,evicted128MiB,1,398.739,0,0,125.734
5,17408,5120,w4a16_16_64_128_s1,evicted128MiB,2,375.048,0,0,133.677
5,17408,5120,w4a16_16_64_256_s1,warm,0,361.449,0,0,138.706
5,17408,5120,w4a16_16_64_256_s1,warm,1,351.966,0,0,142.443
5,17408,5120,w4a16_16_64_256_s1,warm,2,352.448,0,0,142.248
5,17408,5120,w4a16_16_64_256_s1,evicted128MiB,0,402.699,0,0,124.498
5,17408,5120,w4a16_16_64_256_s1,evicted128MiB,1,414.866,0,0,120.846
5,17408,5120,w4a16_16_64_256_s1,evicted128MiB,2,393.534,0,0,127.397
5,17408,5120,w4a16_16_32_128_s4,warm,0,349.622,0,0,143.398
5,17408,5120,w4a16_16_32_128_s4,warm,1,340.642,0,0,147.178
5,17408,5120,w4a16_16_32_128_s4,warm,2,354.312,0,0,141.5
5,17408,5120,w4a16_16_32_128_s4,evicted128MiB,0,397.037,0,0,126.273
5,17408,5120,w4a16_16_32_128_s4,evicted128MiB,1,407.22,0,0,123.115
5,17408,5120,w4a16_16_32_128_s4,evicted128MiB,2,415.006,0,0,120.806
5,17408,5120,w4a16_16_64_256_s4,warm,0,373.778,0,0,134.13
5,17408,5120,w4a16_16_64_256_s4,warm,1,363.897,0,0,137.773
5,17408,5120,w4a16_16_64_256_s4,warm,2,383.209,0,0,130.829
5,17408,5120,w4a16_16_64_256_s4,evicted128MiB,0,424.589,0,0,118.079
5,17408,5120,w4a16_16_64_256_s4,evicted128MiB,1,425.12,0,0,117.932
5,17408,5120,w4a16_16_64_256_s4,evicted128MiB,2,403.157,0,0,124.356
5,17408,5120,w4a4_16_32_128_s1_aligned,warm,0,271.028,0,0,184.981
5,17408,5120,w4a4_16_32_128_s1_aligned,warm,1,262.131,0,0,191.259
5,17408,5120,w4a4_16_32_128_s1_aligned,warm,2,261.723,0,0,191.557
5,17408,5120,w4a4_16_32_128_s1_aligned,evicted128MiB,0,324.823,0,0,154.346
5,17408,5120,w4a4_16_32_128_s1_aligned,evicted128MiB,1,317.086,0,0,158.112
5,17408,5120,w4a4_16_32_128_s1_aligned,evicted128MiB,2,346.387,0,0,144.737
5,17408,5120,w4a4_16_64_256_s1_aligned,warm,0,243.732,0,0,205.698
5,17408,5120,w4a4_16_64_256_s1_aligned,warm,1,241.539,0,0,207.565
5,17408,5120,w4a4_16_64_256_s1_aligned,warm,2,241.058,0,0,207.98
5,17408,5120,w4a4_16_64_256_s1_aligned,evicted128MiB,0,295.136,0,0,169.871
5,17408,5120,w4a4_16_64_256_s1_aligned,evicted128MiB,1,295.345,0,0,169.751
5,17408,5120,w4a4_16_64_256_s1_aligned,evicted128MiB,2,297.775,0,0,168.366
5,17408,5120,w4a16_16_64_256_s1_aligned,warm,0,244.16,0,0,205.337
5,17408,5120,w4a16_16_64_256_s1_aligned,warm,1,247.796,0,0,202.324
5,17408,5120,w4a16_16_64_256_s1_aligned,warm,2,240.433,0,0,208.52
5,17408,5120,w4a16_16_64_256_s1_aligned,evicted128MiB,0,303.083,0,0,165.417
5,17408,5120,w4a16_16_64_256_s1_aligned,evicted128MiB,1,293.846,0,0,170.616
5,17408,5120,w4a16_16_64_256_s1_aligned,evicted128MiB,2,293.452,0,0,170.846
5,17408,5120,gemv_w4a16_m1_k512_w4,warm,0,719.418,0,0,69.6883
5,17408,5120,gemv_w4a16_m1_k512_w4,warm,1,714.319,0,0,70.1857
5,17408,5120,gemv_w4a16_m1_k512_w4,warm,2,706.711,0,0,70.9414
5,17408,5120,gemv_w4a16_m1_k512_w4,evicted128MiB,0,775.94,0,0,64.612
5,17408,5120,gemv_w4a16_m1_k512_w4,evicted128MiB,1,782.751,0,0,64.0498
5,17408,5120,gemv_w4a16_m1_k512_w4,evicted128MiB,2,759.09,0,0,66.0462
5,17408,5120,gemv_w4a16_m1_k1024_w4,warm,0,458.494,0,0,109.347
5,17408,5120,gemv_w4a16_m1_k1024_w4,warm,1,449.298,0,0,111.585
5,17408,5120,gemv_w4a16_m1_k1024_w4,warm,2,460.513,0,0,108.868
5,17408,5120,gemv_w4a16_m1_k1024_w4,evicted128MiB,0,482.902,0,0,103.82
5,17408,5120,gemv_w4a16_m1_k1024_w4,evicted128MiB,1,492.783,0,0,101.739
5,17408,5120,gemv_w4a16_m1_k1024_w4,evicted128MiB,2,454.325,0,0,110.351
5,17408,5120,gemv_w4a16_m4_k512_w4,warm,0,538.594,0,0,93.0851
5,17408,5120,gemv_w4a16_m4_k512_w4,warm,1,538.253,0,0,93.144
5,17408,5120,gemv_w4a16_m4_k512_w4,warm,2,533.502,0,0,93.9735
5,17408,5120,gemv_w4a16_m4_k512_w4,evicted128MiB,0,570.65,0,0,87.8561
5,17408,5120,gemv_w4a16_m4_k512_w4,evicted128MiB,1,550.456,0,0,91.079
5,17408,5120,gemv_w4a16_m4_k512_w4,evicted128MiB,2,572.907,0,0,87.51
5,17408,5120,gemv_w4a16_m16_k512_w8,warm,0,1154.75,0,0,43.4163
5,17408,5120,gemv_w4a16_m16_k512_w8,warm,1,1134.18,0,0,44.2038
5,17408,5120,gemv_w4a16_m16_k512_w8,warm,2,1141.85,0,0,43.9069
5,17408,5120,gemv_w4a16_m16_k512_w8,evicted128MiB,0,1206.22,0,0,41.5636
5,17408,5120,gemv_w4a16_m16_k512_w8,evicted128MiB,1,1208.01,0,0,41.5023
5,17408,5120,gemv_w4a16_m16_k512_w8,evicted128MiB,2,1183.36,0,0,42.3665
16,17408,5120,cublas_bf16,warm,0,805.21,0,0,221.381
16,17408,5120,cublas_bf16,warm,1,792.666,0,0,224.884
16,17408,5120,cublas_bf16,warm,2,793.577,0,0,224.626
16,17408,5120,cublas_bf16,evicted128MiB,0,834.242,0,0,213.676
16,17408,5120,cublas_bf16,evicted128MiB,1,836.738,0,0,213.039
16,17408,5120,cublas_bf16,evicted128MiB,2,847.012,0,0,210.455
16,17408,5120,w4a4_16_32_128_s1,warm,0,315.86,0,0,158.725
16,17408,5120,w4a4_16_32_128_s1,warm,1,311.918,0,0,160.731
16,17408,5120,w4a4_16_32_128_s1,warm,2,305.631,0,0,164.038
16,17408,5120,w4a4_16_32_128_s1,evicted128MiB,0,384.789,0,0,130.292
16,17408,5120,w4a4_16_32_128_s1,evicted128MiB,1,368.165,0,0,136.175
16,17408,5120,w4a4_16_32_128_s1,evicted128MiB,2,363.466,0,0,137.936
16,17408,5120,w4a4_16_64_128_s1,warm,0,305.672,0,0,164.016
16,17408,5120,w4a4_16_64_128_s1,warm,1,311.755,0,0,160.816
16,17408,5120,w4a4_16_64_128_s1,warm,2,307.904,0,0,162.827
16,17408,5120,w4a4_16_64_128_s1,evicted128MiB,0,390.308,0,0,128.45
16,17408,5120,w4a4_16_64_128_s1,evicted128MiB,1,372.194,0,0,134.701
16,17408,5120,w4a4_16_64_128_s1,evicted128MiB,2,384.285,0,0,130.463
16,17408,5120,w4a4_16_64_256_s1,warm,0,358.981,0,0,139.659
16,17408,5120,w4a4_16_64_256_s1,warm,1,368.023,0,0,136.228
16,17408,5120,w4a4_16_64_256_s1,warm,2,358.756,0,0,139.747
16,17408,5120,w4a4_16_64_256_s1,evicted128MiB,0,433.632,0,0,115.617
16,17408,5120,w4a4_16_64_256_s1,evicted128MiB,1,414.134,0,0,121.06
16,17408,5120,w4a4_16_64_256_s1,evicted128MiB,2,417.733,0,0,120.017
16,17408,5120,w4a4_16_32_128_s4,warm,0,335.583,0,0,149.397
16,17408,5120,w4a4_16_32_128_s4,warm,1,335.009,0,0,149.653
16,17408,5120,w4a4_16_32_128_s4,warm,2,325.343,0,0,154.099
16,17408,5120,w4a4_16_32_128_s4,evicted128MiB,0,375.749,0,0,133.427
16,17408,5120,w4a4_16_32_128_s4,evicted128MiB,1,376.018,0,0,133.331
16,17408,5120,w4a4_16_32_128_s4,evicted128MiB,2,363.929,0,0,137.761
16,17408,5120,w4a4_16_64_256_s4,warm,0,382.431,0,0,131.096
16,17408,5120,w4a4_16_64_256_s4,warm,1,388.011,0,0,129.21
16,17408,5120,w4a4_16_64_256_s4,warm,2,390.02,0,0,128.545
16,17408,5120,w4a4_16_64_256_s4,evicted128MiB,0,442.202,0,0,113.376
16,17408,5120,w4a4_16_64_256_s4,evicted128MiB,1,444.917,0,0,112.684
16,17408,5120,w4a4_16_64_256_s4,evicted128MiB,2,436.125,0,0,114.956
16,17408,5120,w4a16_16_32_128_s1,warm,0,341.585,0,0,146.772
16,17408,5120,w4a16_16_32_128_s1,warm,1,350.748,0,0,142.937
16,17408,5120,w4a16_16_32_128_s1,warm,2,341.348,0,0,146.874
16,17408,5120,w4a16_16_32_128_s1,evicted128MiB,0,423.277,0,0,118.445
16,17408,5120,w4a16_16_32_128_s1,evicted128MiB,1,383.247,0,0,130.817
16,17408,5120,w4a16_16_32_128_s1,evicted128MiB,2,395.015,0,0,126.919
16,17408,5120,w4a16_16_64_128_s1,warm,0,328.692,0,0,152.529
16,17408,5120,w4a16_16_64_128_s1,warm,1,333.105,0,0,150.508
16,17408,5120,w4a16_16_64_128_s1,warm,2,329.664,0,0,152.079
16,17408,5120,w4a16_16_64_128_s1,evicted128MiB,0,383.358,0,0,130.779
16,17408,5120,w4a16_16_64_128_s1,evicted128MiB,1,389.535,0,0,128.705
16,17408,5120,w4a16_16_64_128_s1,evicted128MiB,2,378.922,0,0,132.31
16,17408,5120,w4a16_16_64_256_s1,warm,0,360.415,0,0,139.104
16,17408,5120,w4a16_16_64_256_s1,warm,1,355.008,0,0,141.222
16,17408,5120,w4a16_16_64_256_s1,warm,2,355.414,0,0,141.061
16,17408,5120,w4a16_16_64_256_s1,evicted128MiB,0,445.642,0,0,112.501
16,17408,5120,w4a16_16_64_256_s1,evicted128MiB,1,415.354,0,0,120.704
16,17408,5120,w4a16_16_64_256_s1,evicted128MiB,2,425.193,0,0,117.911
16,17408,5120,w4a16_16_32_128_s4,warm,0,369.314,0,0,135.752
16,17408,5120,w4a16_16_32_128_s4,warm,1,371.74,0,0,134.866
16,17408,5120,w4a16_16_32_128_s4,warm,2,369.631,0,0,135.635
16,17408,5120,w4a16_16_32_128_s4,evicted128MiB,0,422.209,0,0,118.745
16,17408,5120,w4a16_16_32_128_s4,evicted128MiB,1,412.04,0,0,121.675
16,17408,5120,w4a16_16_32_128_s4,evicted128MiB,2,418.047,0,0,119.927
16,17408,5120,w4a16_16_64_256_s4,warm,0,401.447,0,0,124.886
16,17408,5120,w4a16_16_64_256_s4,warm,1,393.603,0,0,127.375
16,17408,5120,w4a16_16_64_256_s4,warm,2,384.581,0,0,130.363
16,17408,5120,w4a16_16_64_256_s4,evicted128MiB,0,461.503,0,0,108.634
16,17408,5120,w4a16_16_64_256_s4,evicted128MiB,1,448.607,0,0,111.757
16,17408,5120,w4a16_16_64_256_s4,evicted128MiB,2,439.104,0,0,114.176
16,17408,5120,w4a4_16_32_128_s1_aligned,warm,0,268.132,0,0,186.979
16,17408,5120,w4a4_16_32_128_s1_aligned,warm,1,268.112,0,0,186.993
16,17408,5120,w4a4_16_32_128_s1_aligned,warm,2,267.886,0,0,187.15
16,17408,5120,w4a4_16_32_128_s1_aligned,evicted128MiB,0,330.608,0,0,151.645
16,17408,5120,w4a4_16_32_128_s1_aligned,evicted128MiB,1,324.166,0,0,154.658
16,17408,5120,w4a4_16_32_128_s1_aligned,evicted128MiB,2,319.738,0,0,156.801
16,17408,5120,w4a4_16_64_256_s1_aligned,warm,0,250.284,0,0,200.312
16,17408,5120,w4a4_16_64_256_s1_aligned,warm,1,246.72,0,0,203.206
16,17408,5120,w4a4_16_64_256_s1_aligned,warm,2,247.181,0,0,202.827
16,17408,5120,w4a4_16_64_256_s1_aligned,evicted128MiB,0,296.309,0,0,169.198
16,17408,5120,w4a4_16_64_256_s1_aligned,evicted128MiB,1,306.115,0,0,163.778
16,17408,5120,w4a4_16_64_256_s1_aligned,evicted128MiB,2,296.339,0,0,169.181
16,17408,5120,w4a16_16_64_256_s1_aligned,warm,0,250.337,0,0,200.27
16,17408,5120,w4a16_16_64_256_s1_aligned,warm,1,252.608,0,0,198.469
16,17408,5120,w4a16_16_64_256_s1_aligned,warm,2,253.13,0,0,198.06
16,17408,5120,w4a16_16_64_256_s1_aligned,evicted128MiB,0,298.874,0,0,167.747
16,17408,5120,w4a16_16_64_256_s1_aligned,evicted128MiB,1,306.121,0,0,163.775
16,17408,5120,w4a16_16_64_256_s1_aligned,evicted128MiB,2,301.3,0,0,166.396
16,17408,5120,gemv_w4a16_m1_k512_w4,warm,0,2249.78,0,0,22.2845
16,17408,5120,gemv_w4a16_m1_k512_w4,warm,1,2219.29,0,0,22.5906
16,17408,5120,gemv_w4a16_m1_k512_w4,warm,2,2227.14,0,0,22.511
16,17408,5120,gemv_w4a16_m1_k512_w4,evicted128MiB,0,2281.15,0,0,21.9779
16,17408,5120,gemv_w4a16_m1_k512_w4,evicted128MiB,1,2276.51,0,0,22.0228
16,17408,5120,gemv_w4a16_m1_k512_w4,evicted128MiB,2,2283.83,0,0,21.9522
16,17408,5120,gemv_w4a16_m1_k1024_w4,warm,0,1471.63,0,0,34.0677
16,17408,5120,gemv_w4a16_m1_k1024_w4,warm,1,1455.61,0,0,34.4425
16,17408,5120,gemv_w4a16_m1_k1024_w4,warm,2,1450.47,0,0,34.5646
16,17408,5120,gemv_w4a16_m1_k1024_w4,evicted128MiB,0,1465.68,0,0,34.206
16,17408,5120,gemv_w4a16_m1_k1024_w4,evicted128MiB,1,1441.52,0,0,34.7792
16,17408,5120,gemv_w4a16_m1_k1024_w4,evicted128MiB,2,1446.68,0,0,34.6552
16,17408,5120,gemv_w4a16_m4_k512_w4,warm,0,1178.44,0,0,42.5436
16,17408,5120,gemv_w4a16_m4_k512_w4,warm,1,1171.29,0,0,42.8033
16,17408,5120,gemv_w4a16_m4_k512_w4,warm,2,1168.32,0,0,42.9121
16,17408,5120,gemv_w4a16_m4_k512_w4,evicted128MiB,0,1176.24,0,0,42.6231
16,17408,5120,gemv_w4a16_m4_k512_w4,evicted128MiB,1,1185.85,0,0,42.2776
16,17408,5120,gemv_w4a16_m4_k512_w4,evicted128MiB,2,1177.02,0,0,42.5947
16,17408,5120,gemv_w4a16_m16_k512_w8,warm,0,1353.51,0,0,37.0407
16,17408,5120,gemv_w4a16_m16_k512_w8,warm,1,1335.78,0,0,37.5323
16,17408,5120,gemv_w4a16_m16_k512_w8,warm,2,1331.29,0,0,37.6591
16,17408,5120,gemv_w4a16_m16_k512_w8,evicted128MiB,0,1393.07,0,0,35.9888
16,17408,5120,gemv_w4a16_m16_k512_w8,evicted128MiB,1,1390.74,0,0,36.0491
16,17408,5120,gemv_w4a16_m16_k512_w8,evicted128MiB,2,1371.3,0,0,36.5603
1,5120,17408,cublas_bf16,warm,0,744.354,0,0,239.48
1,5120,17408,cublas_bf16,warm,1,753.57,0,0,236.551
1,5120,17408,cublas_bf16,warm,2,737.769,0,0,241.618
1,5120,17408,cublas_bf16,evicted128MiB,0,763.9,0,0,233.353
1,5120,17408,cublas_bf16,evicted128MiB,1,757.79,0,0,235.234
1,5120,17408,cublas_bf16,evicted128MiB,2,765.1,0,0,232.986
1,5120,17408,w4a4_16_32_128_s1,warm,0,416.479,0,0,120.378
1,5120,17408,w4a4_16_32_128_s1,warm,1,404.386,0,0,123.978
1,5120,17408,w4a4_16_32_128_s1,warm,2,395.006,0,0,126.922
1,5120,17408,w4a4_16_32_128_s1,evicted128MiB,0,473.366,0,0,105.912
1,5120,17408,w4a4_16_32_128_s1,evicted128MiB,1,519.414,0,0,96.5222
1,5120,17408,w4a4_16_32_128_s1,evicted128MiB,2,480.746,0,0,104.286
1,5120,17408,w4a4_16_64_128_s1,warm,0,339.966,0,0,147.471
1,5120,17408,w4a4_16_64_128_s1,warm,1,343.253,0,0,146.059
1,5120,17408,w4a4_16_64_128_s1,warm,2,331.057,0,0,151.439
1,5120,17408,w4a4_16_64_128_s1,evicted128MiB,0,400.736,0,0,125.107
1,5120,17408,w4a4_16_64_128_s1,evicted128MiB,1,393.884,0,0,127.284
1,5120,17408,w4a4_16_64_128_s1,evicted128MiB,2,383.789,0,0,130.632
1,5120,17408,w4a4_16_64_256_s1,warm,0,359.309,0,0,139.532
1,5120,17408,w4a4_16_64_256_s1,warm,1,358.95,0,0,139.671
1,5120,17408,w4a4_16_64_256_s1,warm,2,368.689,0,0,135.982
1,5120,17408,w4a4_16_64_256_s1,evicted128MiB,0,459.433,0,0,109.124
1,5120,17408,w4a4_16_64_256_s1,evicted128MiB,1,439.009,0,0,114.2
1,5120,17408,w4a4_16_64_256_s1,evicted128MiB,2,413.196,0,0,121.335
1,5120,17408,w4a4_16_32_128_s4,warm,0,330.258,0,0,151.806
1,5120,17408,w4a4_16_32_128_s4,warm,1,339.822,0,0,147.533
1,5120,17408,w4a4_16_32_128_s4,warm,2,320.724,0,0,156.318
1,5120,17408,w4a4_16_32_128_s4,evicted128MiB,0,388.284,0,0,129.12
1,5120,17408,w4a4_16_32_128_s4,evicted128MiB,1,396.026,0,0,126.595
1,5120,17408,w4a4_16_32_128_s4,evicted128MiB,2,377.745,0,0,132.722
1,5120,17408,w4a4_16_64_256_s4,warm,0,376.992,0,0,132.987
1,5120,17408,w4a4_16_64_256_s4,warm,1,386.058,0,0,129.864
1,5120,17408,w4a4_16_64_256_s4,warm,2,387.633,0,0,129.336
1,5120,17408,w4a4_16_64_256_s4,evicted128MiB,0,437.372,0,0,114.628
1,5120,17408,w4a4_16_64_256_s4,evicted128MiB,1,441.69,0,0,113.507
1,5120,17408,w4a4_16_64_256_s4,evicted128MiB,2,431.311,0,0,116.239
1,5120,17408,w4a16_16_32_128_s1,warm,0,464.483,0,0,107.937
1,5120,17408,w4a16_16_32_128_s1,warm,1,465.365,0,0,107.733
1,5120,17408,w4a16_16_32_128_s1,warm,2,456.158,0,0,109.907
1,5120,17408,w4a16_16_32_128_s1,evicted128MiB,0,541.485,0,0,92.5881
1,5120,17408,w4a16_16_32_128_s1,evicted128MiB,1,527.529,0,0,95.0376
1,5120,17408,w4a16_16_32_128_s1,evicted128MiB,2,555.134,0,0,90.3116
1,5120,17408,w4a16_16_64_128_s1,warm,0,352.13,0,0,142.377
1,5120,17408,w4a16_16_64_128_s1,warm,1,358.954,0,0,139.67
1,5120,17408,w4a16_16_64_128_s1,warm,2,341.606,0,0,146.763
1,5120,17408,w4a16_16_64_128_s1,evicted128MiB,0,418.135,0,0,119.901
1,5120,17408,w4a16_16_64_128_s1,evicted128MiB,1,411.396,0,0,121.866
1,5120,17408,w4a16_16_64_128_s1,evicted128MiB,2,422.394,0,0,118.693
1,5120,17408,w4a16_16_64_256_s1,warm,0,371.597,0,0,134.918
1,5120,17408,w4a16_16_64_256_s1,warm,1,371.422,0,0,134.981
1,5120,17408,w4a16_16_64_256_s1,warm,2,362.289,0,0,138.384
1,5120,17408,w4a16_16_64_256_s1,evicted128MiB,0,433.738,0,0,115.588
1,5120,17408,w4a16_16_64_256_s1,evicted128MiB,1,428.505,0,0,117
1,5120,17408,w4a16_16_64_256_s1,evicted128MiB,2,434.942,0,0,115.268
1,5120,17408,w4a16_16_32_128_s4,warm,0,384.182,0,0,130.498
1,5120,17408,w4a16_16_32_128_s4,warm,1,374.372,0,0,133.918
1,5120,17408,w4a16_16_32_128_s4,warm,2,374.269,0,0,133.954
1,5120,17408,w4a16_16_32_128_s4,evicted128MiB,0,437.634,0,0,114.559
1,5120,17408,w4a16_16_32_128_s4,evicted128MiB,1,440.162,0,0,113.901
1,5120,17408,w4a16_16_32_128_s4,evicted128MiB,2,439.463,0,0,114.082
1,5120,17408,w4a16_16_64_256_s4,warm,0,400.064,0,0,125.317
1,5120,17408,w4a16_16_64_256_s4,warm,1,381.141,0,0,131.539
1,5120,17408,w4a16_16_64_256_s4,warm,2,390.368,0,0,128.43
1,5120,17408,w4a16_16_64_256_s4,evicted128MiB,0,451.132,0,0,111.132
1,5120,17408,w4a16_16_64_256_s4,evicted128MiB,1,435.441,0,0,115.136
1,5120,17408,w4a16_16_64_256_s4,evicted128MiB,2,444.503,0,0,112.789
1,5120,17408,w4a4_16_32_128_s1_aligned,warm,0,282.652,0,0,177.373
1,5120,17408,w4a4_16_32_128_s1_aligned,warm,1,282.529,0,0,177.451
1,5120,17408,w4a4_16_32_128_s1_aligned,warm,2,282.772,0,0,177.298
1,5120,17408,w4a4_16_32_128_s1_aligned,evicted128MiB,0,343.797,0,0,145.827
1,5120,17408,w4a4_16_32_128_s1_aligned,evicted128MiB,1,347.273,0,0,144.368
1,5120,17408,w4a4_16_32_128_s1_aligned,evicted128MiB,2,338.348,0,0,148.176
1,5120,17408,w4a4_16_64_256_s1_aligned,warm,0,244.928,0,0,204.693
1,5120,17408,w4a4_16_64_256_s1_aligned,warm,1,245.002,0,0,204.631
1,5120,17408,w4a4_16_64_256_s1_aligned,warm,2,256.358,0,0,195.567
1,5120,17408,w4a4_16_64_256_s1_aligned,evicted128MiB,0,308.02,0,0,162.765
1,5120,17408,w4a4_16_64_256_s1_aligned,evicted128MiB,1,300.826,0,0,166.658
1,5120,17408,w4a4_16_64_256_s1_aligned,evicted128MiB,2,300.399,0,0,166.895
1,5120,17408,w4a16_16_64_256_s1_aligned,warm,0,247.907,0,0,202.233
1,5120,17408,w4a16_16_64_256_s1_aligned,warm,1,255.947,0,0,195.881
1,5120,17408,w4a16_16_64_256_s1_aligned,warm,2,249.395,0,0,201.026
1,5120,17408,w4a16_16_64_256_s1_aligned,evicted128MiB,0,317.551,0,0,157.88
1,5120,17408,w4a16_16_64_256_s1_aligned,evicted128MiB,1,304.046,0,0,164.893
1,5120,17408,w4a16_16_64_256_s1_aligned,evicted128MiB,2,312.23,0,0,160.571
1,5120,17408,gemv_w4a16_m1_k512_w4,warm,0,256.346,0,0,195.576
1,5120,17408,gemv_w4a16_m1_k512_w4,warm,1,252.535,0,0,198.527
1,5120,17408,gemv_w4a16_m1_k512_w4,warm,2,254.283,0,0,197.163
1,5120,17408,gemv_w4a16_m1_k512_w4,evicted128MiB,0,303.663,0,0,165.101
1,5120,17408,gemv_w4a16_m1_k512_w4,evicted128MiB,1,312.423,0,0,160.471
1,5120,17408,gemv_w4a16_m1_k512_w4,evicted128MiB,2,304.129,0,0,164.848
1,5120,17408,gemv_w4a16_m1_k1024_w4,warm,0,236.849,0,0,211.675
1,5120,17408,gemv_w4a16_m1_k1024_w4,warm,1,231.371,0,0,216.687
1,5120,17408,gemv_w4a16_m1_k1024_w4,warm,2,231.053,0,0,216.985
1,5120,17408,gemv_w4a16_m1_k1024_w4,evicted128MiB,0,289.879,0,0,172.951
1,5120,17408,gemv_w4a16_m1_k1024_w4,evicted128MiB,1,283.804,0,0,176.654
1,5120,17408,gemv_w4a16_m1_k1024_w4,evicted128MiB,2,288.682,0,0,173.669
1,5120,17408,gemv_w4a16_m4_k512_w4,warm,0,299.64,0,0,167.318
1,5120,17408,gemv_w4a16_m4_k512_w4,warm,1,300.253,0,0,166.976
1,5120,17408,gemv_w4a16_m4_k512_w4,warm,2,302.927,0,0,165.502
1,5120,17408,gemv_w4a16_m4_k512_w4,evicted128MiB,0,341.731,0,0,146.709
1,5120,17408,gemv_w4a16_m4_k512_w4,evicted128MiB,1,357.851,0,0,140.1
1,5120,17408,gemv_w4a16_m4_k512_w4,evicted128MiB,2,340.434,0,0,147.268
1,5120,17408,gemv_w4a16_m16_k512_w8,warm,0,1077.13,0,0,46.5449
1,5120,17408,gemv_w4a16_m16_k512_w8,warm,1,1063.62,0,0,47.136
1,5120,17408,gemv_w4a16_m16_k512_w8,warm,2,1056.68,0,0,47.4457
1,5120,17408,gemv_w4a16_m16_k512_w8,evicted128MiB,0,1108.04,0,0,45.2466
1,5120,17408,gemv_w4a16_m16_k512_w8,evicted128MiB,1,1072.38,0,0,46.7512
1,5120,17408,gemv_w4a16_m16_k512_w8,evicted128MiB,2,1105.36,0,0,45.3563
2,5120,17408,cublas_bf16,warm,0,795.483,0,0,224.088
2,5120,17408,cublas_bf16,warm,1,783.337,0,0,227.562
2,5120,17408,cublas_bf16,warm,2,776.67,0,0,229.516
2,5120,17408,cublas_bf16,evicted128MiB,0,835.016,0,0,213.479
2,5120,17408,cublas_bf16,evicted128MiB,1,846.12,0,0,210.677
2,5120,17408,cublas_bf16,evicted128MiB,2,826.571,0,0,215.66
2,5120,17408,w4a4_16_32_128_s1,warm,0,411.4,0,0,121.865
2,5120,17408,w4a4_16_32_128_s1,warm,1,408.899,0,0,122.61
2,5120,17408,w4a4_16_32_128_s1,warm,2,398.958,0,0,125.665
2,5120,17408,w4a4_16_32_128_s1,evicted128MiB,0,475.213,0,0,105.5
2,5120,17408,w4a4_16_32_128_s1,evicted128MiB,1,466.021,0,0,107.581
2,5120,17408,w4a4_16_32_128_s1,evicted128MiB,2,467.009,0,0,107.353
2,5120,17408,w4a4_16_64_128_s1,warm,0,341.993,0,0,146.597
2,5120,17408,w4a4_16_64_128_s1,warm,1,350.404,0,0,143.078
2,5120,17408,w4a4_16_64_128_s1,warm,2,332.921,0,0,150.592
2,5120,17408,w4a4_16_64_128_s1,evicted128MiB,0,396.366,0,0,126.487
2,5120,17408,w4a4_16_64_128_s1,evicted128MiB,1,387.704,0,0,129.313
2,5120,17408,w4a4_16_64_128_s1,evicted128MiB,2,400.621,0,0,125.143
2,5120,17408,w4a4_16_64_256_s1,warm,0,369.382,0,0,135.727
2,5120,17408,w4a4_16_64_256_s1,warm,1,359.616,0,0,139.413
2,5120,17408,w4a4_16_64_256_s1,warm,2,369.681,0,0,135.617
2,5120,17408,w4a4_16_64_256_s1,evicted128MiB,0,451.095,0,0,111.141
2,5120,17408,w4a4_16_64_256_s1,evicted128MiB,1,413.584,0,0,121.221
2,5120,17408,w4a4_16_64_256_s1,evicted128MiB,2,421.411,0,0,118.969
2,5120,17408,w4a4_16_32_128_s4,warm,0,322.281,0,0,155.563
2,5120,17408,w4a4_16_32_128_s4,warm,1,339.634,0,0,147.615
2,5120,17408,w4a4_16_32_128_s4,warm,2,331.609,0,0,151.187
2,5120,17408,w4a4_16_32_128_s4,evicted128MiB,0,393.063,0,0,127.549
2,5120,17408,w4a4_16_32_128_s4,evicted128MiB,1,390.036,0,0,128.539
2,5120,17408,w4a4_16_32_128_s4,evicted128MiB,2,379.46,0,0,132.122
2,5120,17408,w4a4_16_64_256_s4,warm,0,388.35,0,0,129.098
2,5120,17408,w4a4_16_64_256_s4,warm,1,386.941,0,0,129.568
2,5120,17408,w4a4_16_64_256_s4,warm,2,389.087,0,0,128.853
2,5120,17408,w4a4_16_64_256_s4,evicted128MiB,0,432.504,0,0,115.918
2,5120,17408,w4a4_16_64_256_s4,evicted128MiB,1,468.214,0,0,107.077
2,5120,17408,w4a4_16_64_256_s4,evicted128MiB,2,432.17,0,0,116.008
2,5120,17408,w4a16_16_32_128_s1,warm,0,467.085,0,0,107.336
2,5120,17408,w4a16_16_32_128_s1,warm,1,475.021,0,0,105.543
2,5120,17408,w4a16_16_32_128_s1,warm,2,466.163,0,0,107.548
2,5120,17408,w4a16_16_32_128_s1,evicted128MiB,0,553.266,0,0,90.6165
2,5120,17408,w4a16_16_32_128_s1,evicted128MiB,1,529.422,0,0,94.6977
2,5120,17408,w4a16_16_32_128_s1,evicted128MiB,2,519.586,0,0,96.4903
2,5120,17408,w4a16_16_64_128_s1,warm,0,351.097,0,0,142.796
2,5120,17408,w4a16_16_64_128_s1,warm,1,357.639,0,0,140.183
2,5120,17408,w4a16_16_64_128_s1,warm,2,351.444,0,0,142.654
2,5120,17408,w4a16_16_64_128_s1,evicted128MiB,0,407.515,0,0,123.026
2,5120,17408,w4a16_16_64_128_s1,evicted128MiB,1,411.18,0,0,121.93
2,5120,17408,w4a16_16_64_128_s1,evicted128MiB,2,417.43,0,0,120.104
2,5120,17408,w4a16_16_64_256_s1,warm,0,371.852,0,0,134.825
2,5120,17408,w4a16_16_64_256_s1,warm,1,382.062,0,0,131.222
2,5120,17408,w4a16_16_64_256_s1,warm,2,371.8,0,0,134.844
2,5120,17408,w4a16_16_64_256_s1,evicted128MiB,0,431.972,0,0,116.061
2,5120,17408,w4a16_16_64_256_s1,evicted128MiB,1,449.642,0,0,111.5
2,5120,17408,w4a16_16_64_256_s1,evicted128MiB,2,416.843,0,0,120.273
2,5120,17408,w4a16_16_32_128_s4,warm,0,382.79,0,0,130.973
2,5120,17408,w4a16_16_32_128_s4,warm,1,384.11,0,0,130.522
2,5120,17408,w4a16_16_32_128_s4,warm,2,375.539,0,0,133.501
2,5120,17408,w4a16_16_32_128_s4,evicted128MiB,0,440.418,0,0,113.835
2,5120,17408,w4a16_16_32_128_s4,evicted128MiB,1,431.356,0,0,116.227
2,5120,17408,w4a16_16_32_128_s4,evicted128MiB,2,441.676,0,0,113.511
2,5120,17408,w4a16_16_64_256_s4,warm,0,389.497,0,0,128.717
2,5120,17408,w4a16_16_64_256_s4,warm,1,392.835,0,0,127.624
2,5120,17408,w4a16_16_64_256_s4,warm,2,393.163,0,0,127.517
2,5120,17408,w4a16_16_64_256_s4,evicted128MiB,0,453.674,0,0,110.509
2,5120,17408,w4a16_16_64_256_s4,evicted128MiB,1,469.52,0,0,106.779
2,5120,17408,w4a16_16_64_256_s4,evicted128MiB,2,436.364,0,0,114.893
2,5120,17408,w4a4_16_32_128_s1_aligned,warm,0,283.318,0,0,176.957
2,5120,17408,w4a4_16_32_128_s1_aligned,warm,1,292.524,0,0,171.388
2,5120,17408,w4a4_16_32_128_s1_aligned,warm,2,282.96,0,0,177.181
2,5120,17408,w4a4_16_32_128_s1_aligned,evicted128MiB,0,347.814,0,0,144.143
2,5120,17408,w4a4_16_32_128_s1_aligned,evicted128MiB,1,338.469,0,0,148.123
2,5120,17408,w4a4_16_32_128_s1_aligned,evicted128MiB,2,343.373,0,0,146.008
2,5120,17408,w4a4_16_64_256_s1_aligned,warm,0,247.13,0,0,202.869
2,5120,17408,w4a4_16_64_256_s1_aligned,warm,1,247.519,0,0,202.55
2,5120,17408,w4a4_16_64_256_s1_aligned,warm,2,256.388,0,0,195.544
2,5120,17408,w4a4_16_64_256_s1_aligned,evicted128MiB,0,303.682,0,0,165.091
2,5120,17408,w4a4_16_64_256_s1_aligned,evicted128MiB,1,302.801,0,0,165.571
2,5120,17408,w4a4_16_64_256_s1_aligned,evicted128MiB,2,302.319,0,0,165.835
2,5120,17408,w4a16_16_64_256_s1_aligned,warm,0,256.09,0,0,195.771
2,5120,17408,w4a16_16_64_256_s1_aligned,warm,1,248.983,0,0,201.359
2,5120,17408,w4a16_16_64_256_s1_aligned,warm,2,258.906,0,0,193.642
2,5120,17408,w4a16_16_64_256_s1_aligned,evicted128MiB,0,319.475,0,0,156.929
2,5120,17408,w4a16_16_64_256_s1_aligned,evicted128MiB,1,302.338,0,0,165.824
2,5120,17408,w4a16_16_64_256_s1_aligned,evicted128MiB,2,304.182,0,0,164.819
2,5120,17408,gemv_w4a16_m1_k512_w4,warm,0,315.174,0,0,159.071
2,5120,17408,gemv_w4a16_m1_k512_w4,warm,1,331.446,0,0,151.262
2,5120,17408,gemv_w4a16_m1_k512_w4,warm,2,331.18,0,0,151.383
2,5120,17408,gemv_w4a16_m1_k512_w4,evicted128MiB,0,361.515,0,0,138.681
2,5120,17408,gemv_w4a16_m1_k512_w4,evicted128MiB,1,386.359,0,0,129.763
2,5120,17408,gemv_w4a16_m1_k512_w4,evicted128MiB,2,366.414,0,0,136.826
2,5120,17408,gemv_w4a16_m1_k1024_w4,warm,0,235.814,0,0,212.604
2,5120,17408,gemv_w4a16_m1_k1024_w4,warm,1,250.54,0,0,200.108
2,5120,17408,gemv_w4a16_m1_k1024_w4,warm,2,242.676,0,0,206.592
2,5120,17408,gemv_w4a16_m1_k1024_w4,evicted128MiB,0,304.324,0,0,164.742
2,5120,17408,gemv_w4a16_m1_k1024_w4,evicted128MiB,1,301.37,0,0,166.357
2,5120,17408,gemv_w4a16_m1_k1024_w4,evicted128MiB,2,288.786,0,0,173.606
2,5120,17408,gemv_w4a16_m4_k512_w4,warm,0,305.253,0,0,164.241
2,5120,17408,gemv_w4a16_m4_k512_w4,warm,1,301.526,0,0,166.271
2,5120,17408,gemv_w4a16_m4_k512_w4,warm,2,294.111,0,0,170.463
2,5120,17408,gemv_w4a16_m4_k512_w4,evicted128MiB,0,354.193,0,0,141.547
2,5120,17408,gemv_w4a16_m4_k512_w4,evicted128MiB,1,360.573,0,0,139.043
2,5120,17408,gemv_w4a16_m4_k512_w4,evicted128MiB,2,328.85,0,0,152.456
2,5120,17408,gemv_w4a16_m16_k512_w8,warm,0,1077.78,0,0,46.517
2,5120,17408,gemv_w4a16_m16_k512_w8,warm,1,1060.92,0,0,47.256
2,5120,17408,gemv_w4a16_m16_k512_w8,warm,2,1067.23,0,0,46.9768
2,5120,17408,gemv_w4a16_m16_k512_w8,evicted128MiB,0,1107.69,0,0,45.261
2,5120,17408,gemv_w4a16_m16_k512_w8,evicted128MiB,1,1069.97,0,0,46.8566
2,5120,17408,gemv_w4a16_m16_k512_w8,evicted128MiB,2,1070.19,0,0,46.847
4,5120,17408,cublas_bf16,warm,0,789.378,0,0,225.821
4,5120,17408,cublas_bf16,warm,1,787.635,0,0,226.32
4,5120,17408,cublas_bf16,warm,2,783.634,0,0,227.476
4,5120,17408,cublas_bf16,evicted128MiB,0,835.664,0,0,213.313
4,5120,17408,cublas_bf16,evicted128MiB,1,837.006,0,0,212.971
4,5120,17408,cublas_bf16,evicted128MiB,2,840.048,0,0,212.2
4,5120,17408,w4a4_16_32_128_s1,warm,0,418.611,0,0,119.765
4,5120,17408,w4a4_16_32_128_s1,warm,1,413.028,0,0,121.384
4,5120,17408,w4a4_16_32_128_s1,warm,2,413.366,0,0,121.285
4,5120,17408,w4a4_16_32_128_s1,evicted128MiB,0,512.505,0,0,97.8236
4,5120,17408,w4a4_16_32_128_s1,evicted128MiB,1,496.107,0,0,101.057
4,5120,17408,w4a4_16_32_128_s1,evicted128MiB,2,482.814,0,0,103.839
4,5120,17408,w4a4_16_64_128_s1,warm,0,358.674,0,0,139.779
4,5120,17408,w4a4_16_64_128_s1,warm,1,352.776,0,0,142.116
4,5120,17408,w4a4_16_64_128_s1,warm,2,335.602,0,0,149.389
4,5120,17408,w4a4_16_64_128_s1,evicted128MiB,0,402.637,0,0,124.517
4,5120,17408,w4a4_16_64_128_s1,evicted128MiB,1,399.98,0,0,125.344
4,5120,17408,w4a4_16_64_128_s1,evicted128MiB,2,389.63,0,0,128.673
4,5120,17408,w4a4_16_64_256_s1,warm,0,360.784,0,0,138.962
4,5120,17408,w4a4_16_64_256_s1,warm,1,370.624,0,0,135.272
4,5120,17408,w4a4_16_64_256_s1,warm,2,369.907,0,0,135.534
4,5120,17408,w4a4_16_64_256_s1,evicted128MiB,0,428.704,0,0,116.946
4,5120,17408,w4a4_16_64_256_s1,evicted128MiB,1,432.711,0,0,115.863
4,5120,17408,w4a4_16_64_256_s1,evicted128MiB,2,415.76,0,0,120.587
4,5120,17408,w4a4_16_32_128_s4,warm,0,335.634,0,0,149.374
4,5120,17408,w4a4_16_32_128_s4,warm,1,326.449,0,0,153.577
4,5120,17408,w4a4_16_32_128_s4,warm,2,326.613,0,0,153.5
4,5120,17408,w4a4_16_32_128_s4,evicted128MiB,0,389.308,0,0,128.78
4,5120,17408,w4a4_16_32_128_s4,evicted128MiB,1,383.607,0,0,130.694
4,5120,17408,w4a4_16_32_128_s4,evicted128MiB,2,410.149,0,0,122.236
4,5120,17408,w4a4_16_64_256_s4,warm,0,390.674,0,0,128.33
4,5120,17408,w4a4_16_64_256_s4,warm,1,390.418,0,0,128.414
4,5120,17408,w4a4_16_64_256_s4,warm,2,391.196,0,0,128.158
4,5120,17408,w4a4_16_64_256_s4,evicted128MiB,0,445.11,0,0,112.635
4,5120,17408,w4a4_16_64_256_s4,evicted128MiB,1,433.692,0,0,115.601
4,5120,17408,w4a4_16_64_256_s4,evicted128MiB,2,456.341,0,0,109.863
4,5120,17408,w4a16_16_32_128_s1,warm,0,476.23,0,0,105.275
4,5120,17408,w4a16_16_32_128_s1,warm,1,467.003,0,0,107.355
4,5120,17408,w4a16_16_32_128_s1,warm,2,469.265,0,0,106.837
4,5120,17408,w4a16_16_32_128_s1,evicted128MiB,0,546.579,0,0,91.7251
4,5120,17408,w4a16_16_32_128_s1,evicted128MiB,1,545.108,0,0,91.9726
4,5120,17408,w4a16_16_32_128_s1,evicted128MiB,2,522.311,0,0,95.9869
4,5120,17408,w4a16_16_64_128_s1,warm,0,352.274,0,0,142.318
4,5120,17408,w4a16_16_64_128_s1,warm,1,350.998,0,0,142.836
4,5120,17408,w4a16_16_64_128_s1,warm,2,349.532,0,0,143.435
4,5120,17408,w4a16_16_64_128_s1,evicted128MiB,0,412.222,0,0,121.621
4,5120,17408,w4a16_16_64_128_s1,evicted128MiB,1,424.626,0,0,118.069
4,5120,17408,w4a16_16_64_128_s1,evicted128MiB,2,398.268,0,0,125.883
4,5120,17408,w4a16_16_64_256_s1,warm,0,364.142,0,0,137.68
4,5120,17408,w4a16_16_64_256_s1,warm,1,373.624,0,0,134.186
4,5120,17408,w4a16_16_64_256_s1,warm,2,381.53,0,0,131.405
4,5120,17408,w4a16_16_64_256_s1,evicted128MiB,0,424.149,0,0,118.201
4,5120,17408,w4a16_16_64_256_s1,evicted128MiB,1,418.25,0,0,119.869
4,5120,17408,w4a16_16_64_256_s1,evicted128MiB,2,456.483,0,0,109.829
4,5120,17408,w4a16_16_32_128_s4,warm,0,378.571,0,0,132.432
4,5120,17408,w4a16_16_32_128_s4,warm,1,380.393,0,0,131.798
4,5120,17408,w4a16_16_32_128_s4,warm,2,378.407,0,0,132.49
4,5120,17408,w4a16_16_32_128_s4,evicted128MiB,0,450.817,0,0,111.209
4,5120,17408,w4a16_16_32_128_s4,evicted128MiB,1,456.736,0,0,109.768
4,5120,17408,w4a16_16_32_128_s4,evicted128MiB,2,425.62,0,0,117.793
4,5120,17408,w4a16_16_64_256_s4,warm,0,405.594,0,0,123.609
4,5120,17408,w4a16_16_64_256_s4,warm,1,396.214,0,0,126.535
4,5120,17408,w4a16_16_64_256_s4,warm,2,396.511,0,0,126.441
4,5120,17408,w4a16_16_64_256_s4,evicted128MiB,0,450.468,0,0,111.295
4,5120,17408,w4a16_16_64_256_s4,evicted128MiB,1,442.456,0,0,113.311
4,5120,17408,w4a16_16_64_256_s4,evicted128MiB,2,438.822,0,0,114.249
4,5120,17408,w4a4_16_32_128_s1_aligned,warm,0,285.018,0,0,175.901
4,5120,17408,w4a4_16_32_128_s1_aligned,warm,1,285.531,0,0,175.586
4,5120,17408,w4a4_16_32_128_s1_aligned,warm,2,285.129,0,0,175.833
4,5120,17408,w4a4_16_32_128_s1_aligned,evicted128MiB,0,357.673,0,0,140.17
4,5120,17408,w4a4_16_32_128_s1_aligned,evicted128MiB,1,339.771,0,0,147.556
4,5120,17408,w4a4_16_32_128_s1_aligned,evicted128MiB,2,340.108,0,0,147.409
4,5120,17408,w4a4_16_64_256_s1_aligned,warm,0,247.693,0,0,202.408
4,5120,17408,w4a4_16_64_256_s1_aligned,warm,1,247.528,0,0,202.543
4,5120,17408,w4a4_16_64_256_s1_aligned,warm,2,247.784,0,0,202.333
4,5120,17408,w4a4_16_64_256_s1_aligned,evicted128MiB,0,302.97,0,0,165.479
4,5120,17408,w4a4_16_64_256_s1_aligned,evicted128MiB,1,310.502,0,0,161.464
4,5120,17408,w4a4_16_64_256_s1_aligned,evicted128MiB,2,315.996,0,0,158.657
4,5120,17408,w4a16_16_64_256_s1_aligned,warm,0,250.13,0,0,200.436
4,5120,17408,w4a16_16_64_256_s1_aligned,warm,1,257.452,0,0,194.736
4,5120,17408,w4a16_16_64_256_s1_aligned,warm,2,257.922,0,0,194.381
4,5120,17408,w4a16_16_64_256_s1_aligned,evicted128MiB,0,315.462,0,0,158.926
4,5120,17408,w4a16_16_64_256_s1_aligned,evicted128MiB,1,322.789,0,0,155.318
4,5120,17408,w4a16_16_64_256_s1_aligned,evicted128MiB,2,303.319,0,0,165.288
4,5120,17408,gemv_w4a16_m1_k512_w4,warm,0,568.86,0,0,88.1325
4,5120,17408,gemv_w4a16_m1_k512_w4,warm,1,569.577,0,0,88.0215
4,5120,17408,gemv_w4a16_m1_k512_w4,warm,2,569.372,0,0,88.0532
4,5120,17408,gemv_w4a16_m1_k512_w4,evicted128MiB,0,590.242,0,0,84.9398
4,5120,17408,gemv_w4a16_m1_k512_w4,evicted128MiB,1,624.636,0,0,80.2629
4,5120,17408,gemv_w4a16_m1_k512_w4,evicted128MiB,2,608.791,0,0,82.3518
4,5120,17408,gemv_w4a16_m1_k1024_w4,warm,0,347.552,0,0,144.252
4,5120,17408,gemv_w4a16_m1_k1024_w4,warm,1,355.93,0,0,140.857
4,5120,17408,gemv_w4a16_m1_k1024_w4,warm,2,347.512,0,0,144.269
4,5120,17408,gemv_w4a16_m1_k1024_w4,evicted128MiB,0,386.892,0,0,129.584
4,5120,17408,gemv_w4a16_m1_k1024_w4,evicted128MiB,1,395.486,0,0,126.768
4,5120,17408,gemv_w4a16_m1_k1024_w4,evicted128MiB,2,409.929,0,0,122.302
4,5120,17408,gemv_w4a16_m4_k512_w4,warm,0,309.133,0,0,162.18
4,5120,17408,gemv_w4a16_m4_k512_w4,warm,1,313.556,0,0,159.892
4,5120,17408,gemv_w4a16_m4_k512_w4,warm,2,299.765,0,0,167.248
4,5120,17408,gemv_w4a16_m4_k512_w4,evicted128MiB,0,359.562,0,0,139.434
4,5120,17408,gemv_w4a16_m4_k512_w4,evicted128MiB,1,356.57,0,0,140.604
4,5120,17408,gemv_w4a16_m4_k512_w4,evicted128MiB,2,366.304,0,0,136.867
4,5120,17408,gemv_w4a16_m16_k512_w8,warm,0,1082.56,0,0,46.3114
4,5120,17408,gemv_w4a16_m16_k512_w8,warm,1,1066.85,0,0,46.9934
4,5120,17408,gemv_w4a16_m16_k512_w8,warm,2,1073.57,0,0,46.6994
4,5120,17408,gemv_w4a16_m16_k512_w8,evicted128MiB,0,1162.39,0,0,43.1311
4,5120,17408,gemv_w4a16_m16_k512_w8,evicted128MiB,1,1083.43,0,0,46.2745
4,5120,17408,gemv_w4a16_m16_k512_w8,evicted128MiB,2,1121.18,0,0,44.7162
5,5120,17408,cublas_bf16,warm,0,805.376,0,0,221.335
5,5120,17408,cublas_bf16,warm,1,781.965,0,0,227.961
5,5120,17408,cublas_bf16,warm,2,784.709,0,0,227.164
5,5120,17408,cublas_bf16,evicted128MiB,0,828.368,0,0,215.192
5,5120,17408,cublas_bf16,evicted128MiB,1,837.312,0,0,212.893
5,5120,17408,cublas_bf16,evicted128MiB,2,835.574,0,0,213.336
5,5120,17408,w4a4_16_32_128_s1,warm,0,413.058,0,0,121.375
5,5120,17408,w4a4_16_32_128_s1,warm,1,422.582,0,0,118.64
5,5120,17408,w4a4_16_32_128_s1,warm,2,413.243,0,0,121.321
5,5120,17408,w4a4_16_32_128_s1,evicted128MiB,0,517.882,0,0,96.8079
5,5120,17408,w4a4_16_32_128_s1,evicted128MiB,1,471.316,0,0,106.372
5,5120,17408,w4a4_16_32_128_s1,evicted128MiB,2,486.928,0,0,102.962
5,5120,17408,w4a4_16_64_128_s1,warm,0,346.046,0,0,144.88
5,5120,17408,w4a4_16_64_128_s1,warm,1,337.057,0,0,148.743
5,5120,17408,w4a4_16_64_128_s1,warm,2,338.849,0,0,147.957
5,5120,17408,w4a4_16_64_128_s1,evicted128MiB,0,407.134,0,0,123.141
5,5120,17408,w4a4_16_64_128_s1,evicted128MiB,1,403.578,0,0,124.227
5,5120,17408,w4a4_16_64_128_s1,evicted128MiB,2,391.482,0,0,128.065
5,5120,17408,w4a4_16_64_256_s1,warm,0,371.053,0,0,135.116
5,5120,17408,w4a4_16_64_256_s1,warm,1,370.614,0,0,135.276
5,5120,17408,w4a4_16_64_256_s1,warm,2,371.71,0,0,134.877
5,5120,17408,w4a4_16_64_256_s1,evicted128MiB,0,435.996,0,0,114.99
5,5120,17408,w4a4_16_64_256_s1,evicted128MiB,1,424.943,0,0,117.981
5,5120,17408,w4a4_16_64_256_s1,evicted128MiB,2,414.085,0,0,121.074
5,5120,17408,w4a4_16_32_128_s4,warm,0,344.211,0,0,145.652
5,5120,17408,w4a4_16_32_128_s4,warm,1,328.288,0,0,152.717
5,5120,17408,w4a4_16_32_128_s4,warm,2,327.463,0,0,153.102
5,5120,17408,w4a4_16_32_128_s4,evicted128MiB,0,391.888,0,0,127.932
5,5120,17408,w4a4_16_32_128_s4,evicted128MiB,1,383.905,0,0,130.592
5,5120,17408,w4a4_16_32_128_s4,evicted128MiB,2,404.78,0,0,123.858
5,5120,17408,w4a4_16_64_256_s4,warm,0,392.927,0,0,127.594
5,5120,17408,w4a4_16_64_256_s4,warm,1,392.794,0,0,127.637
5,5120,17408,w4a4_16_64_256_s4,warm,2,392.65,0,0,127.684
5,5120,17408,w4a4_16_64_256_s4,evicted128MiB,0,457.524,0,0,109.579
5,5120,17408,w4a4_16_64_256_s4,evicted128MiB,1,434.032,0,0,115.51
5,5120,17408,w4a4_16_64_256_s4,evicted128MiB,2,451.712,0,0,110.989
5,5120,17408,w4a16_16_32_128_s1,warm,0,487.885,0,0,102.76
5,5120,17408,w4a16_16_32_128_s1,warm,1,478.952,0,0,104.676
5,5120,17408,w4a16_16_32_128_s1,warm,2,468.519,0,0,107.008
5,5120,17408,w4a16_16_32_128_s1,evicted128MiB,0,555.2,0,0,90.3009
5,5120,17408,w4a16_16_32_128_s1,evicted128MiB,1,521.82,0,0,96.0773
5,5120,17408,w4a16_16_32_128_s1,evicted128MiB,2,557.745,0,0,89.8888
5,5120,17408,w4a16_16_64_128_s1,warm,0,352.991,0,0,142.029
5,5120,17408,w4a16_16_64_128_s1,warm,1,352.93,0,0,142.054
5,5120,17408,w4a16_16_64_128_s1,warm,2,352.897,0,0,142.067
5,5120,17408,w4a16_16_64_128_s1,evicted128MiB,0,417.143,0,0,120.187
5,5120,17408,w4a16_16_64_128_s1,evicted128MiB,1,414.341,0,0,120.999
5,5120,17408,w4a16_16_64_128_s1,evicted128MiB,2,397.403,0,0,126.157
5,5120,17408,w4a16_16_64_256_s1,warm,0,372.519,0,0,134.584
5,5120,17408,w4a16_16_64_256_s1,warm,1,373.42,0,0,134.259
5,5120,17408,w4a16_16_64_256_s1,warm,2,372.523,0,0,134.582
5,5120,17408,w4a16_16_64_256_s1,evicted128MiB,0,449.141,0,0,111.624
5,5120,17408,w4a16_16_64_256_s1,evicted128MiB,1,463.276,0,0,108.219
5,5120,17408,w4a16_16_64_256_s1,evicted128MiB,2,434.817,0,0,115.301
5,5120,17408,w4a16_16_32_128_s4,warm,0,385.277,0,0,130.127
5,5120,17408,w4a16_16_32_128_s4,warm,1,379.742,0,0,132.024
5,5120,17408,w4a16_16_32_128_s4,warm,2,371.023,0,0,135.126
5,5120,17408,w4a16_16_32_128_s4,evicted128MiB,0,439.606,0,0,114.045
5,5120,17408,w4a16_16_32_128_s4,evicted128MiB,1,456.874,0,0,109.735
5,5120,17408,w4a16_16_32_128_s4,evicted128MiB,2,443.994,0,0,112.918
5,5120,17408,w4a16_16_64_256_s4,warm,0,397.853,0,0,126.014
5,5120,17408,w4a16_16_64_256_s4,warm,1,406.587,0,0,123.307
5,5120,17408,w4a16_16_64_256_s4,warm,2,389.66,0,0,128.664
5,5120,17408,w4a16_16_64_256_s4,evicted128MiB,0,473.418,0,0,105.9
5,5120,17408,w4a16_16_64_256_s4,evicted128MiB,1,440.116,0,0,113.913
5,5120,17408,w4a16_16_64_256_s4,evicted128MiB,2,449.123,0,0,111.629
5,5120,17408,w4a4_16_32_128_s1_aligned,warm,0,295.482,0,0,169.672
5,5120,17408,w4a4_16_32_128_s1_aligned,warm,1,286.923,0,0,174.734
5,5120,17408,w4a4_16_32_128_s1_aligned,warm,2,286.553,0,0,174.959
5,5120,17408,w4a4_16_32_128_s1_aligned,evicted128MiB,0,348.096,0,0,144.026
5,5120,17408,w4a4_16_32_128_s1_aligned,evicted128MiB,1,340.135,0,0,147.397
5,5120,17408,w4a4_16_32_128_s1_aligned,evicted128MiB,2,340.753,0,0,147.13
5,5120,17408,w4a4_16_64_256_s1_aligned,warm,0,249.823,0,0,200.682
5,5120,17408,w4a4_16_64_256_s1_aligned,warm,1,249.209,0,0,201.177
5,5120,17408,w4a4_16_64_256_s1_aligned,warm,2,249.434,0,0,200.995
5,5120,17408,w4a4_16_64_256_s1_aligned,evicted128MiB,0,307.494,0,0,163.044
5,5120,17408,w4a4_16_64_256_s1_aligned,evicted128MiB,1,303.332,0,0,165.281
5,5120,17408,w4a4_16_64_256_s1_aligned,evicted128MiB,2,305.427,0,0,164.147
5,5120,17408,w4a16_16_64_256_s1_aligned,warm,0,251.461,0,0,199.375
5,5120,17408,w4a16_16_64_256_s1_aligned,warm,1,259.336,0,0,193.321
5,5120,17408,w4a16_16_64_256_s1_aligned,warm,2,258.116,0,0,194.234
5,5120,17408,w4a16_16_64_256_s1_aligned,evicted128MiB,0,313.103,0,0,160.123
5,5120,17408,w4a16_16_64_256_s1_aligned,evicted128MiB,1,315.741,0,0,158.785
5,5120,17408,w4a16_16_64_256_s1_aligned,evicted128MiB,2,308.128,0,0,162.709
5,5120,17408,gemv_w4a16_m1_k512_w4,warm,0,709.546,0,0,70.6579
5,5120,17408,gemv_w4a16_m1_k512_w4,warm,1,699.043,0,0,71.7196
5,5120,17408,gemv_w4a16_m1_k512_w4,warm,2,688.401,0,0,72.8282
5,5120,17408,gemv_w4a16_m1_k512_w4,evicted128MiB,0,714.198,0,0,70.1976
5,5120,17408,gemv_w4a16_m1_k512_w4,evicted128MiB,1,724.588,0,0,69.1911
5,5120,17408,gemv_w4a16_m1_k512_w4,evicted128MiB,2,716.816,0,0,69.9413
5,5120,17408,gemv_w4a16_m1_k1024_w4,warm,0,433.877,0,0,115.551
5,5120,17408,gemv_w4a16_m1_k1024_w4,warm,1,446.81,0,0,112.207
5,5120,17408,gemv_w4a16_m1_k1024_w4,warm,2,450.097,0,0,111.387
5,5120,17408,gemv_w4a16_m1_k1024_w4,evicted128MiB,0,455.777,0,0,109.999
5,5120,17408,gemv_w4a16_m1_k1024_w4,evicted128MiB,1,436.994,0,0,114.727
5,5120,17408,gemv_w4a16_m1_k1024_w4,evicted128MiB,2,459.334,0,0,109.147
5,5120,17408,gemv_w4a16_m4_k512_w4,warm,0,520.384,0,0,96.3423
5,5120,17408,gemv_w4a16_m4_k512_w4,warm,1,515.479,0,0,97.2591
5,5120,17408,gemv_w4a16_m4_k512_w4,warm,2,547.608,0,0,91.5528
5,5120,17408,gemv_w4a16_m4_k512_w4,evicted128MiB,0,541.818,0,0,92.5312
5,5120,17408,gemv_w4a16_m4_k512_w4,evicted128MiB,1,551.853,0,0,90.8486
5,5120,17408,gemv_w4a16_m4_k512_w4,evicted128MiB,2,542.214,0,0,92.4635
5,5120,17408,gemv_w4a16_m16_k512_w8,warm,0,1081.15,0,0,46.3721
5,5120,17408,gemv_w4a16_m16_k512_w8,warm,1,1080.64,0,0,46.394
5,5120,17408,gemv_w4a16_m16_k512_w8,warm,2,1080.82,0,0,46.3861
5,5120,17408,gemv_w4a16_m16_k512_w8,evicted128MiB,0,1151.05,0,0,43.5561
5,5120,17408,gemv_w4a16_m16_k512_w8,evicted128MiB,1,1087.33,0,0,46.1082
5,5120,17408,gemv_w4a16_m16_k512_w8,evicted128MiB,2,1120.12,0,0,44.7588
16,5120,17408,cublas_bf16,warm,0,797.581,0,0,223.498
16,5120,17408,cublas_bf16,warm,1,796.844,0,0,223.705
16,5120,17408,cublas_bf16,warm,2,796.301,0,0,223.857
16,5120,17408,cublas_bf16,evicted128MiB,0,835.3,0,0,213.406
16,5120,17408,cublas_bf16,evicted128MiB,1,832.044,0,0,214.241
16,5120,17408,cublas_bf16,evicted128MiB,2,830.646,0,0,214.601
16,5120,17408,w4a4_16_32_128_s1,warm,0,445.919,0,0,112.431
16,5120,17408,w4a4_16_32_128_s1,warm,1,425.111,0,0,117.934
16,5120,17408,w4a4_16_32_128_s1,warm,2,424.558,0,0,118.087
16,5120,17408,w4a4_16_32_128_s1,evicted128MiB,0,513.262,0,0,97.6793
16,5120,17408,w4a4_16_32_128_s1,evicted128MiB,1,526.641,0,0,95.1978
16,5120,17408,w4a4_16_32_128_s1,evicted128MiB,2,513.877,0,0,97.5623
16,5120,17408,w4a4_16_64_128_s1,warm,0,373.664,0,0,134.171
16,5120,17408,w4a4_16_64_128_s1,warm,1,373.573,0,0,134.204
16,5120,17408,w4a4_16_64_128_s1,warm,2,373.859,0,0,134.101
16,5120,17408,w4a4_16_64_128_s1,evicted128MiB,0,441.295,0,0,113.609
16,5120,17408,w4a4_16_64_128_s1,evicted128MiB,1,437.565,0,0,114.577
16,5120,17408,w4a4_16_64_128_s1,evicted128MiB,2,419.891,0,0,119.4
16,5120,17408,w4a4_16_64_256_s1,warm,0,382.984,0,0,130.906
16,5120,17408,w4a4_16_64_256_s1,warm,1,363.395,0,0,137.963
16,5120,17408,w4a4_16_64_256_s1,warm,2,372.57,0,0,134.565
16,5120,17408,w4a4_16_64_256_s1,evicted128MiB,0,433.474,0,0,115.659
16,5120,17408,w4a4_16_64_256_s1,evicted128MiB,1,459.556,0,0,109.094
16,5120,17408,w4a4_16_64_256_s1,evicted128MiB,2,413.411,0,0,121.272
16,5120,17408,w4a4_16_32_128_s4,warm,0,361.213,0,0,138.796
16,5120,17408,w4a4_16_32_128_s4,warm,1,364.931,0,0,137.382
16,5120,17408,w4a4_16_32_128_s4,warm,2,361.306,0,0,138.761
16,5120,17408,w4a4_16_32_128_s4,evicted128MiB,0,467.591,0,0,107.22
16,5120,17408,w4a4_16_32_128_s4,evicted128MiB,1,433.15,0,0,115.745
16,5120,17408,w4a4_16_32_128_s4,evicted128MiB,2,418.194,0,0,119.885
16,5120,17408,w4a4_16_64_256_s4,warm,0,400.197,0,0,125.276
16,5120,17408,w4a4_16_64_256_s4,warm,1,400.454,0,0,125.195
16,5120,17408,w4a4_16_64_256_s4,warm,2,399.358,0,0,125.539
16,5120,17408,w4a4_16_64_256_s4,evicted128MiB,0,451.953,0,0,110.93
16,5120,17408,w4a4_16_64_256_s4,evicted128MiB,1,472.806,0,0,106.037
16,5120,17408,w4a4_16_64_256_s4,evicted128MiB,2,441.886,0,0,113.457
16,5120,17408,w4a16_16_32_128_s1,warm,0,494.221,0,0,101.443
16,5120,17408,w4a16_16_32_128_s1,warm,1,470.936,0,0,106.458
16,5120,17408,w4a16_16_32_128_s1,warm,2,470.853,0,0,106.477
16,5120,17408,w4a16_16_32_128_s1,evicted128MiB,0,559.565,0,0,89.5965
16,5120,17408,w4a16_16_32_128_s1,evicted128MiB,1,537.203,0,0,93.326
16,5120,17408,w4a16_16_32_128_s1,evicted128MiB,2,557.276,0,0,89.9645
16,5120,17408,w4a16_16_64_128_s1,warm,0,358.346,0,0,139.907
16,5120,17408,w4a16_16_64_128_s1,warm,1,365.487,0,0,137.173
16,5120,17408,w4a16_16_64_128_s1,warm,2,356.462,0,0,140.646
16,5120,17408,w4a16_16_64_128_s1,evicted128MiB,0,412.974,0,0,121.4
16,5120,17408,w4a16_16_64_128_s1,evicted128MiB,1,421.785,0,0,118.864
16,5120,17408,w4a16_16_64_128_s1,evicted128MiB,2,399.055,0,0,125.634
16,5120,17408,w4a16_16_64_256_s1,warm,0,378.529,0,0,132.447
16,5120,17408,w4a16_16_64_256_s1,warm,1,386.568,0,0,129.693
16,5120,17408,w4a16_16_64_256_s1,warm,2,384.161,0,0,130.505
16,5120,17408,w4a16_16_64_256_s1,evicted128MiB,0,454.367,0,0,110.34
16,5120,17408,w4a16_16_64_256_s1,evicted128MiB,1,434.699,0,0,115.333
16,5120,17408,w4a16_16_64_256_s1,evicted128MiB,2,421.178,0,0,119.035
16,5120,17408,w4a16_16_32_128_s4,warm,0,385.052,0,0,130.203
16,5120,17408,w4a16_16_32_128_s4,warm,1,394.616,0,0,127.048
16,5120,17408,w4a16_16_32_128_s4,warm,2,388.655,0,0,128.996
16,5120,17408,w4a16_16_32_128_s4,evicted128MiB,0,439.491,0,0,114.075
16,5120,17408,w4a16_16_32_128_s4,evicted128MiB,1,446.294,0,0,112.336
16,5120,17408,w4a16_16_32_128_s4,evicted128MiB,2,442.677,0,0,113.254
16,5120,17408,w4a16_16_64_256_s4,warm,0,423.933,0,0,118.262
16,5120,17408,w4a16_16_64_256_s4,warm,1,409.884,0,0,122.315
16,5120,17408,w4a16_16_64_256_s4,warm,2,400.975,0,0,125.033
16,5120,17408,w4a16_16_64_256_s4,evicted128MiB,0,471.826,0,0,106.257
16,5120,17408,w4a16_16_64_256_s4,evicted128MiB,1,462.1,0,0,108.494
16,5120,17408,w4a16_16_64_256_s4,evicted128MiB,2,446.433,0,0,112.301
16,5120,17408,w4a4_16_32_128_s1_aligned,warm,0,298.371,0,0,168.029
16,5120,17408,w4a4_16_32_128_s1_aligned,warm,1,289.114,0,0,173.409
16,5120,17408,w4a4_16_32_128_s1_aligned,warm,2,289.503,0,0,173.176
16,5120,17408,w4a4_16_32_128_s1_aligned,evicted128MiB,0,348.553,0,0,143.838
16,5120,17408,w4a4_16_32_128_s1_aligned,evicted128MiB,1,342.291,0,0,146.469
16,5120,17408,w4a4_16_32_128_s1_aligned,evicted128MiB,2,351.037,0,0,142.82
16,5120,17408,w4a4_16_64_256_s1_aligned,warm,0,264.221,0,0,189.746
16,5120,17408,w4a4_16_64_256_s1_aligned,warm,1,255.825,0,0,195.974
16,5120,17408,w4a4_16_64_256_s1_aligned,warm,2,256.53,0,0,195.435
16,5120,17408,w4a4_16_64_256_s1_aligned,evicted128MiB,0,317.971,0,0,157.672
16,5120,17408,w4a4_16_64_256_s1_aligned,evicted128MiB,1,312.078,0,0,160.649
16,5120,17408,w4a4_16_64_256_s1_aligned,evicted128MiB,2,311.814,0,0,160.785
16,5120,17408,w4a16_16_64_256_s1_aligned,warm,0,261.65,0,0,191.611
16,5120,17408,w4a16_16_64_256_s1_aligned,warm,1,268.06,0,0,187.029
16,5120,17408,w4a16_16_64_256_s1_aligned,warm,2,253.53,0,0,197.748
16,5120,17408,w4a16_16_64_256_s1_aligned,evicted128MiB,0,312.396,0,0,160.486
16,5120,17408,w4a16_16_64_256_s1_aligned,evicted128MiB,1,307.685,0,0,162.943
16,5120,17408,w4a16_16_64_256_s1_aligned,evicted128MiB,2,311.328,0,0,161.036
16,5120,17408,gemv_w4a16_m1_k512_w4,warm,0,2193.67,0,0,22.8544
16,5120,17408,gemv_w4a16_m1_k512_w4,warm,1,2141.84,0,0,23.4075
16,5120,17408,gemv_w4a16_m1_k512_w4,warm,2,2152.43,0,0,23.2923
16,5120,17408,gemv_w4a16_m1_k512_w4,evicted128MiB,0,2185.77,0,0,22.937
16,5120,17408,gemv_w4a16_m1_k512_w4,evicted128MiB,1,2225.65,0,0,22.526
16,5120,17408,gemv_w4a16_m1_k512_w4,evicted128MiB,2,2220.45,0,0,22.5788
16,5120,17408,gemv_w4a16_m1_k1024_w4,warm,0,1637.15,0,0,30.6234
16,5120,17408,gemv_w4a16_m1_k1024_w4,warm,1,1618.87,0,0,30.9691
16,5120,17408,gemv_w4a16_m1_k1024_w4,warm,2,1620.22,0,0,30.9433
16,5120,17408,gemv_w4a16_m1_k1024_w4,evicted128MiB,0,1636.8,0,0,30.6299
16,5120,17408,gemv_w4a16_m1_k1024_w4,evicted128MiB,1,1643.12,0,0,30.5121
16,5120,17408,gemv_w4a16_m1_k1024_w4,evicted128MiB,2,1659.29,0,0,30.2148
16,5120,17408,gemv_w4a16_m4_k512_w4,warm,0,1397.34,0,0,35.879
16,5120,17408,gemv_w4a16_m4_k512_w4,warm,1,1380.64,0,0,36.313
16,5120,17408,gemv_w4a16_m4_k512_w4,warm,2,1381.78,0,0,36.2829
16,5120,17408,gemv_w4a16_m4_k512_w4,evicted128MiB,0,1368.96,0,0,36.6227
16,5120,17408,gemv_w4a16_m4_k512_w4,evicted128MiB,1,1388.82,0,0,36.0991
16,5120,17408,gemv_w4a16_m4_k512_w4,evicted128MiB,2,1376.69,0,0,36.417
16,5120,17408,gemv_w4a16_m16_k512_w8,warm,0,1351.93,0,0,37.0839
16,5120,17408,gemv_w4a16_m16_k512_w8,warm,1,1344.71,0,0,37.283
16,5120,17408,gemv_w4a16_m16_k512_w8,warm,2,1336.95,0,0,37.4995
16,5120,17408,gemv_w4a16_m16_k512_w8,evicted128MiB,0,1409.12,0,0,35.5789
16,5120,17408,gemv_w4a16_m16_k512_w8,evicted128MiB,1,1402.03,0,0,35.7588
16,5120,17408,gemv_w4a16_m16_k512_w8,evicted128MiB,2,1399.26,0,0,35.8297
1,10240,5120,cublas_bf16,warm,0,432.473,0,0,242.46
1,10240,5120,cublas_bf16,warm,1,418.425,0,0,250.601
1,10240,5120,cublas_bf16,warm,2,417.604,0,0,251.093
1,10240,5120,cublas_bf16,evicted128MiB,0,456.489,0,0,229.705
1,10240,5120,cublas_bf16,evicted128MiB,1,445.121,0,0,235.571
1,10240,5120,cublas_bf16,evicted128MiB,2,441.651,0,0,237.422
1,10240,5120,w4a4_16_32_128_s1,warm,0,148.058,0,0,199.187
1,10240,5120,w4a4_16_32_128_s1,warm,1,143.93,0,0,204.899
1,10240,5120,w4a4_16_32_128_s1,warm,2,154.387,0,0,191.021
1,10240,5120,w4a4_16_32_128_s1,evicted128MiB,0,268.857,0,0,109.691
1,10240,5120,w4a4_16_32_128_s1,evicted128MiB,1,260.365,0,0,113.269
1,10240,5120,w4a4_16_32_128_s1,evicted128MiB,2,241.847,0,0,121.941
1,10240,5120,w4a4_16_64_128_s1,warm,0,136.947,0,0,215.347
1,10240,5120,w4a4_16_64_128_s1,warm,1,132.524,0,0,222.535
1,10240,5120,w4a4_16_64_128_s1,warm,2,142.753,0,0,206.589
1,10240,5120,w4a4_16_64_128_s1,evicted128MiB,0,239.194,0,0,123.294
1,10240,5120,w4a4_16_64_128_s1,evicted128MiB,1,229.901,0,0,128.278
1,10240,5120,w4a4_16_64_128_s1,evicted128MiB,2,256.503,0,0,114.974
1,10240,5120,w4a4_16_64_256_s1,warm,0,179.228,0,0,164.546
1,10240,5120,w4a4_16_64_256_s1,warm,1,188.956,0,0,156.075
1,10240,5120,w4a4_16_64_256_s1,warm,2,179.393,0,0,164.395
1,10240,5120,w4a4_16_64_256_s1,evicted128MiB,0,288.286,0,0,102.298
1,10240,5120,w4a4_16_64_256_s1,evicted128MiB,1,281.886,0,0,104.621
1,10240,5120,w4a4_16_64_256_s1,evicted128MiB,2,277.256,0,0,106.368
1,10240,5120,w4a4_16_32_128_s4,warm,0,139.333,0,0,211.659
1,10240,5120,w4a4_16_32_128_s4,warm,1,131.314,0,0,224.585
1,10240,5120,w4a4_16_32_128_s4,warm,2,139.069,0,0,212.062
1,10240,5120,w4a4_16_32_128_s4,evicted128MiB,0,237.234,0,0,124.313
1,10240,5120,w4a4_16_32_128_s4,evicted128MiB,1,234.722,0,0,125.643
1,10240,5120,w4a4_16_32_128_s4,evicted128MiB,2,238.516,0,0,123.644
1,10240,5120,w4a4_16_64_256_s4,warm,0,171.25,0,0,172.211
1,10240,5120,w4a4_16_64_256_s4,warm,1,175.819,0,0,167.736
1,10240,5120,w4a4_16_64_256_s4,warm,2,171.927,0,0,171.533
1,10240,5120,w4a4_16_64_256_s4,evicted128MiB,0,268.246,0,0,109.941
1,10240,5120,w4a4_16_64_256_s4,evicted128MiB,1,277.111,0,0,106.424
1,10240,5120,w4a4_16_64_256_s4,evicted128MiB,2,267.618,0,0,110.199
1,10240,5120,w4a16_16_32_128_s1,warm,0,168.802,0,0,174.709
1,10240,5120,w4a16_16_32_128_s1,warm,1,179.238,0,0,164.536
1,10240,5120,w4a16_16_32_128_s1,warm,2,179.474,0,0,164.32
1,10240,5120,w4a16_16_32_128_s1,evicted128MiB,0,294.318,0,0,100.202
1,10240,5120,w4a16_16_32_128_s1,evicted128MiB,1,307.779,0,0,95.8193
1,10240,5120,w4a16_16_32_128_s1,evicted128MiB,2,275.84,0,0,106.914
1,10240,5120,w4a16_16_64_128_s1,warm,0,143.419,0,0,205.629
1,10240,5120,w4a16_16_64_128_s1,warm,1,143.267,0,0,205.848
1,10240,5120,w4a16_16_64_128_s1,warm,2,153.442,0,0,192.198
1,10240,5120,w4a16_16_64_128_s1,evicted128MiB,0,262.774,0,0,112.23
1,10240,5120,w4a16_16_64_128_s1,evicted128MiB,1,253.37,0,0,116.396
1,10240,5120,w4a16_16_64_128_s1,evicted128MiB,2,246.738,0,0,119.524
1,10240,5120,w4a16_16_64_256_s1,warm,0,169.59,0,0,173.897
1,10240,5120,w4a16_16_64_256_s1,warm,1,178.965,0,0,164.787
1,10240,5120,w4a16_16_64_256_s1,warm,2,169.837,0,0,173.644
1,10240,5120,w4a16_16_64_256_s1,evicted128MiB,0,265.447,0,0,111.1
1,10240,5120,w4a16_16_64_256_s1,evicted128MiB,1,257.438,0,0,114.557
1,10240,5120,w4a16_16_64_256_s1,evicted128MiB,2,268.889,0,0,109.678
1,10240,5120,w4a16_16_32_128_s4,warm,0,149.85,0,0,196.805
1,10240,5120,w4a16_16_32_128_s4,warm,1,160.745,0,0,183.466
1,10240,5120,w4a16_16_32_128_s4,warm,2,160.478,0,0,183.771
1,10240,5120,w4a16_16_32_128_s4,evicted128MiB,0,268.188,0,0,109.965
1,10240,5120,w4a16_16_32_128_s4,evicted128MiB,1,286.913,0,0,102.788
1,10240,5120,w4a16_16_32_128_s4,evicted128MiB,2,271.231,0,0,108.731
1,10240,5120,w4a16_16_64_256_s4,warm,0,171.7,0,0,171.76
1,10240,5120,w4a16_16_64_256_s4,warm,1,172.818,0,0,170.649
1,10240,5120,w4a16_16_64_256_s4,warm,2,173.033,0,0,170.437
1,10240,5120,w4a16_16_64_256_s4,evicted128MiB,0,281.386,0,0,104.807
1,10240,5120,w4a16_16_64_256_s4,evicted128MiB,1,268.573,0,0,109.807
1,10240,5120,w4a16_16_64_256_s4,evicted128MiB,2,259.521,0,0,113.637
1,10240,5120,w4a4_16_32_128_s1_aligned,warm,0,100.309,0,0,294.004
1,10240,5120,w4a4_16_32_128_s1_aligned,warm,1,100.36,0,0,293.854
1,10240,5120,w4a4_16_32_128_s1_aligned,warm,2,100.739,0,0,292.75
1,10240,5120,w4a4_16_32_128_s1_aligned,evicted128MiB,0,212.708,0,0,138.646
1,10240,5120,w4a4_16_32_128_s1_aligned,evicted128MiB,1,209.103,0,0,141.037
1,10240,5120,w4a4_16_32_128_s1_aligned,evicted128MiB,2,208.991,0,0,141.112
1,10240,5120,w4a4_16_64_256_s1_aligned,warm,0,93.4678,0,0,315.522
1,10240,5120,w4a4_16_64_256_s1_aligned,warm,1,93.0781,0,0,316.844
1,10240,5120,w4a4_16_64_256_s1_aligned,warm,2,93.2528,0,0,316.25
1,10240,5120,w4a4_16_64_256_s1_aligned,evicted128MiB,0,197.353,0,0,149.434
1,10240,5120,w4a4_16_64_256_s1_aligned,evicted128MiB,1,197.719,0,0,149.157
1,10240,5120,w4a4_16_64_256_s1_aligned,evicted128MiB,2,200.299,0,0,147.236
1,10240,5120,w4a16_16_64_256_s1_aligned,warm,0,111.439,0,0,264.639
1,10240,5120,w4a16_16_64_256_s1_aligned,warm,1,111.471,0,0,264.565
1,10240,5120,w4a16_16_64_256_s1_aligned,warm,2,111.666,0,0,264.101
1,10240,5120,w4a16_16_64_256_s1_aligned,evicted128MiB,0,219.211,0,0,134.534
1,10240,5120,w4a16_16_64_256_s1_aligned,evicted128MiB,1,221.331,0,0,133.245
1,10240,5120,w4a16_16_64_256_s1_aligned,evicted128MiB,2,211.94,0,0,139.149
1,10240,5120,gemv_w4a16_m1_k512_w4,warm,0,108.255,0,0,272.423
1,10240,5120,gemv_w4a16_m1_k512_w4,warm,1,104.456,0,0,282.332
1,10240,5120,gemv_w4a16_m1_k512_w4,warm,2,104.456,0,0,282.332
1,10240,5120,gemv_w4a16_m1_k512_w4,evicted128MiB,0,204.061,0,0,144.522
1,10240,5120,gemv_w4a16_m1_k512_w4,evicted128MiB,1,209.037,0,0,141.081
1,10240,5120,gemv_w4a16_m1_k512_w4,evicted128MiB,2,191.619,0,0,153.905
1,10240,5120,gemv_w4a16_m1_k1024_w4,warm,0,98.4339,0,0,299.604
1,10240,5120,gemv_w4a16_m1_k1024_w4,warm,1,98.9786,0,0,297.955
1,10240,5120,gemv_w4a16_m1_k1024_w4,warm,2,95.3117,0,0,309.419
1,10240,5120,gemv_w4a16_m1_k1024_w4,evicted128MiB,0,187.513,0,0,157.276
1,10240,5120,gemv_w4a16_m1_k1024_w4,evicted128MiB,1,191.282,0,0,154.176
1,10240,5120,gemv_w4a16_m1_k1024_w4,evicted128MiB,2,181.872,0,0,162.154
1,10240,5120,gemv_w4a16_m4_k512_w4,warm,0,155.81,0,0,189.277
1,10240,5120,gemv_w4a16_m4_k512_w4,warm,1,155.708,0,0,189.4
1,10240,5120,gemv_w4a16_m4_k512_w4,warm,2,164.073,0,0,179.744
1,10240,5120,gemv_w4a16_m4_k512_w4,evicted128MiB,0,227.999,0,0,129.348
1,10240,5120,gemv_w4a16_m4_k512_w4,evicted128MiB,1,223.153,0,0,132.157
1,10240,5120,gemv_w4a16_m4_k512_w4,evicted128MiB,2,234.535,0,0,125.743
1,10240,5120,gemv_w4a16_m16_k512_w8,warm,0,647.77,0,0,45.5273
1,10240,5120,gemv_w4a16_m16_k512_w8,warm,1,642.659,0,0,45.8893
1,10240,5120,gemv_w4a16_m16_k512_w8,warm,2,642.681,0,0,45.8878
1,10240,5120,gemv_w4a16_m16_k512_w8,evicted128MiB,0,722.528,0,0,40.8167
1,10240,5120,gemv_w4a16_m16_k512_w8,evicted128MiB,1,711.968,0,0,41.4221
1,10240,5120,gemv_w4a16_m16_k512_w8,evicted128MiB,2,687.856,0,0,42.8741
2,10240,5120,cublas_bf16,warm,0,467.348,0,0,224.367
2,10240,5120,cublas_bf16,warm,1,462.129,0,0,226.901
2,10240,5120,cublas_bf16,warm,2,461.576,0,0,227.173
2,10240,5120,cublas_bf16,evicted128MiB,0,522.366,0,0,200.736
2,10240,5120,cublas_bf16,evicted128MiB,1,513.729,0,0,204.111
2,10240,5120,cublas_bf16,evicted128MiB,2,516.823,0,0,202.889
2,10240,5120,w4a4_16_32_128_s1,warm,0,144.719,0,0,203.782
2,10240,5120,w4a4_16_32_128_s1,warm,1,154.908,0,0,190.379
2,10240,5120,w4a4_16_32_128_s1,warm,2,147.218,0,0,200.323
2,10240,5120,w4a4_16_32_128_s1,evicted128MiB,0,262.429,0,0,112.378
2,10240,5120,w4a4_16_32_128_s1,evicted128MiB,1,243.206,0,0,121.26
2,10240,5120,w4a4_16_32_128_s1,evicted128MiB,2,242.254,0,0,121.737
2,10240,5120,w4a4_16_64_128_s1,warm,0,133.843,0,0,220.342
2,10240,5120,w4a4_16_64_128_s1,warm,1,133.854,0,0,220.324
2,10240,5120,w4a4_16_64_128_s1,warm,2,134.213,0,0,219.734
2,10240,5120,w4a4_16_64_128_s1,evicted128MiB,0,237.844,0,0,123.994
2,10240,5120,w4a4_16_64_128_s1,evicted128MiB,1,240.818,0,0,122.463
2,10240,5120,w4a4_16_64_128_s1,evicted128MiB,2,233.84,0,0,126.117
2,10240,5120,w4a4_16_64_256_s1,warm,0,188.437,0,0,156.504
2,10240,5120,w4a4_16_64_256_s1,warm,1,189.642,0,0,155.51
2,10240,5120,w4a4_16_64_256_s1,warm,2,179.987,0,0,163.852
2,10240,5120,w4a4_16_64_256_s1,evicted128MiB,0,297.863,0,0,99.0091
2,10240,5120,w4a4_16_64_256_s1,evicted128MiB,1,264.854,0,0,111.349
2,10240,5120,w4a4_16_64_256_s1,evicted128MiB,2,265.772,0,0,110.964
2,10240,5120,w4a4_16_32_128_s4,warm,0,141.995,0,0,207.692
2,10240,5120,w4a4_16_32_128_s4,warm,1,142.762,0,0,206.577
2,10240,5120,w4a4_16_32_128_s4,warm,2,140.591,0,0,209.765
2,10240,5120,w4a4_16_32_128_s4,evicted128MiB,0,243.427,0,0,121.15
2,10240,5120,w4a4_16_32_128_s4,evicted128MiB,1,227.82,0,0,129.45
2,10240,5120,w4a4_16_32_128_s4,evicted128MiB,2,227.52,0,0,129.62
2,10240,5120,w4a4_16_64_256_s4,warm,0,173.033,0,0,170.437
2,10240,5120,w4a4_16_64_256_s4,warm,1,172.9,0,0,170.568
2,10240,5120,w4a4_16_64_256_s4,warm,2,183.549,0,0,160.672
2,10240,5120,w4a4_16_64_256_s4,evicted128MiB,0,272.887,0,0,108.071
2,10240,5120,w4a4_16_64_256_s4,evicted128MiB,1,283.244,0,0,104.12
2,10240,5120,w4a4_16_64_256_s4,evicted128MiB,2,260.645,0,0,113.147
2,10240,5120,w4a16_16_32_128_s1,warm,0,173.332,0,0,170.143
2,10240,5120,w4a16_16_32_128_s1,warm,1,171.561,0,0,171.9
2,10240,5120,w4a16_16_32_128_s1,warm,2,174.204,0,0,169.291
2,10240,5120,w4a16_16_32_128_s1,evicted128MiB,0,291.948,0,0,101.015
2,10240,5120,w4a16_16_32_128_s1,evicted128MiB,1,286.715,0,0,102.859
2,10240,5120,w4a16_16_32_128_s1,evicted128MiB,2,275.626,0,0,106.997
2,10240,5120,w4a16_16_64_128_s1,warm,0,143.798,0,0,205.088
2,10240,5120,w4a16_16_64_128_s1,warm,1,153.637,0,0,191.953
2,10240,5120,w4a16_16_64_128_s1,warm,2,149.614,0,0,197.115
2,10240,5120,w4a16_16_64_128_s1,evicted128MiB,0,254.565,0,0,115.849
2,10240,5120,w4a16_16_64_128_s1,evicted128MiB,1,241.957,0,0,121.886
2,10240,5120,w4a16_16_64_128_s1,evicted128MiB,2,250.885,0,0,117.548
2,10240,5120,w4a16_16_64_256_s1,warm,0,180.21,0,0,163.649
2,10240,5120,w4a16_16_64_256_s1,warm,1,180.427,0,0,163.453
2,10240,5120,w4a16_16_64_256_s1,warm,2,180.416,0,0,163.462
2,10240,5120,w4a16_16_64_256_s1,evicted128MiB,0,277.937,0,0,106.107
2,10240,5120,w4a16_16_64_256_s1,evicted128MiB,1,272.361,0,0,108.28
2,10240,5120,w4a16_16_64_256_s1,evicted128MiB,2,271.619,0,0,108.576
2,10240,5120,w4a16_16_32_128_s4,warm,0,152.993,0,0,192.761
2,10240,5120,w4a16_16_32_128_s4,warm,1,153.495,0,0,192.131
2,10240,5120,w4a16_16_32_128_s4,warm,2,160.14,0,0,184.158
2,10240,5120,w4a16_16_32_128_s4,evicted128MiB,0,267.973,0,0,110.053
2,10240,5120,w4a16_16_32_128_s4,evicted128MiB,1,265.536,0,0,111.063
2,10240,5120,w4a16_16_32_128_s4,evicted128MiB,2,276.389,0,0,106.702
2,10240,5120,w4a16_16_64_256_s4,warm,0,167.135,0,0,176.452
2,10240,5120,w4a16_16_64_256_s4,warm,1,177.446,0,0,166.198
2,10240,5120,w4a16_16_64_256_s4,warm,2,167.381,0,0,176.192
2,10240,5120,w4a16_16_64_256_s4,evicted128MiB,0,270.066,0,0,109.2
2,10240,5120,w4a16_16_64_256_s4,evicted128MiB,1,270.266,0,0,109.119
2,10240,5120,w4a16_16_64_256_s4,evicted128MiB,2,264.973,0,0,111.299
2,10240,5120,w4a4_16_32_128_s1_aligned,warm,0,100.636,0,0,293.047
2,10240,5120,w4a4_16_32_128_s1_aligned,warm,1,100.523,0,0,293.378
2,10240,5120,w4a4_16_32_128_s1_aligned,warm,2,100.924,0,0,292.211
2,10240,5120,w4a4_16_32_128_s1_aligned,evicted128MiB,0,208.099,0,0,141.717
2,10240,5120,w4a4_16_32_128_s1_aligned,evicted128MiB,1,217.516,0,0,135.582
2,10240,5120,w4a4_16_32_128_s1_aligned,evicted128MiB,2,208.518,0,0,141.432
2,10240,5120,w4a4_16_64_256_s1_aligned,warm,0,93.969,0,0,313.84
2,10240,5120,w4a4_16_64_256_s1_aligned,warm,1,93.9181,0,0,314.01
2,10240,5120,w4a4_16_64_256_s1_aligned,warm,2,94.073,0,0,313.493
2,10240,5120,w4a4_16_64_256_s1_aligned,evicted128MiB,0,197.814,0,0,149.085
2,10240,5120,w4a4_16_64_256_s1_aligned,evicted128MiB,1,197.617,0,0,149.234
2,10240,5120,w4a4_16_64_256_s1_aligned,evicted128MiB,2,196.826,0,0,149.834
2,10240,5120,w4a16_16_64_256_s1_aligned,warm,0,112.975,0,0,261.041
2,10240,5120,w4a16_16_64_256_s1_aligned,warm,1,113.59,0,0,259.628
2,10240,5120,w4a16_16_64_256_s1_aligned,warm,2,120.758,0,0,244.218
2,10240,5120,w4a16_16_64_256_s1_aligned,evicted128MiB,0,225.872,0,0,130.566
2,10240,5120,w4a16_16_64_256_s1_aligned,evicted128MiB,1,211.882,0,0,139.187
2,10240,5120,w4a16_16_64_256_s1_aligned,evicted128MiB,2,215.57,0,0,136.806
2,10240,5120,gemv_w4a16_m1_k512_w4,warm,0,168.005,0,0,175.538
2,10240,5120,gemv_w4a16_m1_k512_w4,warm,1,175.89,0,0,167.669
2,10240,5120,gemv_w4a16_m1_k512_w4,warm,2,177.242,0,0,166.39
2,10240,5120,gemv_w4a16_m1_k512_w4,evicted128MiB,0,249.074,0,0,118.403
2,10240,5120,gemv_w4a16_m1_k512_w4,evicted128MiB,1,240.598,0,0,122.574
2,10240,5120,gemv_w4a16_m1_k512_w4,evicted128MiB,2,247.269,0,0,119.268
2,10240,5120,gemv_w4a16_m1_k1024_w4,warm,0,117.276,0,0,251.468
2,10240,5120,gemv_w4a16_m1_k1024_w4,warm,1,115.064,0,0,256.302
2,10240,5120,gemv_w4a16_m1_k1024_w4,warm,2,114.45,0,0,257.677
2,10240,5120,gemv_w4a16_m1_k1024_w4,evicted128MiB,0,192.823,0,0,152.944
2,10240,5120,gemv_w4a16_m1_k1024_w4,evicted128MiB,1,183.391,0,0,160.811
2,10240,5120,gemv_w4a16_m1_k1024_w4,evicted128MiB,2,200.932,0,0,146.772
2,10240,5120,gemv_w4a16_m4_k512_w4,warm,0,163.645,0,0,180.215
2,10240,5120,gemv_w4a16_m4_k512_w4,warm,1,158.137,0,0,186.491
2,10240,5120,gemv_w4a16_m4_k512_w4,warm,2,160.622,0,0,183.606
2,10240,5120,gemv_w4a16_m4_k512_w4,evicted128MiB,0,230.318,0,0,128.046
2,10240,5120,gemv_w4a16_m4_k512_w4,evicted128MiB,1,225.419,0,0,130.829
2,10240,5120,gemv_w4a16_m4_k512_w4,evicted128MiB,2,209.879,0,0,140.515
2,10240,5120,gemv_w4a16_m16_k512_w8,warm,0,654.16,0,0,45.0826
2,10240,5120,gemv_w4a16_m16_k512_w8,warm,1,648.988,0,0,45.4418
2,10240,5120,gemv_w4a16_m16_k512_w8,warm,2,638.666,0,0,46.1762
2,10240,5120,gemv_w4a16_m16_k512_w8,evicted128MiB,0,755.939,0,0,39.0127
2,10240,5120,gemv_w4a16_m16_k512_w8,evicted128MiB,1,702.497,0,0,41.9805
2,10240,5120,gemv_w4a16_m16_k512_w8,evicted128MiB,2,701.331,0,0,42.0503
4,10240,5120,cublas_bf16,warm,0,469.891,0,0,223.153
4,10240,5120,cublas_bf16,warm,1,468.112,0,0,224.001
4,10240,5120,cublas_bf16,warm,2,462.17,0,0,226.881
4,10240,5120,cublas_bf16,evicted128MiB,0,520.563,0,0,201.431
4,10240,5120,cublas_bf16,evicted128MiB,1,517.442,0,0,202.646
4,10240,5120,cublas_bf16,evicted128MiB,2,512.971,0,0,204.412
4,10240,5120,w4a4_16_32_128_s1,warm,0,149.1,0,0,197.794
4,10240,5120,w4a4_16_32_128_s1,warm,1,149.102,0,0,197.792
4,10240,5120,w4a4_16_32_128_s1,warm,2,159.312,0,0,185.116
4,10240,5120,w4a4_16_32_128_s1,evicted128MiB,0,256.201,0,0,115.11
4,10240,5120,w4a4_16_32_128_s1,evicted128MiB,1,253.326,0,0,116.416
4,10240,5120,w4a4_16_32_128_s1,evicted128MiB,2,244.709,0,0,120.515
4,10240,5120,w4a4_16_64_128_s1,warm,0,138.842,0,0,212.409
4,10240,5120,w4a4_16_64_128_s1,warm,1,138.636,0,0,212.724
4,10240,5120,w4a4_16_64_128_s1,warm,2,149.204,0,0,197.656
4,10240,5120,w4a4_16_64_128_s1,evicted128MiB,0,252.803,0,0,116.657
4,10240,5120,w4a4_16_64_128_s1,evicted128MiB,1,237.578,0,0,124.133
4,10240,5120,w4a4_16_64_128_s1,evicted128MiB,2,248.72,0,0,118.572
4,10240,5120,w4a4_16_64_256_s1,warm,0,191.68,0,0,153.856
4,10240,5120,w4a4_16_64_256_s1,warm,1,190.984,0,0,154.417
4,10240,5120,w4a4_16_64_256_s1,warm,2,191.805,0,0,153.756
4,10240,5120,w4a4_16_64_256_s1,evicted128MiB,0,285.816,0,0,103.182
4,10240,5120,w4a4_16_64_256_s1,evicted128MiB,1,284.423,0,0,103.688
4,10240,5120,w4a4_16_64_256_s1,evicted128MiB,2,280.921,0,0,104.981
4,10240,5120,w4a4_16_32_128_s4,warm,0,134.232,0,0,219.703
4,10240,5120,w4a4_16_32_128_s4,warm,1,145.129,0,0,203.206
4,10240,5120,w4a4_16_32_128_s4,warm,2,141.074,0,0,209.048
4,10240,5120,w4a4_16_32_128_s4,evicted128MiB,0,237.356,0,0,124.249
4,10240,5120,w4a4_16_32_128_s4,evicted128MiB,1,239.098,0,0,123.344
4,10240,5120,w4a4_16_32_128_s4,evicted128MiB,2,238.556,0,0,123.624
4,10240,5120,w4a4_16_64_256_s4,warm,0,175.613,0,0,167.932
4,10240,5120,w4a4_16_64_256_s4,warm,1,186.007,0,0,158.549
4,10240,5120,w4a4_16_64_256_s4,warm,2,185.649,0,0,158.855
4,10240,5120,w4a4_16_64_256_s4,evicted128MiB,0,287.497,0,0,102.579
4,10240,5120,w4a4_16_64_256_s4,evicted128MiB,1,292.736,0,0,100.743
4,10240,5120,w4a4_16_64_256_s4,evicted128MiB,2,262.387,0,0,112.396
4,10240,5120,w4a16_16_32_128_s1,warm,0,182.782,0,0,161.347
4,10240,5120,w4a16_16_32_128_s1,warm,1,182.874,0,0,161.265
4,10240,5120,w4a16_16_32_128_s1,warm,2,182.802,0,0,161.328
4,10240,5120,w4a16_16_32_128_s1,evicted128MiB,0,287.683,0,0,102.513
4,10240,5120,w4a16_16_32_128_s1,evicted128MiB,1,290.045,0,0,101.678
4,10240,5120,w4a16_16_32_128_s1,evicted128MiB,2,306.095,0,0,96.3466
4,10240,5120,w4a16_16_64_128_s1,warm,0,152.795,0,0,193.012
4,10240,5120,w4a16_16_64_128_s1,warm,1,148.447,0,0,198.665
4,10240,5120,w4a16_16_64_128_s1,warm,2,158.473,0,0,186.096
4,10240,5120,w4a16_16_64_128_s1,evicted128MiB,0,251.922,0,0,117.065
4,10240,5120,w4a16_16_64_128_s1,evicted128MiB,1,248.159,0,0,118.84
4,10240,5120,w4a16_16_64_128_s1,evicted128MiB,2,251.434,0,0,117.292
4,10240,5120,w4a16_16_64_256_s1,warm,0,182.659,0,0,161.455
4,10240,5120,w4a16_16_64_256_s1,warm,1,180.171,0,0,163.684
4,10240,5120,w4a16_16_64_256_s1,warm,2,180.599,0,0,163.297
4,10240,5120,w4a16_16_64_256_s1,evicted128MiB,0,279.764,0,0,105.414
4,10240,5120,w4a16_16_64_256_s1,evicted128MiB,1,259.049,0,0,113.844
4,10240,5120,w4a16_16_64_256_s1,evicted128MiB,2,261.491,0,0,112.781
4,10240,5120,w4a16_16_32_128_s4,warm,0,164.329,0,0,179.464
4,10240,5120,w4a16_16_32_128_s4,warm,1,164.37,0,0,179.419
4,10240,5120,w4a16_16_32_128_s4,warm,2,164.8,0,0,178.951
4,10240,5120,w4a16_16_32_128_s4,evicted128MiB,0,271.861,0,0,108.479
4,10240,5120,w4a16_16_32_128_s4,evicted128MiB,1,263.91,0,0,111.747
4,10240,5120,w4a16_16_32_128_s4,evicted128MiB,2,278.258,0,0,105.985
4,10240,5120,w4a16_16_64_256_s4,warm,0,174.927,0,0,168.591
4,10240,5120,w4a16_16_64_256_s4,warm,1,170.33,0,0,173.142
4,10240,5120,w4a16_16_64_256_s4,warm,2,174.876,0,0,168.64
4,10240,5120,w4a16_16_64_256_s4,evicted128MiB,0,269.052,0,0,109.612
4,10240,5120,w4a16_16_64_256_s4,evicted128MiB,1,263.371,0,0,111.976
4,10240,5120,w4a16_16_64_256_s4,evicted128MiB,2,277.629,0,0,106.225
4,10240,5120,w4a4_16_32_128_s1_aligned,warm,0,103.595,0,0,284.678
4,10240,5120,w4a4_16_32_128_s1_aligned,warm,1,103.974,0,0,283.639
4,10240,5120,w4a4_16_32_128_s1_aligned,warm,2,112.524,0,0,262.088
4,10240,5120,w4a4_16_32_128_s1_aligned,evicted128MiB,0,209.454,0,0,140.8
4,10240,5120,w4a4_16_32_128_s1_aligned,evicted128MiB,1,215.413,0,0,136.905
4,10240,5120,w4a4_16_32_128_s1_aligned,evicted128MiB,2,208.393,0,0,141.518
4,10240,5120,w4a4_16_64_256_s1_aligned,warm,0,97.7274,0,0,301.77
4,10240,5120,w4a4_16_64_256_s1_aligned,warm,1,97.6256,0,0,302.085
4,10240,5120,w4a4_16_64_256_s1_aligned,warm,2,97.6669,0,0,301.957
4,10240,5120,w4a4_16_64_256_s1_aligned,evicted128MiB,0,196.569,0,0,150.03
4,10240,5120,w4a4_16_64_256_s1_aligned,evicted128MiB,1,198.429,0,0,148.624
4,10240,5120,w4a4_16_64_256_s1_aligned,evicted128MiB,2,202.505,0,0,145.632
4,10240,5120,w4a16_16_64_256_s1_aligned,warm,0,115.546,0,0,255.234
4,10240,5120,w4a16_16_64_256_s1_aligned,warm,1,115.208,0,0,255.982
4,10240,5120,w4a16_16_64_256_s1_aligned,warm,2,123.373,0,0,239.041
4,10240,5120,w4a16_16_64_256_s1_aligned,evicted128MiB,0,223.927,0,0,131.7
4,10240,5120,w4a16_16_64_256_s1_aligned,evicted128MiB,1,220.996,0,0,133.447
4,10240,5120,w4a16_16_64_256_s1_aligned,evicted128MiB,2,221.076,0,0,133.398
4,10240,5120,gemv_w4a16_m1_k512_w4,warm,0,327.042,0,0,90.1755
4,10240,5120,gemv_w4a16_m1_k512_w4,warm,1,334.99,0,0,88.0361
4,10240,5120,gemv_w4a16_m1_k512_w4,warm,2,324.166,0,0,90.9756
4,10240,5120,gemv_w4a16_m1_k512_w4,evicted128MiB,0,405.471,0,0,72.7332
4,10240,5120,gemv_w4a16_m1_k512_w4,evicted128MiB,1,391.113,0,0,75.4034
4,10240,5120,gemv_w4a16_m1_k512_w4,evicted128MiB,2,359.484,0,0,82.0376
4,10240,5120,gemv_w4a16_m1_k1024_w4,warm,0,202.596,0,0,145.567
4,10240,5120,gemv_w4a16_m1_k1024_w4,warm,1,210.225,0,0,140.284
4,10240,5120,gemv_w4a16_m1_k1024_w4,warm,2,210.583,0,0,140.045
4,10240,5120,gemv_w4a16_m1_k1024_w4,evicted128MiB,0,248.108,0,0,118.865
4,10240,5120,gemv_w4a16_m1_k1024_w4,evicted128MiB,1,248.846,0,0,118.512
4,10240,5120,gemv_w4a16_m1_k1024_w4,evicted128MiB,2,256.593,0,0,114.934
4,10240,5120,gemv_w4a16_m4_k512_w4,warm,0,167.299,0,0,176.279
4,10240,5120,gemv_w4a16_m4_k512_w4,warm,1,167.667,0,0,175.891
4,10240,5120,gemv_w4a16_m4_k512_w4,warm,2,166.479,0,0,177.146
4,10240,5120,gemv_w4a16_m4_k512_w4,evicted128MiB,0,215.32,0,0,136.965
4,10240,5120,gemv_w4a16_m4_k512_w4,evicted128MiB,1,220.075,0,0,134.005
4,10240,5120,gemv_w4a16_m4_k512_w4,evicted128MiB,2,231.932,0,0,127.155
4,10240,5120,gemv_w4a16_m16_k512_w8,warm,0,655.696,0,0,44.977
4,10240,5120,gemv_w4a16_m16_k512_w8,warm,1,649.879,0,0,45.3795
4,10240,5120,gemv_w4a16_m16_k512_w8,warm,2,650.432,0,0,45.341
4,10240,5120,gemv_w4a16_m16_k512_w8,evicted128MiB,0,718.433,0,0,41.0493
4,10240,5120,gemv_w4a16_m16_k512_w8,evicted128MiB,1,701.102,0,0,42.0641
4,10240,5120,gemv_w4a16_m16_k512_w8,evicted128MiB,2,702.224,0,0,41.9969
5,10240,5120,cublas_bf16,warm,0,468.889,0,0,223.63
5,10240,5120,cublas_bf16,warm,1,464.278,0,0,225.851
5,10240,5120,cublas_bf16,warm,2,462.927,0,0,226.51
5,10240,5120,cublas_bf16,evicted128MiB,0,526.746,0,0,199.067
5,10240,5120,cublas_bf16,evicted128MiB,1,513.156,0,0,204.339
5,10240,5120,cublas_bf16,evicted128MiB,2,512.284,0,0,204.687
5,10240,5120,w4a4_16_32_128_s1,warm,0,148.917,0,0,198.038
5,10240,5120,w4a4_16_32_128_s1,warm,1,149.246,0,0,197.602
5,10240,5120,w4a4_16_32_128_s1,warm,2,153.925,0,0,191.594
5,10240,5120,w4a4_16_32_128_s1,evicted128MiB,0,255.017,0,0,115.644
5,10240,5120,w4a4_16_32_128_s1,evicted128MiB,1,249.933,0,0,117.997
5,10240,5120,w4a4_16_32_128_s1,evicted128MiB,2,262.905,0,0,112.175
5,10240,5120,w4a4_16_64_128_s1,warm,0,146.916,0,0,200.735
5,10240,5120,w4a4_16_64_128_s1,warm,1,139.067,0,0,212.064
5,10240,5120,w4a4_16_64_128_s1,warm,2,148.108,0,0,199.119
5,10240,5120,w4a4_16_64_128_s1,evicted128MiB,0,249.462,0,0,118.219
5,10240,5120,w4a4_16_64_128_s1,evicted128MiB,1,263.929,0,0,111.739
5,10240,5120,w4a4_16_64_128_s1,evicted128MiB,2,240.022,0,0,122.869
5,10240,5120,w4a4_16_64_256_s1,warm,0,193.318,0,0,152.553
5,10240,5120,w4a4_16_64_256_s1,warm,1,193.043,0,0,152.77
5,10240,5120,w4a4_16_64_256_s1,warm,2,183.243,0,0,160.941
5,10240,5120,w4a4_16_64_256_s1,evicted128MiB,0,265.179,0,0,111.213
5,10240,5120,w4a4_16_64_256_s1,evicted128MiB,1,292.026,0,0,100.988
5,10240,5120,w4a4_16_64_256_s1,evicted128MiB,2,265.574,0,0,111.047
5,10240,5120,w4a4_16_32_128_s4,warm,0,135.606,0,0,217.477
5,10240,5120,w4a4_16_32_128_s4,warm,1,135.708,0,0,217.313
5,10240,5120,w4a4_16_32_128_s4,warm,2,145.703,0,0,202.407
5,10240,5120,w4a4_16_32_128_s4,evicted128MiB,0,233.066,0,0,126.536
5,10240,5120,w4a4_16_32_128_s4,evicted128MiB,1,248.954,0,0,118.461
5,10240,5120,w4a4_16_32_128_s4,evicted128MiB,2,230.06,0,0,128.189
5,10240,5120,w4a4_16_64_256_s4,warm,0,187.216,0,0,157.525
5,10240,5120,w4a4_16_64_256_s4,warm,1,188.14,0,0,156.751
5,10240,5120,w4a4_16_64_256_s4,warm,2,189.018,0,0,156.023
5,10240,5120,w4a4_16_64_256_s4,evicted128MiB,0,291.483,0,0,101.177
5,10240,5120,w4a4_16_64_256_s4,evicted128MiB,1,303.387,0,0,97.2066
5,10240,5120,w4a4_16_64_256_s4,evicted128MiB,2,261.473,0,0,112.789
5,10240,5120,w4a16_16_32_128_s1,warm,0,183.027,0,0,161.13
5,10240,5120,w4a16_16_32_128_s1,warm,1,183.703,0,0,160.537
5,10240,5120,w4a16_16_32_128_s1,warm,2,183.591,0,0,160.636
5,10240,5120,w4a16_16_32_128_s1,evicted128MiB,0,299.008,0,0,98.6301
5,10240,5120,w4a16_16_32_128_s1,evicted128MiB,1,310.373,0,0,95.0185
5,10240,5120,w4a16_16_32_128_s1,evicted128MiB,2,276.242,0,0,106.759
5,10240,5120,w4a16_16_64_128_s1,warm,0,158.984,0,0,185.498
5,10240,5120,w4a16_16_64_128_s1,warm,1,154.622,0,0,190.73
5,10240,5120,w4a16_16_64_128_s1,warm,2,149.816,0,0,196.849
5,10240,5120,w4a16_16_64_128_s1,evicted128MiB,0,254.679,0,0,115.797
5,10240,5120,w4a16_16_64_128_s1,evicted128MiB,1,257.685,0,0,114.447
5,10240,5120,w4a16_16_64_128_s1,evicted128MiB,2,241.843,0,0,121.943
5,10240,5120,w4a16_16_64_256_s1,warm,0,184.276,0,0,160.038
5,10240,5120,w4a16_16_64_256_s1,warm,1,184.47,0,0,159.87
5,10240,5120,w4a16_16_64_256_s1,warm,2,184.532,0,0,159.816
5,10240,5120,w4a16_16_64_256_s1,evicted128MiB,0,283.507,0,0,104.023
5,10240,5120,w4a16_16_64_256_s1,evicted128MiB,1,274.261,0,0,107.53
5,10240,5120,w4a16_16_64_256_s1,evicted128MiB,2,267.002,0,0,110.453
5,10240,5120,w4a16_16_32_128_s4,warm,0,156.697,0,0,188.206
5,10240,5120,w4a16_16_32_128_s4,warm,1,160.448,0,0,183.805
5,10240,5120,w4a16_16_32_128_s4,warm,2,165.783,0,0,177.89
5,10240,5120,w4a16_16_32_128_s4,evicted128MiB,0,270.717,0,0,108.937
5,10240,5120,w4a16_16_32_128_s4,evicted128MiB,1,267.069,0,0,110.425
5,10240,5120,w4a16_16_32_128_s4,evicted128MiB,2,253.887,0,0,116.159
5,10240,5120,w4a16_16_64_256_s4,warm,0,182.198,0,0,161.864
5,10240,5120,w4a16_16_64_256_s4,warm,1,182.085,0,0,161.964
5,10240,5120,w4a16_16_64_256_s4,warm,2,182.096,0,0,161.954
5,10240,5120,w4a16_16_64_256_s4,evicted128MiB,0,274.879,0,0,107.288
5,10240,5120,w4a16_16_64_256_s4,evicted128MiB,1,274.954,0,0,107.259
5,10240,5120,w4a16_16_64_256_s4,evicted128MiB,2,269.46,0,0,109.445
5,10240,5120,w4a4_16_32_128_s1_aligned,warm,0,104.231,0,0,282.942
5,10240,5120,w4a4_16_32_128_s1_aligned,warm,1,103.82,0,0,284.06
5,10240,5120,w4a4_16_32_128_s1_aligned,warm,2,104.21,0,0,282.997
5,10240,5120,w4a4_16_32_128_s1_aligned,evicted128MiB,0,219.885,0,0,134.121
5,10240,5120,w4a4_16_32_128_s1_aligned,evicted128MiB,1,215.393,0,0,136.918
5,10240,5120,w4a4_16_32_128_s1_aligned,evicted128MiB,2,221.928,0,0,132.887
5,10240,5120,w4a4_16_64_256_s1_aligned,warm,0,98.2704,0,0,300.103
5,10240,5120,w4a4_16_64_256_s1_aligned,warm,1,98.3123,0,0,299.975
5,10240,5120,w4a4_16_64_256_s1_aligned,warm,2,98.4749,0,0,299.479
5,10240,5120,w4a4_16_64_256_s1_aligned,evicted128MiB,0,196.544,0,0,150.049
5,10240,5120,w4a4_16_64_256_s1_aligned,evicted128MiB,1,196.977,0,0,149.719
5,10240,5120,w4a4_16_64_256_s1_aligned,evicted128MiB,2,196.306,0,0,150.231
5,10240,5120,w4a16_16_64_256_s1_aligned,warm,0,116.019,0,0,254.193
5,10240,5120,w4a16_16_64_256_s1_aligned,warm,1,115.617,0,0,255.077
5,10240,5120,w4a16_16_64_256_s1_aligned,warm,2,116.396,0,0,253.37
5,10240,5120,w4a16_16_64_256_s1_aligned,evicted128MiB,0,223.501,0,0,131.951
5,10240,5120,w4a16_16_64_256_s1_aligned,evicted128MiB,1,218.256,0,0,135.122
5,10240,5120,w4a16_16_64_256_s1_aligned,evicted128MiB,2,213.638,0,0,138.043
5,10240,5120,gemv_w4a16_m1_k512_w4,warm,0,410.098,0,0,71.9125
5,10240,5120,gemv_w4a16_m1_k512_w4,warm,1,411.42,0,0,71.6815
5,10240,5120,gemv_w4a16_m1_k512_w4,warm,2,404.602,0,0,72.8894
5,10240,5120,gemv_w4a16_m1_k512_w4,evicted128MiB,0,471.684,0,0,62.5232
5,10240,5120,gemv_w4a16_m1_k512_w4,evicted128MiB,1,468.499,0,0,62.9482
5,10240,5120,gemv_w4a16_m1_k512_w4,evicted128MiB,2,434.256,0,0,67.912
5,10240,5120,gemv_w4a16_m1_k1024_w4,warm,0,248.859,0,0,118.506
5,10240,5120,gemv_w4a16_m1_k1024_w4,warm,1,257.615,0,0,114.478
5,10240,5120,gemv_w4a16_m1_k1024_w4,warm,2,258.967,0,0,113.88
5,10240,5120,gemv_w4a16_m1_k1024_w4,evicted128MiB,0,310.274,0,0,95.0489
5,10240,5120,gemv_w4a16_m1_k1024_w4,evicted128MiB,1,291.956,0,0,101.012
5,10240,5120,gemv_w4a16_m1_k1024_w4,evicted128MiB,2,291.983,0,0,101.003
5,10240,5120,gemv_w4a16_m4_k512_w4,warm,0,302.63,0,0,97.4496
5,10240,5120,gemv_w4a16_m4_k512_w4,warm,1,306.076,0,0,96.3524
5,10240,5120,gemv_w4a16_m4_k512_w4,warm,2,296.773,0,0,99.3728
5,10240,5120,gemv_w4a16_m4_k512_w4,evicted128MiB,0,369.509,0,0,79.8118
5,10240,5120,gemv_w4a16_m4_k512_w4,evicted128MiB,1,362.204,0,0,81.4216
5,10240,5120,gemv_w4a16_m4_k512_w4,evicted128MiB,2,328.761,0,0,89.7042
5,10240,5120,gemv_w4a16_m16_k512_w8,warm,0,663.19,0,0,44.4687
5,10240,5120,gemv_w4a16_m16_k512_w8,warm,1,652.869,0,0,45.1717
5,10240,5120,gemv_w4a16_m16_k512_w8,warm,2,647.002,0,0,45.5813
5,10240,5120,gemv_w4a16_m16_k512_w8,evicted128MiB,0,704.719,0,0,41.8482
5,10240,5120,gemv_w4a16_m16_k512_w8,evicted128MiB,1,716.145,0,0,41.1805
5,10240,5120,gemv_w4a16_m16_k512_w8,evicted128MiB,2,721.286,0,0,40.8869
16,10240,5120,cublas_bf16,warm,0,482.722,0,0,217.222
16,10240,5120,cublas_bf16,warm,1,469.184,0,0,223.489
16,10240,5120,cublas_bf16,warm,2,475.564,0,0,220.491
16,10240,5120,cublas_bf16,evicted128MiB,0,524.991,0,0,199.732
16,10240,5120,cublas_bf16,evicted128MiB,1,531.035,0,0,197.459
16,10240,5120,cublas_bf16,evicted128MiB,2,524.199,0,0,200.034
16,10240,5120,w4a4_16_32_128_s1,warm,0,153.74,0,0,191.826
16,10240,5120,w4a4_16_32_128_s1,warm,1,163.582,0,0,180.284
16,10240,5120,w4a4_16_32_128_s1,warm,2,164.175,0,0,179.633
16,10240,5120,w4a4_16_32_128_s1,evicted128MiB,0,283.92,0,0,103.872
16,10240,5120,w4a4_16_32_128_s1,evicted128MiB,1,276.002,0,0,106.851
16,10240,5120,w4a4_16_32_128_s1,evicted128MiB,2,269.11,0,0,109.588
16,10240,5120,w4a4_16_64_128_s1,warm,0,142.303,0,0,207.242
16,10240,5120,w4a4_16_64_128_s1,warm,1,142.486,0,0,206.976
16,10240,5120,w4a4_16_64_128_s1,warm,2,152.369,0,0,193.551
16,10240,5120,w4a4_16_64_128_s1,evicted128MiB,0,260.901,0,0,113.036
16,10240,5120,w4a4_16_64_128_s1,evicted128MiB,1,274.966,0,0,107.254
16,10240,5120,w4a4_16_64_128_s1,evicted128MiB,2,250.948,0,0,117.519
16,10240,5120,w4a4_16_64_256_s1,warm,0,196.729,0,0,149.908
16,10240,5120,w4a4_16_64_256_s1,warm,1,197.835,0,0,149.07
16,10240,5120,w4a4_16_64_256_s1,warm,2,189.724,0,0,155.442
16,10240,5120,w4a4_16_64_256_s1,evicted128MiB,0,265.96,0,0,110.886
16,10240,5120,w4a4_16_64_256_s1,evicted128MiB,1,275.217,0,0,107.156
16,10240,5120,w4a4_16_64_256_s1,evicted128MiB,2,266.199,0,0,110.786
16,10240,5120,w4a4_16_32_128_s4,warm,0,164.514,0,0,179.263
16,10240,5120,w4a4_16_32_128_s4,warm,1,164.565,0,0,179.207
16,10240,5120,w4a4_16_32_128_s4,warm,2,173.852,0,0,169.633
16,10240,5120,w4a4_16_32_128_s4,evicted128MiB,0,240.372,0,0,122.69
16,10240,5120,w4a4_16_32_128_s4,evicted128MiB,1,252.346,0,0,116.868
16,10240,5120,w4a4_16_32_128_s4,evicted128MiB,2,249.697,0,0,118.108
16,10240,5120,w4a4_16_64_256_s4,warm,0,214.198,0,0,137.682
16,10240,5120,w4a4_16_64_256_s4,warm,1,214.352,0,0,137.583
16,10240,5120,w4a4_16_64_256_s4,warm,2,210.644,0,0,140.005
16,10240,5120,w4a4_16_64_256_s4,evicted128MiB,0,297.091,0,0,99.2665
16,10240,5120,w4a4_16_64_256_s4,evicted128MiB,1,295.051,0,0,99.953
16,10240,5120,w4a4_16_64_256_s4,evicted128MiB,2,268.299,0,0,109.919
16,10240,5120,w4a16_16_32_128_s1,warm,0,179.596,0,0,164.209
16,10240,5120,w4a16_16_32_128_s1,warm,1,179.187,0,0,164.583
16,10240,5120,w4a16_16_32_128_s1,warm,2,189.652,0,0,155.502
16,10240,5120,w4a16_16_32_128_s1,evicted128MiB,0,281.883,0,0,104.622
16,10240,5120,w4a16_16_32_128_s1,evicted128MiB,1,292.508,0,0,100.822
16,10240,5120,w4a16_16_32_128_s1,evicted128MiB,2,272.726,0,0,108.135
16,10240,5120,w4a16_16_64_128_s1,warm,0,166.305,0,0,177.332
16,10240,5120,w4a16_16_64_128_s1,warm,1,166.326,0,0,177.31
16,10240,5120,w4a16_16_64_128_s1,warm,2,166.572,0,0,177.048
16,10240,5120,w4a16_16_64_128_s1,evicted128MiB,0,251.629,0,0,117.201
16,10240,5120,w4a16_16_64_128_s1,evicted128MiB,1,259.797,0,0,113.516
16,10240,5120,w4a16_16_64_128_s1,evicted128MiB,2,250.948,0,0,117.519
16,10240,5120,w4a16_16_64_256_s1,warm,0,182.629,0,0,161.482
16,10240,5120,w4a16_16_64_256_s1,warm,1,192.077,0,0,153.539
16,10240,5120,w4a16_16_64_256_s1,warm,2,191.548,0,0,153.962
16,10240,5120,w4a16_16_64_256_s1,evicted128MiB,0,274.796,0,0,107.32
16,10240,5120,w4a16_16_64_256_s1,evicted128MiB,1,260.293,0,0,113.3
16,10240,5120,w4a16_16_64_256_s1,evicted128MiB,2,272.374,0,0,108.274
16,10240,5120,w4a16_16_32_128_s4,warm,0,189.929,0,0,155.275
16,10240,5120,w4a16_16_32_128_s4,warm,1,190.185,0,0,155.066
16,10240,5120,w4a16_16_32_128_s4,warm,2,190.267,0,0,154.999
16,10240,5120,w4a16_16_32_128_s4,evicted128MiB,0,277.339,0,0,106.336
16,10240,5120,w4a16_16_32_128_s4,evicted128MiB,1,267.338,0,0,110.314
16,10240,5120,w4a16_16_32_128_s4,evicted128MiB,2,256.431,0,0,115.006
16,10240,5120,w4a16_16_64_256_s4,warm,0,200.916,0,0,146.783
16,10240,5120,w4a16_16_64_256_s4,warm,1,209.897,0,0,140.503
16,10240,5120,w4a16_16_64_256_s4,warm,2,200.66,0,0,146.971
16,10240,5120,w4a16_16_64_256_s4,evicted128MiB,0,278.731,0,0,105.805
16,10240,5120,w4a16_16_64_256_s4,evicted128MiB,1,277.477,0,0,106.283
16,10240,5120,w4a16_16_64_256_s4,evicted128MiB,2,281.877,0,0,104.624
16,10240,5120,w4a4_16_32_128_s1_aligned,warm,0,108.859,0,0,270.911
16,10240,5120,w4a4_16_32_128_s1_aligned,warm,1,107.732,0,0,273.746
16,10240,5120,w4a4_16_32_128_s1_aligned,warm,2,116.17,0,0,253.862
16,10240,5120,w4a4_16_32_128_s1_aligned,evicted128MiB,0,212.006,0,0,139.105
16,10240,5120,w4a4_16_32_128_s1_aligned,evicted128MiB,1,215.524,0,0,136.835
16,10240,5120,w4a4_16_32_128_s1_aligned,evicted128MiB,2,219.647,0,0,134.266
16,10240,5120,w4a4_16_64_256_s1_aligned,warm,0,105.957,0,0,278.332
16,10240,5120,w4a4_16_64_256_s1_aligned,warm,1,102.357,0,0,288.122
16,10240,5120,w4a4_16_64_256_s1_aligned,warm,2,108.276,0,0,272.372
16,10240,5120,w4a4_16_64_256_s1_aligned,evicted128MiB,0,197.013,0,0,149.691
16,10240,5120,w4a4_16_64_256_s1_aligned,evicted128MiB,1,202.186,0,0,145.862
16,10240,5120,w4a4_16_64_256_s1_aligned,evicted128MiB,2,197.167,0,0,149.575
16,10240,5120,w4a16_16_64_256_s1_aligned,warm,0,123.595,0,0,238.612
16,10240,5120,w4a16_16_64_256_s1_aligned,warm,1,124.006,0,0,237.821
16,10240,5120,w4a16_16_64_256_s1_aligned,warm,2,127.496,0,0,231.311
16,10240,5120,w4a16_16_64_256_s1_aligned,evicted128MiB,0,220.977,0,0,133.458
16,10240,5120,w4a16_16_64_256_s1_aligned,evicted128MiB,1,216.809,0,0,136.024
16,10240,5120,w4a16_16_64_256_s1_aligned,evicted128MiB,2,212.191,0,0,138.984
16,10240,5120,gemv_w4a16_m1_k512_w4,warm,0,1309.82,0,0,22.5155
16,10240,5120,gemv_w4a16_m1_k512_w4,warm,1,1306.93,0,0,22.5653
16,10240,5120,gemv_w4a16_m1_k512_w4,warm,2,1286.85,0,0,22.9174
16,10240,5120,gemv_w4a16_m1_k512_w4,evicted128MiB,0,1396.41,0,0,21.1193
16,10240,5120,gemv_w4a16_m1_k512_w4,evicted128MiB,1,1393.74,0,0,21.1598
16,10240,5120,gemv_w4a16_m1_k512_w4,evicted128MiB,2,1335.96,0,0,22.0749
16,10240,5120,gemv_w4a16_m1_k1024_w4,warm,0,875.242,0,0,33.6949
16,10240,5120,gemv_w4a16_m1_k1024_w4,warm,1,868.423,0,0,33.9595
16,10240,5120,gemv_w4a16_m1_k1024_w4,warm,2,866.434,0,0,34.0374
16,10240,5120,gemv_w4a16_m1_k1024_w4,evicted128MiB,0,877.043,0,0,33.6257
16,10240,5120,gemv_w4a16_m1_k1024_w4,evicted128MiB,1,872.855,0,0,33.787
16,10240,5120,gemv_w4a16_m1_k1024_w4,evicted128MiB,2,877.964,0,0,33.5905
16,10240,5120,gemv_w4a16_m4_k512_w4,warm,0,702.124,0,0,42.0028
16,10240,5120,gemv_w4a16_m4_k512_w4,warm,1,706.005,0,0,41.772
16,10240,5120,gemv_w4a16_m4_k512_w4,warm,2,704.151,0,0,41.8819
16,10240,5120,gemv_w4a16_m4_k512_w4,evicted128MiB,0,705.408,0,0,41.8073
16,10240,5120,gemv_w4a16_m4_k512_w4,evicted128MiB,1,706.437,0,0,41.7464
16,10240,5120,gemv_w4a16_m4_k512_w4,evicted128MiB,2,724.654,0,0,40.6969
16,10240,5120,gemv_w4a16_m16_k512_w8,warm,0,759.417,0,0,38.834
16,10240,5120,gemv_w4a16_m16_k512_w8,warm,1,755.894,0,0,39.015
16,10240,5120,gemv_w4a16_m16_k512_w8,warm,2,751.43,0,0,39.2467
16,10240,5120,gemv_w4a16_m16_k512_w8,evicted128MiB,0,832.021,0,0,35.4452
16,10240,5120,gemv_w4a16_m16_k512_w8,evicted128MiB,1,826.607,0,0,35.6774
16,10240,5120,gemv_w4a16_m16_k512_w8,evicted128MiB,2,842.782,0,0,34.9927
1,1024,2048,cublas_bf16,warm,0,9.9168,0,0,422.949
1,1024,2048,cublas_bf16,warm,1,6.48864,0,0,646.407
1,1024,2048,cublas_bf16,warm,2,6.5312,0,0,642.195
1,1024,2048,cublas_bf16,evicted128MiB,0,39.3077,0,0,106.704
1,1024,2048,cublas_bf16,evicted128MiB,1,40.5611,0,0,103.407
1,1024,2048,cublas_bf16,evicted128MiB,2,39.0901,0,0,107.298
1,1024,2048,w4a4_16_32_128_s1,warm,0,10.256,0,0,115.02
1,1024,2048,w4a4_16_32_128_s1,warm,1,10.2582,0,0,114.995
1,1024,2048,w4a4_16_32_128_s1,warm,2,10.2582,0,0,114.995
1,1024,2048,w4a4_16_32_128_s1,evicted128MiB,0,29.1893,0,0,40.4137
1,1024,2048,w4a4_16_32_128_s1,evicted128MiB,1,25.1829,0,0,46.8432
1,1024,2048,w4a4_16_32_128_s1,evicted128MiB,2,28.0373,0,0,42.0742
1,1024,2048,w4a4_16_64_128_s1,warm,0,12.5526,0,0,93.9761
1,1024,2048,w4a4_16_64_128_s1,warm,1,12.5923,0,0,93.68
1,1024,2048,w4a4_16_64_128_s1,warm,2,12.6144,0,0,93.516
1,1024,2048,w4a4_16_64_128_s1,evicted128MiB,0,26.2528,0,0,44.9342
1,1024,2048,w4a4_16_64_128_s1,evicted128MiB,1,26.3093,0,0,44.8376
1,1024,2048,w4a4_16_64_128_s1,evicted128MiB,2,26.3104,0,0,44.8358
1,1024,2048,w4a4_16_64_256_s1,warm,0,16.3827,0,0,72.0056
1,1024,2048,w4a4_16_64_256_s1,warm,1,16.3808,0,0,72.0141
1,1024,2048,w4a4_16_64_256_s1,warm,2,16.3827,0,0,72.0056
1,1024,2048,w4a4_16_64_256_s1,evicted128MiB,0,32.4501,0,0,36.3526
1,1024,2048,w4a4_16_64_256_s1,evicted128MiB,1,32.3349,0,0,36.4822
1,1024,2048,w4a4_16_64_256_s1,evicted128MiB,2,32.4341,0,0,36.3706
1,1024,2048,w4a4_16_32_128_s4,warm,0,8.31264,0,0,141.91
1,1024,2048,w4a4_16_32_128_s4,warm,1,8.21056,0,0,143.674
1,1024,2048,w4a4_16_32_128_s4,warm,2,8.21216,0,0,143.646
1,1024,2048,w4a4_16_32_128_s4,evicted128MiB,0,19.3653,0,0,60.9154
1,1024,2048,w4a4_16_32_128_s4,evicted128MiB,1,19.5605,0,0,60.3075
1,1024,2048,w4a4_16_32_128_s4,evicted128MiB,2,19.6875,0,0,59.9187
1,1024,2048,w4a4_16_64_256_s4,warm,0,10.2579,0,0,114.999
1,1024,2048,w4a4_16_64_256_s4,warm,1,10.2586,0,0,114.992
1,1024,2048,w4a4_16_64_256_s4,warm,2,10.2573,0,0,115.006
1,1024,2048,w4a4_16_64_256_s4,evicted128MiB,0,29.8528,0,0,39.5155
1,1024,2048,w4a4_16_64_256_s4,evicted128MiB,1,29.9947,0,0,39.3286
1,1024,2048,w4a4_16_64_256_s4,evicted128MiB,2,31.6213,0,0,37.3054
1,1024,2048,w4a16_16_32_128_s1,warm,0,14.3552,0,0,82.1757
1,1024,2048,w4a16_16_32_128_s1,warm,1,14.3552,0,0,82.1757
1,1024,2048,w4a16_16_32_128_s1,warm,2,14.3546,0,0,82.1793
1,1024,2048,w4a16_16_32_128_s1,evicted128MiB,0,24.9717,0,0,47.2393
1,1024,2048,w4a16_16_32_128_s1,evicted128MiB,1,24.9835,0,0,47.2171
1,1024,2048,w4a16_16_32_128_s1,evicted128MiB,2,25.376,0,0,46.4868
1,1024,2048,w4a16_16_64_128_s1,warm,0,16.3805,0,0,72.0155
1,1024,2048,w4a16_16_64_128_s1,warm,1,16.3827,0,0,72.0056
1,1024,2048,w4a16_16_64_128_s1,warm,2,16.3827,0,0,72.0056
1,1024,2048,w4a16_16_64_128_s1,evicted128MiB,0,29.8603,0,0,39.5056
1,1024,2048,w4a16_16_64_128_s1,evicted128MiB,1,27.5573,0,0,42.807
1,1024,2048,w4a16_16_64_128_s1,evicted128MiB,2,29.1563,0,0,40.4595
1,1024,2048,w4a16_16_64_256_s1,warm,0,18.4288,0,0,64.0111
1,1024,2048,w4a16_16_64_256_s1,warm,1,18.4288,0,0,64.0111
1,1024,2048,w4a16_16_64_256_s1,warm,2,18.4298,0,0,64.0078
1,1024,2048,w4a16_16_64_256_s1,evicted128MiB,0,30.4,0,0,38.8042
1,1024,2048,w4a16_16_64_256_s1,evicted128MiB,1,30.3328,0,0,38.8902
1,1024,2048,w4a16_16_64_256_s1,evicted128MiB,2,32.8128,0,0,35.9508
1,1024,2048,w4a16_16_32_128_s4,warm,0,10.2778,0,0,114.777
1,1024,2048,w4a16_16_32_128_s4,warm,1,10.2378,0,0,115.225
1,1024,2048,w4a16_16_32_128_s4,warm,2,10.2374,0,0,115.229
1,1024,2048,w4a16_16_32_128_s4,evicted128MiB,0,21.2437,0,0,55.5292
1,1024,2048,w4a16_16_32_128_s4,evicted128MiB,1,21.1893,0,0,55.6718
1,1024,2048,w4a16_16_32_128_s4,evicted128MiB,2,21.2256,0,0,55.5767
1,1024,2048,w4a16_16_64_256_s4,warm,0,12.2861,0,0,96.015
1,1024,2048,w4a16_16_64_256_s4,warm,1,12.2858,0,0,96.0175
1,1024,2048,w4a16_16_64_256_s4,warm,2,12.287,0,0,96.0075
1,1024,2048,w4a16_16_64_256_s4,evicted128MiB,0,33.536,0,0,35.1756
1,1024,2048,w4a16_16_64_256_s4,evicted128MiB,1,30.7093,0,0,38.4133
1,1024,2048,w4a16_16_64_256_s4,evicted128MiB,2,30.1056,0,0,39.1837
1,1024,2048,w4a4_16_32_128_s1_aligned,warm,0,8.19072,0,0,144.022
1,1024,2048,w4a4_16_32_128_s1_aligned,warm,1,8.1904,0,0,144.028
1,1024,2048,w4a4_16_32_128_s1_aligned,warm,2,8.19072,0,0,144.022
1,1024,2048,w4a4_16_32_128_s1_aligned,evicted128MiB,0,19.3621,0,0,60.9255
1,1024,2048,w4a4_16_32_128_s1_aligned,evicted128MiB,1,19.4944,0,0,60.5121
1,1024,2048,w4a4_16_32_128_s1_aligned,evicted128MiB,2,19.0336,0,0,61.9771
1,1024,2048,w4a4_16_64_256_s1_aligned,warm,0,6.16256,0,0,191.422
1,1024,2048,w4a4_16_64_256_s1_aligned,warm,1,6.14272,0,0,192.04
1,1024,2048,w4a4_16_64_256_s1_aligned,warm,2,6.14272,0,0,192.04
1,1024,2048,w4a4_16_64_256_s1_aligned,evicted128MiB,0,17.3056,0,0,68.1657
1,1024,2048,w4a4_16_64_256_s1_aligned,evicted128MiB,1,16.5099,0,0,71.4511
1,1024,2048,w4a4_16_64_256_s1_aligned,evicted128MiB,2,17.8784,0,0,65.9817
1,1024,2048,w4a16_16_64_256_s1_aligned,warm,0,10.2586,0,0,114.992
1,1024,2048,w4a16_16_64_256_s1_aligned,warm,1,10.2579,0,0,114.999
1,1024,2048,w4a16_16_64_256_s1_aligned,warm,2,10.2582,0,0,114.995
1,1024,2048,w4a16_16_64_256_s1_aligned,evicted128MiB,0,20.9685,0,0,56.258
1,1024,2048,w4a16_16_64_256_s1_aligned,evicted128MiB,1,20.1077,0,0,58.6664
1,1024,2048,w4a16_16_64_256_s1_aligned,evicted128MiB,2,19.7461,0,0,59.7407
1,1024,2048,gemv_w4a16_m1_k512_w4,warm,0,6.1408,0,0,192.1
1,1024,2048,gemv_w4a16_m1_k512_w4,warm,1,6.14272,0,0,192.04
1,1024,2048,gemv_w4a16_m1_k512_w4,warm,2,6.14272,0,0,192.04
1,1024,2048,gemv_w4a16_m1_k512_w4,evicted128MiB,0,14.1728,0,0,83.2332
1,1024,2048,gemv_w4a16_m1_k512_w4,evicted128MiB,1,14.0299,0,0,84.0812
1,1024,2048,gemv_w4a16_m1_k512_w4,evicted128MiB,2,14.0821,0,0,83.7691
1,1024,2048,gemv_w4a16_m1_k1024_w4,warm,0,6.1424,0,0,192.05
1,1024,2048,gemv_w4a16_m1_k1024_w4,warm,1,6.1408,0,0,192.1
1,1024,2048,gemv_w4a16_m1_k1024_w4,warm,2,6.1408,0,0,192.1
1,1024,2048,gemv_w4a16_m1_k1024_w4,evicted128MiB,0,13.7579,0,0,85.7435
1,1024,2048,gemv_w4a16_m1_k1024_w4,evicted128MiB,1,13.5989,0,0,86.7456
1,1024,2048,gemv_w4a16_m1_k1024_w4,evicted128MiB,2,13.8464,0,0,85.1953
1,1024,2048,gemv_w4a16_m4_k512_w4,warm,0,8.29184,0,0,142.266
1,1024,2048,gemv_w4a16_m4_k512_w4,warm,1,8.19072,0,0,144.022
1,1024,2048,gemv_w4a16_m4_k512_w4,warm,2,8.20992,0,0,143.686
1,1024,2048,gemv_w4a16_m4_k512_w4,evicted128MiB,0,16.0907,0,0,73.3126
1,1024,2048,gemv_w4a16_m4_k512_w4,evicted128MiB,1,16.0725,0,0,73.3953
1,1024,2048,gemv_w4a16_m4_k512_w4,evicted128MiB,2,16.0683,0,0,73.4148
1,1024,2048,gemv_w4a16_m16_k512_w8,warm,0,24.5725,0,0,48.0069
1,1024,2048,gemv_w4a16_m16_k512_w8,warm,1,24.5738,0,0,48.0044
1,1024,2048,gemv_w4a16_m16_k512_w8,warm,2,24.5626,0,0,48.0263
1,1024,2048,gemv_w4a16_m16_k512_w8,evicted128MiB,0,40.9632,0,0,28.7978
1,1024,2048,gemv_w4a16_m16_k512_w8,evicted128MiB,1,41.6235,0,0,28.3409
1,1024,2048,gemv_w4a16_m16_k512_w8,evicted128MiB,2,36.5547,0,0,32.2708
2,1024,2048,cublas_bf16,warm,0,10.3002,0,0,407.208
2,1024,2048,cublas_bf16,warm,1,10.2586,0,0,408.859
2,1024,2048,cublas_bf16,warm,2,10.2582,0,0,408.872
2,1024,2048,cublas_bf16,evicted128MiB,0,32.4501,0,0,129.254
2,1024,2048,cublas_bf16,evicted128MiB,1,32.2763,0,0,129.95
2,1024,2048,cublas_bf16,evicted128MiB,2,33.2235,0,0,126.245
2,1024,2048,w4a4_16_32_128_s1,warm,0,10.2589,0,0,114.988
2,1024,2048,w4a4_16_32_128_s1,warm,1,10.2582,0,0,114.995
2,1024,2048,w4a4_16_32_128_s1,warm,2,10.2595,0,0,114.981
2,1024,2048,w4a4_16_32_128_s1,evicted128MiB,0,24.0608,0,0,49.0278
2,1024,2048,w4a4_16_32_128_s1,evicted128MiB,1,24.1451,0,0,48.8567
2,1024,2048,w4a4_16_32_128_s1,evicted128MiB,2,24.2571,0,0,48.6311
2,1024,2048,w4a4_16_64_128_s1,warm,0,12.7802,0,0,92.3031
2,1024,2048,w4a4_16_64_128_s1,warm,1,12.839,0,0,91.8798
2,1024,2048,w4a4_16_64_128_s1,warm,2,12.7776,0,0,92.3216
2,1024,2048,w4a4_16_64_128_s1,evicted128MiB,0,26.3936,0,0,44.6945
2,1024,2048,w4a4_16_64_128_s1,evicted128MiB,1,26.4501,0,0,44.5989
2,1024,2048,w4a4_16_64_128_s1,evicted128MiB,2,26.4523,0,0,44.5953
2,1024,2048,w4a4_16_64_256_s1,warm,0,16.4026,0,0,71.9185
2,1024,2048,w4a4_16_64_256_s1,warm,1,19.1181,0,0,61.7033
2,1024,2048,w4a4_16_64_256_s1,warm,2,18.2867,0,0,64.5085
2,1024,2048,w4a4_16_64_256_s1,evicted128MiB,0,32.4544,0,0,36.3479
2,1024,2048,w4a4_16_64_256_s1,evicted128MiB,1,32.4533,0,0,36.3491
2,1024,2048,w4a4_16_64_256_s1,evicted128MiB,2,32.4533,0,0,36.3491
2,1024,2048,w4a4_16_32_128_s4,warm,0,8.20992,0,0,143.686
2,1024,2048,w4a4_16_32_128_s4,warm,1,8.2112,0,0,143.663
2,1024,2048,w4a4_16_32_128_s4,warm,2,8.21056,0,0,143.674
2,1024,2048,w4a4_16_32_128_s4,evicted128MiB,0,24.16,0,0,48.8265
2,1024,2048,w4a4_16_32_128_s4,evicted128MiB,1,23.7248,0,0,49.7221
2,1024,2048,w4a4_16_32_128_s4,evicted128MiB,2,19.4965,0,0,60.5055
2,1024,2048,w4a4_16_64_256_s4,warm,0,10.2579,0,0,114.999
2,1024,2048,w4a4_16_64_256_s4,warm,1,10.2576,0,0,115.002
2,1024,2048,w4a4_16_64_256_s4,warm,2,10.2579,0,0,114.999
2,1024,2048,w4a4_16_64_256_s4,evicted128MiB,0,29.6011,0,0,39.8515
2,1024,2048,w4a4_16_64_256_s4,evicted128MiB,1,38.4629,0,0,30.6697
2,1024,2048,w4a4_16_64_256_s4,evicted128MiB,2,29.7973,0,0,39.5891
2,1024,2048,w4a16_16_32_128_s1,warm,0,14.3546,0,0,82.1793
2,1024,2048,w4a16_16_32_128_s1,warm,1,14.3539,0,0,82.183
2,1024,2048,w4a16_16_32_128_s1,warm,2,14.3539,0,0,82.183
2,1024,2048,w4a16_16_32_128_s1,evicted128MiB,0,28.7019,0,0,41.1
2,1024,2048,w4a16_16_32_128_s1,evicted128MiB,1,28.9141,0,0,40.7983
2,1024,2048,w4a16_16_32_128_s1,evicted128MiB,2,25.3739,0,0,46.4907
2,1024,2048,w4a16_16_64_128_s1,warm,0,16.3827,0,0,72.0056
2,1024,2048,w4a16_16_64_128_s1,warm,1,16.3808,0,0,72.0141
2,1024,2048,w4a16_16_64_128_s1,warm,2,16.3827,0,0,72.0056
2,1024,2048,w4a16_16_64_128_s1,evicted128MiB,0,26.9312,0,0,43.8023
2,1024,2048,w4a16_16_64_128_s1,evicted128MiB,1,27.0773,0,0,43.5659
2,1024,2048,w4a16_16_64_128_s1,evicted128MiB,2,26.96,0,0,43.7555
2,1024,2048,w4a16_16_64_256_s1,warm,0,18.4298,0,0,64.0078
2,1024,2048,w4a16_16_64_256_s1,warm,1,18.4298,0,0,64.0078
2,1024,2048,w4a16_16_64_256_s1,warm,2,18.4294,0,0,64.0089
2,1024,2048,w4a16_16_64_256_s1,evicted128MiB,0,30.3477,0,0,38.871
2,1024,2048,w4a16_16_64_256_s1,evicted128MiB,1,30.4672,0,0,38.7186
2,1024,2048,w4a16_16_64_256_s1,evicted128MiB,2,30.416,0,0,38.7838
2,1024,2048,w4a16_16_32_128_s4,warm,0,10.257,0,0,115.01
2,1024,2048,w4a16_16_32_128_s4,warm,1,10.2381,0,0,115.222
2,1024,2048,w4a16_16_32_128_s4,warm,2,10.2387,0,0,115.214
2,1024,2048,w4a16_16_32_128_s4,evicted128MiB,0,25.3835,0,0,46.4731
2,1024,2048,w4a16_16_32_128_s4,evicted128MiB,1,23.9275,0,0,49.301
2,1024,2048,w4a16_16_32_128_s4,evicted128MiB,2,21.2309,0,0,55.5627
2,1024,2048,w4a16_16_64_256_s4,warm,0,12.2867,0,0,96.01
2,1024,2048,w4a16_16_64_256_s4,warm,1,12.287,0,0,96.0075
2,1024,2048,w4a16_16_64_256_s4,warm,2,12.2858,0,0,96.0175
2,1024,2048,w4a16_16_64_256_s4,evicted128MiB,0,30.0939,0,0,39.199
2,1024,2048,w4a16_16_64_256_s4,evicted128MiB,1,30.1323,0,0,39.149
2,1024,2048,w4a16_16_64_256_s4,evicted128MiB,2,30.2443,0,0,39.004
2,1024,2048,w4a4_16_32_128_s1_aligned,warm,0,8.18912,0,0,144.051
2,1024,2048,w4a4_16_32_128_s1_aligned,warm,1,8.1904,0,0,144.028
2,1024,2048,w4a4_16_32_128_s1_aligned,warm,2,8.19072,0,0,144.022
2,1024,2048,w4a4_16_32_128_s1_aligned,evicted128MiB,0,19.2171,0,0,61.3854
2,1024,2048,w4a4_16_32_128_s1_aligned,evicted128MiB,1,20.1557,0,0,58.5267
2,1024,2048,w4a4_16_32_128_s1_aligned,evicted128MiB,2,19.6917,0,0,59.9057
2,1024,2048,w4a4_16_64_256_s1_aligned,warm,0,6.16192,0,0,191.442
2,1024,2048,w4a4_16_64_256_s1_aligned,warm,1,6.16096,0,0,191.471
2,1024,2048,w4a4_16_64_256_s1_aligned,warm,2,6.14208,0,0,192.06
2,1024,2048,w4a4_16_64_256_s1_aligned,evicted128MiB,0,17.3813,0,0,67.8687
2,1024,2048,w4a4_16_64_256_s1_aligned,evicted128MiB,1,17.4389,0,0,67.6445
2,1024,2048,w4a4_16_64_256_s1_aligned,evicted128MiB,2,17.1765,0,0,68.6779
2,1024,2048,w4a16_16_64_256_s1_aligned,warm,0,10.2579,0,0,114.999
2,1024,2048,w4a16_16_64_256_s1_aligned,warm,1,11.0573,0,0,106.685
2,1024,2048,w4a16_16_64_256_s1_aligned,warm,2,10.3405,0,0,114.081
2,1024,2048,w4a16_16_64_256_s1_aligned,evicted128MiB,0,20.0928,0,0,58.71
2,1024,2048,w4a16_16_64_256_s1_aligned,evicted128MiB,1,20.0288,0,0,58.8976
2,1024,2048,w4a16_16_64_256_s1_aligned,evicted128MiB,2,20.0939,0,0,58.7069
2,1024,2048,gemv_w4a16_m1_k512_w4,warm,0,8.21056,0,0,143.674
2,1024,2048,gemv_w4a16_m1_k512_w4,warm,1,8.19072,0,0,144.022
2,1024,2048,gemv_w4a16_m1_k512_w4,warm,2,8.19072,0,0,144.022
2,1024,2048,gemv_w4a16_m1_k512_w4,evicted128MiB,0,17.4155,0,0,67.7357
2,1024,2048,gemv_w4a16_m1_k512_w4,evicted128MiB,1,16.9792,0,0,69.4761
2,1024,2048,gemv_w4a16_m1_k512_w4,evicted128MiB,2,16.0619,0,0,73.444
2,1024,2048,gemv_w4a16_m1_k1024_w4,warm,0,8.19072,0,0,144.022
2,1024,2048,gemv_w4a16_m1_k1024_w4,warm,1,8.19072,0,0,144.022
2,1024,2048,gemv_w4a16_m1_k1024_w4,warm,2,8.1904,0,0,144.028
2,1024,2048,gemv_w4a16_m1_k1024_w4,evicted128MiB,0,14.9525,0,0,78.8929
2,1024,2048,gemv_w4a16_m1_k1024_w4,evicted128MiB,1,15.5488,0,0,75.8675
2,1024,2048,gemv_w4a16_m1_k1024_w4,evicted128MiB,2,13.9957,0,0,84.2863
2,1024,2048,gemv_w4a16_m4_k512_w4,warm,0,8.20992,0,0,143.686
2,1024,2048,gemv_w4a16_m4_k512_w4,warm,1,8.20928,0,0,143.697
2,1024,2048,gemv_w4a16_m4_k512_w4,warm,2,8.21056,0,0,143.674
2,1024,2048,gemv_w4a16_m4_k512_w4,evicted128MiB,0,16.1333,0,0,73.1187
2,1024,2048,gemv_w4a16_m4_k512_w4,evicted128MiB,1,16.0853,0,0,73.3369
2,1024,2048,gemv_w4a16_m4_k512_w4,evicted128MiB,2,16.0469,0,0,73.5124
2,1024,2048,gemv_w4a16_m16_k512_w8,warm,0,24.5632,0,0,48.025
2,1024,2048,gemv_w4a16_m16_k512_w8,warm,1,24.5728,0,0,48.0063
2,1024,2048,gemv_w4a16_m16_k512_w8,warm,2,24.5734,0,0,48.005
2,1024,2048,gemv_w4a16_m16_k512_w8,evicted128MiB,0,41.5435,0,0,28.3955
2,1024,2048,gemv_w4a16_m16_k512_w8,evicted128MiB,1,38.7861,0,0,30.4142
2,1024,2048,gemv_w4a16_m16_k512_w8,evicted128MiB,2,36.5589,0,0,32.267
4,1024,2048,cublas_bf16,warm,0,10.2579,0,0,408.884
4,1024,2048,cublas_bf16,warm,1,10.2582,0,0,408.872
4,1024,2048,cublas_bf16,warm,2,10.2582,0,0,408.872
4,1024,2048,cublas_bf16,evicted128MiB,0,32.8747,0,0,127.585
4,1024,2048,cublas_bf16,evicted128MiB,1,32.8096,0,0,127.838
4,1024,2048,cublas_bf16,evicted128MiB,2,32.3936,0,0,129.479
4,1024,2048,w4a4_16_32_128_s1,warm,0,10.8957,0,0,108.268
4,1024,2048,w4a4_16_32_128_s1,warm,1,10.8931,0,0,108.293
4,1024,2048,w4a4_16_32_128_s1,warm,2,11.0336,0,0,106.914
4,1024,2048,w4a4_16_32_128_s1,evicted128MiB,0,25.5477,0,0,46.1743
4,1024,2048,w4a4_16_32_128_s1,evicted128MiB,1,24.2613,0,0,48.6226
4,1024,2048,w4a4_16_32_128_s1,evicted128MiB,2,24.2549,0,0,48.6354
4,1024,2048,w4a4_16_64_128_s1,warm,0,13.3741,0,0,88.2041
4,1024,2048,w4a4_16_64_128_s1,warm,1,13.3514,0,0,88.3541
4,1024,2048,w4a4_16_64_128_s1,warm,2,13.3712,0,0,88.223
4,1024,2048,w4a4_16_64_128_s1,evicted128MiB,0,26.6635,0,0,44.2421
4,1024,2048,w4a4_16_64_128_s1,evicted128MiB,1,26.6379,0,0,44.2846
4,1024,2048,w4a4_16_64_128_s1,evicted128MiB,2,26.5067,0,0,44.5038
4,1024,2048,w4a4_16_64_256_s1,warm,0,16.3827,0,0,72.0056
4,1024,2048,w4a4_16_64_256_s1,warm,1,16.3811,0,0,72.0127
4,1024,2048,w4a4_16_64_256_s1,warm,2,16.3821,0,0,72.0084
4,1024,2048,w4a4_16_64_256_s1,evicted128MiB,0,35.7461,0,0,33.0007
4,1024,2048,w4a4_16_64_256_s1,evicted128MiB,1,32.4533,0,0,36.3491
4,1024,2048,w4a4_16_64_256_s1,evicted128MiB,2,40.3264,0,0,29.2525
4,1024,2048,w4a4_16_32_128_s4,warm,0,8.21024,0,0,143.68
4,1024,2048,w4a4_16_32_128_s4,warm,1,8.21056,0,0,143.674
4,1024,2048,w4a4_16_32_128_s4,warm,2,8.21024,0,0,143.68
4,1024,2048,w4a4_16_32_128_s4,evicted128MiB,0,19.3493,0,0,60.9658
4,1024,2048,w4a4_16_32_128_s4,evicted128MiB,1,19.344,0,0,60.9826
4,1024,2048,w4a4_16_32_128_s4,evicted128MiB,2,19.5435,0,0,60.3602
4,1024,2048,w4a4_16_64_256_s4,warm,0,10.2566,0,0,115.013
4,1024,2048,w4a4_16_64_256_s4,warm,1,10.2582,0,0,114.995
4,1024,2048,w4a4_16_64_256_s4,warm,2,10.2582,0,0,114.995
4,1024,2048,w4a4_16_64_256_s4,evicted128MiB,0,29.8688,0,0,39.4943
4,1024,2048,w4a4_16_64_256_s4,evicted128MiB,1,29.9328,0,0,39.4099
4,1024,2048,w4a4_16_64_256_s4,evicted128MiB,2,29.6192,0,0,39.8271
4,1024,2048,w4a16_16_32_128_s1,warm,0,14.3546,0,0,82.1793
4,1024,2048,w4a16_16_32_128_s1,warm,1,14.3536,0,0,82.1848
4,1024,2048,w4a16_16_32_128_s1,warm,2,14.3542,0,0,82.1812
4,1024,2048,w4a16_16_32_128_s1,evicted128MiB,0,26.2859,0,0,44.8777
4,1024,2048,w4a16_16_32_128_s1,evicted128MiB,1,31.6501,0,0,37.2715
4,1024,2048,w4a16_16_32_128_s1,evicted128MiB,2,25.3056,0,0,46.6161
4,1024,2048,w4a16_16_64_128_s1,warm,0,16.3827,0,0,72.0056
4,1024,2048,w4a16_16_64_128_s1,warm,1,16.3821,0,0,72.0084
4,1024,2048,w4a16_16_64_128_s1,warm,2,16.3837,0,0,72.0014
4,1024,2048,w4a16_16_64_128_s1,evicted128MiB,0,27.0976,0,0,43.5333
4,1024,2048,w4a16_16_64_128_s1,evicted128MiB,1,27.344,0,0,43.141
4,1024,2048,w4a16_16_64_128_s1,evicted128MiB,2,27.3568,0,0,43.1208
4,1024,2048,w4a16_16_64_256_s1,warm,0,20.9037,0,0,56.4326
4,1024,2048,w4a16_16_64_256_s1,warm,1,18.9475,0,0,62.2587
4,1024,2048,w4a16_16_64_256_s1,warm,2,18.4298,0,0,64.0078
4,1024,2048,w4a16_16_64_256_s1,evicted128MiB,0,37.9616,0,0,31.0748
4,1024,2048,w4a16_16_64_256_s1,evicted128MiB,1,32.1109,0,0,36.7367
4,1024,2048,w4a16_16_64_256_s1,evicted128MiB,2,30.6165,0,0,38.5298
4,1024,2048,w4a16_16_32_128_s4,warm,0,10.2576,0,0,115.002
4,1024,2048,w4a16_16_32_128_s4,warm,1,10.2381,0,0,115.222
4,1024,2048,w4a16_16_32_128_s4,warm,2,10.2365,0,0,115.24
4,1024,2048,w4a16_16_32_128_s4,evicted128MiB,0,21.1563,0,0,55.7588
4,1024,2048,w4a16_16_32_128_s4,evicted128MiB,1,21.3131,0,0,55.3486
4,1024,2048,w4a16_16_32_128_s4,evicted128MiB,2,21.1648,0,0,55.7363
4,1024,2048,w4a16_16_64_256_s4,warm,0,12.2867,0,0,96.01
4,1024,2048,w4a16_16_64_256_s4,warm,1,12.2851,0,0,96.0225
4,1024,2048,w4a16_16_64_256_s4,warm,2,12.2858,0,0,96.0175
4,1024,2048,w4a16_16_64_256_s4,evicted128MiB,0,30.2304,0,0,39.0219
4,1024,2048,w4a16_16_64_256_s4,evicted128MiB,1,30.0768,0,0,39.2212
4,1024,2048,w4a16_16_64_256_s4,evicted128MiB,2,30.2475,0,0,38.9999
4,1024,2048,w4a4_16_32_128_s1_aligned,warm,0,8.1904,0,0,144.028
4,1024,2048,w4a4_16_32_128_s1_aligned,warm,1,8.19072,0,0,144.022
4,1024,2048,w4a4_16_32_128_s1_aligned,warm,2,8.19072,0,0,144.022
4,1024,2048,w4a4_16_32_128_s1_aligned,evicted128MiB,0,19.6523,0,0,60.0261
4,1024,2048,w4a4_16_32_128_s1_aligned,evicted128MiB,1,19.4357,0,0,60.6948
4,1024,2048,w4a4_16_32_128_s1_aligned,evicted128MiB,2,19.3259,0,0,61.0398
4,1024,2048,w4a4_16_64_256_s1_aligned,warm,0,6.16192,0,0,191.442
4,1024,2048,w4a4_16_64_256_s1_aligned,warm,1,6.14272,0,0,192.04
4,1024,2048,w4a4_16_64_256_s1_aligned,warm,2,6.14208,0,0,192.06
4,1024,2048,w4a4_16_64_256_s1_aligned,evicted128MiB,0,16.8565,0,0,69.9817
4,1024,2048,w4a4_16_64_256_s1_aligned,evicted128MiB,1,16.912,0,0,69.7521
4,1024,2048,w4a4_16_64_256_s1_aligned,evicted128MiB,2,16.6912,0,0,70.6748
4,1024,2048,w4a16_16_64_256_s1_aligned,warm,0,10.2765,0,0,114.791
4,1024,2048,w4a16_16_64_256_s1_aligned,warm,1,10.2586,0,0,114.992
4,1024,2048,w4a16_16_64_256_s1_aligned,warm,2,10.2592,0,0,114.984
4,1024,2048,w4a16_16_64_256_s1_aligned,evicted128MiB,0,20.1792,0,0,58.4586
4,1024,2048,w4a16_16_64_256_s1_aligned,evicted128MiB,1,20.1664,0,0,58.4957
4,1024,2048,w4a16_16_64_256_s1_aligned,evicted128MiB,2,20.0437,0,0,58.8537
4,1024,2048,gemv_w4a16_m1_k512_w4,warm,0,14.3344,0,0,82.2949
4,1024,2048,gemv_w4a16_m1_k512_w4,warm,1,14.3347,0,0,82.2931
4,1024,2048,gemv_w4a16_m1_k512_w4,warm,2,14.3347,0,0,82.2931
4,1024,2048,gemv_w4a16_m1_k512_w4,evicted128MiB,0,26.4491,0,0,44.6008
4,1024,2048,gemv_w4a16_m1_k512_w4,evicted128MiB,1,23.0464,0,0,51.1858
4,1024,2048,gemv_w4a16_m1_k512_w4,evicted128MiB,2,22.2133,0,0,53.1054
4,1024,2048,gemv_w4a16_m1_k1024_w4,warm,0,12.3056,0,0,95.8627
4,1024,2048,gemv_w4a16_m1_k1024_w4,warm,1,12.2867,0,0,96.01
4,1024,2048,gemv_w4a16_m1_k1024_w4,warm,2,12.2861,0,0,96.015
4,1024,2048,gemv_w4a16_m1_k1024_w4,evicted128MiB,0,16.0939,0,0,73.298
4,1024,2048,gemv_w4a16_m1_k1024_w4,evicted128MiB,1,16.1536,0,0,73.0269
4,1024,2048,gemv_w4a16_m1_k1024_w4,evicted128MiB,2,16.1568,0,0,73.0125
4,1024,2048,gemv_w4a16_m4_k512_w4,warm,0,8.20992,0,0,143.686
4,1024,2048,gemv_w4a16_m4_k512_w4,warm,1,8.20992,0,0,143.686
4,1024,2048,gemv_w4a16_m4_k512_w4,warm,2,8.20992,0,0,143.686
4,1024,2048,gemv_w4a16_m4_k512_w4,evicted128MiB,0,16.0747,0,0,73.3855
4,1024,2048,gemv_w4a16_m4_k512_w4,evicted128MiB,1,16.0597,0,0,73.4538
4,1024,2048,gemv_w4a16_m4_k512_w4,evicted128MiB,2,16.1376,0,0,73.0994
4,1024,2048,gemv_w4a16_m16_k512_w8,warm,0,24.5635,0,0,48.0244
4,1024,2048,gemv_w4a16_m16_k512_w8,warm,1,24.5728,0,0,48.0063
4,1024,2048,gemv_w4a16_m16_k512_w8,warm,2,24.5738,0,0,48.0044
4,1024,2048,gemv_w4a16_m16_k512_w8,evicted128MiB,0,38.8,0,0,30.4033
4,1024,2048,gemv_w4a16_m16_k512_w8,evicted128MiB,1,43.1403,0,0,27.3445
4,1024,2048,gemv_w4a16_m16_k512_w8,evicted128MiB,2,36.5611,0,0,32.2651
5,1024,2048,cublas_bf16,warm,0,10.2998,0,0,407.22
5,1024,2048,cublas_bf16,warm,1,10.2595,0,0,408.821
5,1024,2048,cublas_bf16,warm,2,10.2576,0,0,408.897
5,1024,2048,cublas_bf16,evicted128MiB,0,32.5931,0,0,128.687
5,1024,2048,cublas_bf16,evicted128MiB,1,32.4587,0,0,129.22
5,1024,2048,cublas_bf16,evicted128MiB,2,32.4715,0,0,129.169
5,1024,2048,w4a4_16_32_128_s1,warm,0,11.2422,0,0,104.93
5,1024,2048,w4a4_16_32_128_s1,warm,1,11.2806,0,0,104.573
5,1024,2048,w4a4_16_32_128_s1,warm,2,11.2602,0,0,104.763
5,1024,2048,w4a4_16_32_128_s1,evicted128MiB,0,24.272,0,0,48.6012
5,1024,2048,w4a4_16_32_128_s1,evicted128MiB,1,24.2699,0,0,48.6055
5,1024,2048,w4a4_16_32_128_s1,evicted128MiB,2,24.2731,0,0,48.5991
5,1024,2048,w4a4_16_64_128_s1,warm,0,14.2938,0,0,82.5289
5,1024,2048,w4a4_16_64_128_s1,warm,1,14.2938,0,0,82.5289
5,1024,2048,w4a4_16_64_128_s1,warm,2,14.2746,0,0,82.6399
5,1024,2048,w4a4_16_64_128_s1,evicted128MiB,0,26.9269,0,0,43.8092
5,1024,2048,w4a4_16_64_128_s1,evicted128MiB,1,27.2064,0,0,43.3592
5,1024,2048,w4a4_16_64_128_s1,evicted128MiB,2,26.8597,0,0,43.9188
5,1024,2048,w4a4_16_64_256_s1,warm,0,16.3818,0,0,72.0098
5,1024,2048,w4a4_16_64_256_s1,warm,1,16.3811,0,0,72.0127
5,1024,2048,w4a4_16_64_256_s1,warm,2,16.3827,0,0,72.0056
5,1024,2048,w4a4_16_64_256_s1,evicted128MiB,0,32.4629,0,0,36.3383
5,1024,2048,w4a4_16_64_256_s1,evicted128MiB,1,32.4619,0,0,36.3395
5,1024,2048,w4a4_16_64_256_s1,evicted128MiB,2,32.4555,0,0,36.3467
5,1024,2048,w4a4_16_32_128_s4,warm,0,13.6781,0,0,86.2437
5,1024,2048,w4a4_16_32_128_s4,warm,1,8.31328,0,0,141.899
5,1024,2048,w4a4_16_32_128_s4,warm,2,11.8909,0,0,99.2061
5,1024,2048,w4a4_16_32_128_s4,evicted128MiB,0,23.6128,0,0,49.958
5,1024,2048,w4a4_16_32_128_s4,evicted128MiB,1,21.6437,0,0,54.503
5,1024,2048,w4a4_16_32_128_s4,evicted128MiB,2,19.696,0,0,59.8928
5,1024,2048,w4a4_16_64_256_s4,warm,0,10.2573,0,0,115.006
5,1024,2048,w4a4_16_64_256_s4,warm,1,10.361,0,0,113.855
5,1024,2048,w4a4_16_64_256_s4,warm,2,10.2592,0,0,114.984
5,1024,2048,w4a4_16_64_256_s4,evicted128MiB,0,29.8219,0,0,39.5565
5,1024,2048,w4a4_16_64_256_s4,evicted128MiB,1,30.1045,0,0,39.1851
5,1024,2048,w4a4_16_64_256_s4,evicted128MiB,2,29.9371,0,0,39.4043
5,1024,2048,w4a16_16_32_128_s1,warm,0,14.3552,0,0,82.1757
5,1024,2048,w4a16_16_32_128_s1,warm,1,14.3533,0,0,82.1866
5,1024,2048,w4a16_16_32_128_s1,warm,2,14.3549,0,0,82.1775
5,1024,2048,w4a16_16_32_128_s1,evicted128MiB,0,27.5136,0,0,42.8751
5,1024,2048,w4a16_16_32_128_s1,evicted128MiB,1,29.2757,0,0,40.2944
5,1024,2048,w4a16_16_32_128_s1,evicted128MiB,2,25.5701,0,0,46.1338
5,1024,2048,w4a16_16_64_128_s1,warm,0,16.3821,0,0,72.0084
5,1024,2048,w4a16_16_64_128_s1,warm,1,16.3821,0,0,72.0084
5,1024,2048,w4a16_16_64_128_s1,warm,2,16.3827,0,0,72.0056
5,1024,2048,w4a16_16_64_128_s1,evicted128MiB,0,31.5349,0,0,37.4077
5,1024,2048,w4a16_16_64_128_s1,evicted128MiB,1,34.9301,0,0,33.7716
5,1024,2048,w4a16_16_64_128_s1,evicted128MiB,2,27.0763,0,0,43.5676
5,1024,2048,w4a16_16_64_256_s1,warm,0,18.4298,0,0,64.0078
5,1024,2048,w4a16_16_64_256_s1,warm,1,18.4502,0,0,63.9367
5,1024,2048,w4a16_16_64_256_s1,warm,2,18.4298,0,0,64.0078
5,1024,2048,w4a16_16_64_256_s1,evicted128MiB,0,30.8864,0,0,38.1931
5,1024,2048,w4a16_16_64_256_s1,evicted128MiB,1,30.5547,0,0,38.6078
5,1024,2048,w4a16_16_64_256_s1,evicted128MiB,2,30.6251,0,0,38.519
5,1024,2048,w4a16_16_32_128_s4,warm,0,10.2582,0,0,114.995
5,1024,2048,w4a16_16_32_128_s4,warm,1,10.2387,0,0,115.214
5,1024,2048,w4a16_16_32_128_s4,warm,2,10.2378,0,0,115.225
5,1024,2048,w4a16_16_32_128_s4,evicted128MiB,0,23.6523,0,0,49.8746
5,1024,2048,w4a16_16_32_128_s4,evicted128MiB,1,22.1941,0,0,53.1514
5,1024,2048,w4a16_16_32_128_s4,evicted128MiB,2,21.2469,0,0,55.5209
5,1024,2048,w4a16_16_64_256_s4,warm,0,12.2854,0,0,96.02
5,1024,2048,w4a16_16_64_256_s4,warm,1,12.2867,0,0,96.01
5,1024,2048,w4a16_16_64_256_s4,warm,2,12.2867,0,0,96.01
5,1024,2048,w4a16_16_64_256_s4,evicted128MiB,0,30.7776,0,0,38.3281
5,1024,2048,w4a16_16_64_256_s4,evicted128MiB,1,30.8128,0,0,38.2844
5,1024,2048,w4a16_16_64_256_s4,evicted128MiB,2,30.7701,0,0,38.3374
5,1024,2048,w4a4_16_32_128_s1_aligned,warm,0,8.19008,0,0,144.034
5,1024,2048,w4a4_16_32_128_s1_aligned,warm,1,8.19072,0,0,144.022
5,1024,2048,w4a4_16_32_128_s1_aligned,warm,2,8.19072,0,0,144.022
5,1024,2048,w4a4_16_32_128_s1_aligned,evicted128MiB,0,19.8976,0,0,59.2859
5,1024,2048,w4a4_16_32_128_s1_aligned,evicted128MiB,1,20.0363,0,0,58.8756
5,1024,2048,w4a4_16_32_128_s1_aligned,evicted128MiB,2,19.7899,0,0,59.6087
5,1024,2048,w4a4_16_64_256_s1_aligned,warm,0,6.16288,0,0,191.412
5,1024,2048,w4a4_16_64_256_s1_aligned,warm,1,6.14272,0,0,192.04
5,1024,2048,w4a4_16_64_256_s1_aligned,warm,2,6.14272,0,0,192.04
5,1024,2048,w4a4_16_64_256_s1_aligned,evicted128MiB,0,17.5093,0,0,67.3725
5,1024,2048,w4a4_16_64_256_s1_aligned,evicted128MiB,1,17.104,0,0,68.9691
5,1024,2048,w4a4_16_64_256_s1_aligned,evicted128MiB,2,17.3504,0,0,67.9897
5,1024,2048,w4a16_16_64_256_s1_aligned,warm,0,10.2797,0,0,114.755
5,1024,2048,w4a16_16_64_256_s1_aligned,warm,1,10.2592,0,0,114.984
5,1024,2048,w4a16_16_64_256_s1_aligned,warm,2,10.2589,0,0,114.988
5,1024,2048,w4a16_16_64_256_s1_aligned,evicted128MiB,0,20.1813,0,0,58.4524
5,1024,2048,w4a16_16_64_256_s1_aligned,evicted128MiB,1,20.0939,0,0,58.7069
5,1024,2048,w4a16_16_64_256_s1_aligned,evicted128MiB,2,19.9573,0,0,59.1085
5,1024,2048,gemv_w4a16_m1_k512_w4,warm,0,16.4019,0,0,71.9213
5,1024,2048,gemv_w4a16_m1_k512_w4,warm,1,16.3827,0,0,72.0056
5,1024,2048,gemv_w4a16_m1_k512_w4,warm,2,16.3827,0,0,72.0056
5,1024,2048,gemv_w4a16_m1_k512_w4,evicted128MiB,0,29.0517,0,0,40.6051
5,1024,2048,gemv_w4a16_m1_k512_w4,evicted128MiB,1,38.384,0,0,30.7328
5,1024,2048,gemv_w4a16_m1_k512_w4,evicted128MiB,2,24.2752,0,0,48.5948
5,1024,2048,gemv_w4a16_m1_k1024_w4,warm,0,14.3757,0,0,82.0586
5,1024,2048,gemv_w4a16_m1_k1024_w4,warm,1,14.3539,0,0,82.183
5,1024,2048,gemv_w4a16_m1_k1024_w4,warm,2,14.3552,0,0,82.1757
5,1024,2048,gemv_w4a16_m1_k1024_w4,evicted128MiB,0,18.2453,0,0,64.6548
5,1024,2048,gemv_w4a16_m1_k1024_w4,evicted128MiB,1,18.2357,0,0,64.6888
5,1024,2048,gemv_w4a16_m1_k1024_w4,evicted128MiB,2,18.112,0,0,65.1307
5,1024,2048,gemv_w4a16_m4_k512_w4,warm,0,14.3328,0,0,82.3041
5,1024,2048,gemv_w4a16_m4_k512_w4,warm,1,14.3347,0,0,82.2931
5,1024,2048,gemv_w4a16_m4_k512_w4,warm,2,14.3347,0,0,82.2931
5,1024,2048,gemv_w4a16_m4_k512_w4,evicted128MiB,0,20.9728,0,0,56.2466
5,1024,2048,gemv_w4a16_m4_k512_w4,evicted128MiB,1,27.648,0,0,42.6667
5,1024,2048,gemv_w4a16_m4_k512_w4,evicted128MiB,2,20.1621,0,0,58.5081
5,1024,2048,gemv_w4a16_m16_k512_w8,warm,0,24.5635,0,0,48.0244
5,1024,2048,gemv_w4a16_m16_k512_w8,warm,1,24.5738,0,0,48.0044
5,1024,2048,gemv_w4a16_m16_k512_w8,warm,2,24.5734,0,0,48.005
5,1024,2048,gemv_w4a16_m16_k512_w8,evicted128MiB,0,44.4928,0,0,26.5132
5,1024,2048,gemv_w4a16_m16_k512_w8,evicted128MiB,1,41.728,0,0,28.2699
5,1024,2048,gemv_w4a16_m16_k512_w8,evicted128MiB,2,36.5621,0,0,32.2642
16,1024,2048,cublas_bf16,warm,0,12.2858,0,0,341.396
16,1024,2048,cublas_bf16,warm,1,12.2864,0,0,341.378
16,1024,2048,cublas_bf16,warm,2,12.288,0,0,341.333
16,1024,2048,cublas_bf16,evicted128MiB,0,32.9504,0,0,127.291
16,1024,2048,cublas_bf16,evicted128MiB,1,34.3008,0,0,122.28
16,1024,2048,cublas_bf16,evicted128MiB,2,33.0688,0,0,126.836
16,1024,2048,w4a4_16_32_128_s1,warm,0,12.2867,0,0,96.01
16,1024,2048,w4a4_16_32_128_s1,warm,1,12.2867,0,0,96.01
16,1024,2048,w4a4_16_32_128_s1,warm,2,12.2867,0,0,96.01
16,1024,2048,w4a4_16_32_128_s1,evicted128MiB,0,28.992,0,0,40.6887
16,1024,2048,w4a4_16_32_128_s1,evicted128MiB,1,30.512,0,0,38.6618
16,1024,2048,w4a4_16_32_128_s1,evicted128MiB,2,24.3445,0,0,48.4564
16,1024,2048,w4a4_16_64_128_s1,warm,0,14.3334,0,0,82.3004
16,1024,2048,w4a4_16_64_128_s1,warm,1,14.6035,0,0,80.7783
16,1024,2048,w4a4_16_64_128_s1,warm,2,16.8214,0,0,70.1276
16,1024,2048,w4a4_16_64_128_s1,evicted128MiB,0,28.1824,0,0,41.8576
16,1024,2048,w4a4_16_64_128_s1,evicted128MiB,1,27.9531,0,0,42.201
16,1024,2048,w4a4_16_64_128_s1,evicted128MiB,2,27.7653,0,0,42.4864
16,1024,2048,w4a4_16_64_256_s1,warm,0,16.4016,0,0,71.9227
16,1024,2048,w4a4_16_64_256_s1,warm,1,16.383,0,0,72.0042
16,1024,2048,w4a4_16_64_256_s1,warm,2,16.3827,0,0,72.0056
16,1024,2048,w4a4_16_64_256_s1,evicted128MiB,0,37.4475,0,0,31.5014
16,1024,2048,w4a4_16_64_256_s1,evicted128MiB,1,39.1851,0,0,30.1045
16,1024,2048,w4a4_16_64_256_s1,evicted128MiB,2,32.4565,0,0,36.3455
16,1024,2048,w4a4_16_32_128_s4,warm,0,8.21152,0,0,143.658
16,1024,2048,w4a4_16_32_128_s4,warm,1,8.21152,0,0,143.658
16,1024,2048,w4a4_16_32_128_s4,warm,2,8.21056,0,0,143.674
16,1024,2048,w4a4_16_32_128_s4,evicted128MiB,0,20.1643,0,0,58.5019
16,1024,2048,w4a4_16_32_128_s4,evicted128MiB,1,20.1568,0,0,58.5236
16,1024,2048,w4a4_16_32_128_s4,evicted128MiB,2,20.1621,0,0,58.5081
16,1024,2048,w4a4_16_64_256_s4,warm,0,10.361,0,0,113.855
16,1024,2048,w4a4_16_64_256_s4,warm,1,10.32,0,0,114.307
16,1024,2048,w4a4_16_64_256_s4,warm,2,10.2995,0,0,114.534
16,1024,2048,w4a4_16_64_256_s4,evicted128MiB,0,30.128,0,0,39.1545
16,1024,2048,w4a4_16_64_256_s4,evicted128MiB,1,30.0939,0,0,39.199
16,1024,2048,w4a4_16_64_256_s4,evicted128MiB,2,29.7899,0,0,39.599
16,1024,2048,w4a16_16_32_128_s1,warm,0,14.3539,0,0,82.183
16,1024,2048,w4a16_16_32_128_s1,warm,1,14.3546,0,0,82.1793
16,1024,2048,w4a16_16_32_128_s1,warm,2,14.3549,0,0,82.1775
16,1024,2048,w4a16_16_32_128_s1,evicted128MiB,0,27.6512,0,0,42.6617
16,1024,2048,w4a16_16_32_128_s1,evicted128MiB,1,26.6592,0,0,44.2492
16,1024,2048,w4a16_16_32_128_s1,evicted128MiB,2,25.7109,0,0,45.8812
16,1024,2048,w4a16_16_64_128_s1,warm,0,16.4022,0,0,71.9199
16,1024,2048,w4a16_16_64_128_s1,warm,1,16.4032,0,0,71.9157
16,1024,2048,w4a16_16_64_128_s1,warm,2,16.4029,0,0,71.9171
16,1024,2048,w4a16_16_64_128_s1,evicted128MiB,0,28.7691,0,0,41.004
16,1024,2048,w4a16_16_64_128_s1,evicted128MiB,1,28.7136,0,0,41.0832
16,1024,2048,w4a16_16_64_128_s1,evicted128MiB,2,28.8309,0,0,40.9161
16,1024,2048,w4a16_16_64_256_s1,warm,0,18.4298,0,0,64.0078
16,1024,2048,w4a16_16_64_256_s1,warm,1,18.5318,0,0,63.6552
16,1024,2048,w4a16_16_64_256_s1,warm,2,18.4298,0,0,64.0078
16,1024,2048,w4a16_16_64_256_s1,evicted128MiB,0,33.6288,0,0,35.0785
16,1024,2048,w4a16_16_64_256_s1,evicted128MiB,1,38.2965,0,0,30.803
16,1024,2048,w4a16_16_64_256_s1,evicted128MiB,2,33.0859,0,0,35.6541
16,1024,2048,w4a16_16_32_128_s4,warm,0,10.2579,0,0,114.999
16,1024,2048,w4a16_16_32_128_s4,warm,1,10.2586,0,0,114.992
16,1024,2048,w4a16_16_32_128_s4,warm,2,10.2573,0,0,115.006
16,1024,2048,w4a16_16_32_128_s4,evicted128MiB,0,21.2192,0,0,55.5934
16,1024,2048,w4a16_16_32_128_s4,evicted128MiB,1,21.3685,0,0,55.2049
16,1024,2048,w4a16_16_32_128_s4,evicted128MiB,2,21.2107,0,0,55.6158
16,1024,2048,w4a16_16_64_256_s4,warm,0,12.2858,0,0,96.0175
16,1024,2048,w4a16_16_64_256_s4,warm,1,12.2854,0,0,96.02
16,1024,2048,w4a16_16_64_256_s4,warm,2,12.3069,0,0,95.8527
16,1024,2048,w4a16_16_64_256_s4,evicted128MiB,0,31.0549,0,0,37.9859
16,1024,2048,w4a16_16_64_256_s4,evicted128MiB,1,31.2907,0,0,37.6997
16,1024,2048,w4a16_16_64_256_s4,evicted128MiB,2,31.0464,0,0,37.9963
16,1024,2048,w4a4_16_32_128_s1_aligned,warm,0,8.20896,0,0,143.702
16,1024,2048,w4a4_16_32_128_s1_aligned,warm,1,8.21056,0,0,143.674
16,1024,2048,w4a4_16_32_128_s1_aligned,warm,2,8.21024,0,0,143.68
16,1024,2048,w4a4_16_32_128_s1_aligned,evicted128MiB,0,20.16,0,0,58.5143
16,1024,2048,w4a4_16_32_128_s1_aligned,evicted128MiB,1,20.1739,0,0,58.4741
16,1024,2048,w4a4_16_32_128_s1_aligned,evicted128MiB,2,20.1045,0,0,58.6757
16,1024,2048,w4a4_16_64_256_s1_aligned,warm,0,6.16192,0,0,191.442
16,1024,2048,w4a4_16_64_256_s1_aligned,warm,1,6.16128,0,0,191.461
16,1024,2048,w4a4_16_64_256_s1_aligned,warm,2,6.1632,0,0,191.402
16,1024,2048,w4a4_16_64_256_s1_aligned,evicted128MiB,0,17.8581,0,0,66.0566
16,1024,2048,w4a4_16_64_256_s1_aligned,evicted128MiB,1,17.6565,0,0,66.8108
16,1024,2048,w4a4_16_64_256_s1_aligned,evicted128MiB,2,17.6512,0,0,66.831
16,1024,2048,w4a16_16_64_256_s1_aligned,warm,0,12.2864,0,0,96.0125
16,1024,2048,w4a16_16_64_256_s1_aligned,warm,1,12.2867,0,0,96.01
16,1024,2048,w4a16_16_64_256_s1_aligned,warm,2,12.2867,0,0,96.01
16,1024,2048,w4a16_16_64_256_s1_aligned,evicted128MiB,0,23.3141,0,0,50.598
16,1024,2048,w4a16_16_64_256_s1_aligned,evicted128MiB,1,23.3728,0,0,50.471
16,1024,2048,w4a16_16_64_256_s1_aligned,evicted128MiB,2,23.1691,0,0,50.9148
16,1024,2048,gemv_w4a16_m1_k512_w4,warm,0,47.1018,0,0,25.0447
16,1024,2048,gemv_w4a16_m1_k512_w4,warm,1,47.0813,0,0,25.0556
16,1024,2048,gemv_w4a16_m1_k512_w4,warm,2,47.1018,0,0,25.0447
16,1024,2048,gemv_w4a16_m1_k512_w4,evicted128MiB,0,79.3899,0,0,14.8589
16,1024,2048,gemv_w4a16_m1_k512_w4,evicted128MiB,1,71.3312,0,0,16.5376
16,1024,2048,gemv_w4a16_m1_k512_w4,evicted128MiB,2,65.2203,0,0,18.0871
16,1024,2048,gemv_w4a16_m1_k1024_w4,warm,0,40.9578,0,0,28.8016
16,1024,2048,gemv_w4a16_m1_k1024_w4,warm,1,40.937,0,0,28.8162
16,1024,2048,gemv_w4a16_m1_k1024_w4,warm,2,40.9674,0,0,28.7948
16,1024,2048,gemv_w4a16_m1_k1024_w4,evicted128MiB,0,63.328,0,0,18.6276
16,1024,2048,gemv_w4a16_m1_k1024_w4,evicted128MiB,1,50.7563,0,0,23.2414
16,1024,2048,gemv_w4a16_m1_k1024_w4,evicted128MiB,2,50.2763,0,0,23.4633
16,1024,2048,gemv_w4a16_m4_k512_w4,warm,0,25.8947,0,0,45.5555
16,1024,2048,gemv_w4a16_m4_k512_w4,warm,1,25.5763,0,0,46.1227
16,1024,2048,gemv_w4a16_m4_k512_w4,warm,2,25.7309,0,0,45.8456
16,1024,2048,gemv_w4a16_m4_k512_w4,evicted128MiB,0,39.0784,0,0,30.1867
16,1024,2048,gemv_w4a16_m4_k512_w4,evicted128MiB,1,39.6981,0,0,29.7154
16,1024,2048,gemv_w4a16_m4_k512_w4,evicted128MiB,2,34.5024,0,0,34.1903
16,1024,2048,gemv_w4a16_m16_k512_w8,warm,0,26.1997,0,0,45.0253
16,1024,2048,gemv_w4a16_m16_k512_w8,warm,1,26.4067,0,0,44.6723
16,1024,2048,gemv_w4a16_m16_k512_w8,warm,2,26.2416,0,0,44.9534
16,1024,2048,gemv_w4a16_m16_k512_w8,evicted128MiB,0,42.0768,0,0,28.0356
16,1024,2048,gemv_w4a16_m16_k512_w8,evicted128MiB,1,39.0475,0,0,30.2106
16,1024,2048,gemv_w4a16_m16_k512_w8,evicted128MiB,2,43.6373,0,0,27.033
